ACCIDENT_YEAR,COLLISION_DATE,COLLISION_TIME,MONTH,SEASON,24HOURS,DAY_OF_WEEK,INTERSECTION,WEATHER_1,STATE_HWY_IND,ROAD_SURFACE,ROAD_COND_1,LIGHTING,STWD_VEHTYPE_AT_FAULT,CHP_VEHTYPE_AT_FAULT,DIRECTION,PCF_VIOL_CATEGORY,TYPE_OF_COLLISION,PEDESTRIAN_ACCIDENT,BICYCLE_ACCIDENT,MOTORCYCLE_ACCIDENT,TRUCK_ACCIDENT,MVIW,TOW_AWAY,HIT_AND_RUN,CONTROL_DEVICE,NUMBER_INJURED,COUNT_PED_INJURED,COUNT_BICYCLIST_INJURED,COUNT_MC_INJURED,PCF_VIOLATION,PARTY_COUNT,POINT_Y,POINT_X,COLLISION_SEVERITY
2011,2011-09-10,13,9,3,0,6,N,B,Y,A,H,C,A,01,N,01,B,,,,,C,Y,N,D,1,0,0,0,23152.0,3,37.7320817,-122.41772605,3
2011,2011-09-10,1958,9,3,19,6,N,A,Y,A,H,D,A,07,S,07,C,,,,,C,Y,N,D,1,0,0,0,21658.0,2,37.76494359,-122.40514885,4
2011,2011-09-08,1257,9,3,12,4,Y,A,N,A,H,A,G,27,,06,B,Y,,,Y,C,Y,N,D,1,1,0,0,21750.0,3,37.78585,-122.4015,3
2011,2011-09-08,1539,9,3,15,4,Y,A,N,A,H,A,I,12,,10,G,Y,,,,B,N,N,A,1,1,0,0,21950.0,2,37.7293,-122.39275,2
2011,2011-09-11,751,9,3,7,7,N,B,N,-,H,A,N,,N,17,G,Y,,,,B,N,N,A,1,1,0,0,21712.0,2,37.78414477,-122.40820555,3
2011,2011-09-16,1142,9,3,11,5,N,A,N,A,H,A,D,23,N,06,D,,Y,,,G,N,N,A,1,0,1,0,21755.0,2,37.78690925,-122.41998402,4
2011,2011-09-14,1759,9,3,17,3,N,A,N,A,H,A,L,04,E,07,B,,Y,,,G,N,F,D,1,0,1,0,21658.0,2,37.7979437,-122.40650241,3
2011,2011-08-03,1138,8,2,11,3,N,A,N,A,H,A,-,- ,N,10,G,Y,,,,B,,N,A,1,1,0,0,21950.0,2,37.71771909,-122.44017244,4
2011,2011-09-13,755,9,3,7,2,N,B,Y,A,H,A,C,02,N,06,B,,,Y,,C,N,N,A,1,0,0,1,21755.0,2,37.72651498,-122.44591316,3
2011,2011-08-23,812,8,2,8,2,Y,A,N,A,G,A,A,01,,08,B,,,Y,,C,N,N,A,1,0,0,1,22107.0,2,37.78624,-122.40973,3
2011,2011-08-29,1401,8,2,14,1,N,A,N,A,H,A,A,01,S,03,C,,,,,C,N,N,D,1,0,0,0,22350.0,2,37.76461678,-122.42412891,4
2011,2011-08-30,2211,8,2,22,2,Y,E,N,A,H,C,-,- ,,00,D,,,,,C,Y,N,A,1,0,0,0,,2,37.78063,-122.42376,4
2011,2011-08-25,1339,8,2,13,4,N,A,N,A,H,A,A,07,W,03,C,,,,,C,N,N,D,2,0,0,0,22350.0,3,37.77340204,-122.39971928,2
2011,2011-08-30,747,8,2,7,2,N,A,N,A,H,A,C,02,N,03,C,,,Y,,C,Y,N,D,1,0,0,1,22350.0,2,37.78043451,-122.42201865,4
2011,2011-08-31,930,8,2,9,3,Y,A,N,A,H,A,A,01,,12,D,,,,,C,Y,N,A,1,0,0,0,22450.0,2,37.79254,-122.44135,4
2011,2011-08-23,2007,8,2,20,2,Y,A,N,A,H,B,A,01,,12,D,,,,,C,Y,N,A,2,0,0,0,21453.0,2,37.78381,-122.43789,4
2011,2011-08-24,728,8,2,7,3,Y,E,N,B,H,A,A,01,,09,D,,,Y,,C,Y,N,A,1,0,0,1,21802.0,2,37.77524,-122.46713,3
2011,2011-08-28,1655,8,2,16,7,N,B,Y,A,H,A,A,07,N,07,B,,,Y,,C,N,N,D,2,0,0,2,21658.0,2,37.80788734,-122.47636674,3
2011,2011-08-27,2000,8,2,20,6,N,A,Y,A,H,B,A,01,S,21,C,,,,,C,Y,N,D,2,0,0,0,22106.0,3,37.80389898,-122.47178117,4
2011,2011-08-27,845,8,2,8,6,N,E,N,B,H,A,-,- ,S,00,H,,Y,,,G,N,N,D,1,0,1,0,,2,,,4
2011,2011-09-20,1524,9,3,15,2,N,A,N,A,H,A,A,01,S,03,A,,,,,C,Y,N,A,2,0,0,0,22350.0,3,37.76872317,-122.43578376,4
2011,2011-09-23,1807,9,3,18,5,N,A,N,A,H,A,D,23,E,03,A,,,,,C,Y,N,D,1,0,0,0,22350.0,2,37.75348017,-122.4252666,4
2011,2011-09-20,1510,9,3,15,2,N,A,N,A,H,A,D,22,N,03,C,,,,,C,N,N,A,2,0,0,0,22350.0,2,37.72332283,-122.3953191,4
2011,2011-09-24,1759,9,3,17,6,N,A,N,A,D,A,I,11,W,08,B,,,,,C,N,N,D,1,0,0,0,22107.0,2,37.78659655,-122.40707377,4
2011,2011-09-24,1753,9,3,17,6,N,B,N,A,H,A,A,08,N,08,D,,,,,E,Y,N,D,4,0,0,0,22107.0,2,37.79353415,-122.40783614,3
2011,2011-09-28,1820,9,3,18,3,N,A,Y,A,H,A,C,02,W,03,B,,,Y,,C,Y,N,D,1,0,0,1,22350.0,4,37.77822546,-122.4008832,4
2011,2011-09-30,1755,9,3,17,5,N,A,Y,A,H,B,A,01,S,04,C,,,,,C,N,N,D,1,0,0,0,21703.0,2,37.73154498,-122.4247031,4
2011,2011-09-18,1750,9,3,17,7,N,A,Y,A,H,A,A,01,N,03,C,,,,,C,Y,N,D,1,0,0,0,22350.0,2,37.71500936,-122.39817815,4
2011,2011-09-17,1725,9,3,17,6,N,A,Y,A,H,A,A,01,E,03,C,,,,,C,N,F,D,3,0,0,0,22350.0,3,37.78265354,-122.39550801,4
2011,2011-09-12,1231,9,3,12,1,N,A,N,A,H,A,F,56,S,03,C,,,,Y,C,Y,N,D,2,0,0,0,22350.0,4,37.71720663,-122.48516572,4
2011,2011-09-18,1027,9,3,10,7,N,A,N,A,H,A,A,07,E,03,C,,,,,E,N,N,D,1,0,0,0,22350.0,4,37.71601273,-122.44025147,3
2011,2011-09-22,1825,9,3,18,4,N,A,N,A,H,A,N,60,E,11,C,Y,,,,C,Y,N,-,1,0,0,0,21955.0,3,37.78778575,-122.4200612,4
2011,2011-09-18,1731,9,3,17,7,Y,A,N,A,H,A,A,01,,12,D,,,,,C,Y,N,A,1,0,0,0,21453.0,2,37.793601,-122.40459,4
2011,2011-09-20,1429,9,3,14,2,N,A,N,A,H,A,-,- ,N,00,C,,,,,C,Y,N,D,1,0,0,0,,2,37.7731382,-122.42395218,4
2011,2011-09-22,6,9,3,0,4,N,A,N,A,H,C,-,- ,E,08,A,,,,,E,Y,N,A,1,0,0,0,22107.0,2,37.73947135,-122.40171734,3
2011,2011-09-22,825,9,3,8,4,Y,A,N,A,H,A,M,47,,06,B,,,,,C,N,F,D,2,0,0,0,21751.0,2,37.74035,-122.38884,4
2011,2011-08-23,1324,8,2,13,2,Y,A,N,A,H,A,-,- ,,08,B,,,,,C,Y,N,A,1,0,0,0,22107.0,2,37.76048,-122.38857,3
2011,2011-08-24,2246,8,2,22,3,Y,A,N,A,H,C,A,01,,07,B,,,Y,,C,N,N,D,1,0,0,1,21658.0,2,37.7803,-122.43382,4
2011,2011-08-23,1704,8,2,17,2,N,A,N,A,H,A,C,02,S,03,F,,,Y,,I,Y,N,A,1,0,0,1,22350.0,1,37.74991596,-122.44350262,4
2011,2011-08-24,1437,8,2,14,3,N,A,N,A,H,A,C,02,N,03,D,,,Y,,C,,N,A,1,0,0,1,22350.0,2,37.7879004,-122.41177439,4
2011,2011-08-24,2230,8,2,22,3,N,A,N,A,H,C,A,01,N,03,C,,,,,C,N,F,A,1,0,0,0,22350.0,2,37.75682335,-122.40670655,4
2011,2011-08-23,2337,8,2,23,2,Y,A,N,A,H,C,A,01,,07,B,,,,,E,Y,M,A,1,0,0,0,21658.0,2,37.78344,-122.42431,4
2011,2011-09-05,1929,9,3,19,1,N,A,N,A,H,A,A,01,E,01,C,,,,,C,Y,F,D,1,0,0,0,23152.0,3,37.78100326,-122.46383528,4
2011,2011-09-04,1905,9,3,19,7,Y,B,N,A,H,B,C,02,,01,D,,,Y,,C,Y,N,A,1,0,0,1,23152.0,3,37.71535,-122.44593,2
2011,2011-09-02,915,9,3,9,5,Y,A,N,A,H,A,A,01,,07,H,,,,,C,N,N,A,1,0,0,0,21658.0,2,37.77505,-122.42263,4
2011,2011-09-01,2011,9,3,20,4,N,A,N,A,H,B,C,02,S,03,H,,,Y,,A,N,N,D,1,0,0,1,22350.0,1,37.77249009,-122.4070273,4
2011,2011-09-01,858,9,3,8,4,N,A,N,A,H,A,A,01,W,03,C,,,,,C,N,F,D,1,0,0,0,22350.0,2,37.72557709,-122.46298583,4
2011,2011-08-28,1207,8,2,12,7,N,A,N,A,H,A,A,01,W,03,C,,,Y,,C,N,N,D,2,0,0,2,22350.0,2,37.78953223,-122.39792081,4
2011,2011-08-20,1300,8,2,13,6,Y,A,N,A,H,A,L,04,,03,D,,Y,,,G,N,N,A,1,0,1,0,22350.0,2,37.77315,-122.43745,4
2011,2011-08-20,2308,8,2,23,6,N,A,N,A,H,C,A,01,N,03,A,,,,,C,Y,M,D,1,0,0,0,22350.0,3,37.71366522,-122.40000492,3
2011,2011-08-27,1630,8,2,16,6,N,A,N,A,H,A,A,01,E,03,H,,,,,C,N,N,D,1,0,0,0,22350.0,3,37.78197124,-122.45188502,4
2011,2011-08-26,1630,8,2,16,5,Y,A,N,A,H,A,-,- ,,09,D,,,,,C,Y,N,A,1,0,0,0,21806.0,2,37.78926,-122.40864,4
2011,2011-08-13,1019,8,2,10,6,Y,B,N,A,H,A,A,01,,03,C,,,,,C,Y,N,A,1,0,0,0,22350.0,2,37.73499,-122.49406,4
2011,2011-08-25,1547,8,2,15,4,N,A,N,A,H,A,A,01,E,03,C,,,,,C,Y,N,A,1,0,0,0,22350.0,3,37.74832686,-122.41361479,4
2011,2011-08-14,1232,8,2,12,7,N,A,N,A,H,A,-,- ,W,03,C,,,,,C,N,F,D,3,0,0,0,22350.0,2,37.78669126,-122.41376618,4
2011,2011-08-12,854,8,2,8,5,N,B,N,A,H,A,-,- ,N,18,E,,,,,I,Y,N,D,1,0,0,0,,1,37.7739461,-122.41974415,3
2011,2011-08-13,809,8,2,8,6,N,A,N,A,H,A,-,- ,S,18,H,,,,,E,Y,N,D,1,0,0,0,,3,37.762885,-122.40730639,4
2011,2011-08-23,1125,8,2,11,2,N,A,N,A,H,A,-,- ,S,18,E,,,,,I,N,N,A,1,0,0,0,,1,37.74724741,-122.4948805,4
2011,2011-08-21,1245,8,2,12,7,N,A,N,A,G,A,A,01,E,07,D,,,,,C,Y,N,A,2,0,0,0,21658.0,2,37.71071753,-122.38599779,4
2011,2011-08-26,2336,8,2,23,5,N,A,N,A,H,C,A,01,S,03,C,,,,,C,N,F,A,1,0,0,0,22350.0,2,37.78093492,-122.4086758,4
2011,2011-08-26,1601,8,2,16,5,N,A,N,A,H,A,-,- ,S,- ,A,,,,,I,Y,N,D,1,0,0,0,,1,37.74658498,-122.44360771,4
2011,2011-08-26,1157,8,2,11,5,Y,A,N,A,H,A,A,01,,12,D,,,,,C,Y,N,A,2,0,0,0,21457.0,2,37.79209,-122.40922,4
2011,2011-08-26,812,8,2,8,5,Y,A,N,A,H,A,A,01,,09,D,,,,,C,Y,N,A,1,0,0,0,21802.0,2,37.78497,-122.46137,4
2011,2011-08-25,757,8,2,7,4,Y,A,N,A,H,A,A,01,,12,D,,,,,C,Y,N,A,3,0,0,0,22450.0,2,37.72517,-122.39038,4
2011,2011-08-25,1351,8,2,13,4,Y,A,N,A,H,A,A,08,,01,D,,,,,C,Y,N,A,1,0,0,0,23153.0,2,37.73991,-122.42433,4
2011,2011-10-02,1110,10,3,11,7,N,A,Y,A,H,A,A,01,N,03,C,,,,,C,Y,N,D,1,0,0,0,22350.0,4,37.75836875,-122.40505186,4
2011,2011-10-01,2020,10,3,20,6,N,A,Y,A,H,C,D,22,E,03,C,,,,,C,N,M,D,3,0,0,0,22350.0,2,37.7743753,-122.40667973,4
2011,2011-10-05,1815,10,3,18,3,N,A,Y,A,H,A,A,01,S,03,C,,,,,C,Y,N,D,1,0,0,0,22350.0,2,37.74728499,-122.40455316,4
2011,2011-09-28,809,9,3,8,3,N,A,N,A,H,A,C,02,E,09,D,,,Y,,C,N,N,D,1,0,0,1,21804.0,2,37.71142939,-122.45855451,4
2011,2011-09-30,1104,9,3,11,5,Y,A,N,A,H,A,D,22,,12,D,,,,,C,Y,N,A,2,0,0,0,21453.0,3,37.7802,-122.42705,4
2011,2011-09-27,1428,9,3,14,2,N,A,N,A,H,A,A,01,N,02,C,,,,,C,N,N,D,1,0,0,0,22400.0,2,37.71160255,-122.47341424,4
2011,2011-09-27,1355,9,3,13,2,N,A,N,A,H,A,A,01,E,03,F,,,,,C,Y,N,D,1,0,0,0,22350.0,3,37.71815066,-122.39249394,3
2011,2011-09-28,906,9,3,9,3,N,A,N,A,H,A,D,82,S,08,B,,Y,,,G,N,N,A,1,0,1,0,22107.0,2,37.78087407,-122.45889487,4
2011,2011-02-09,1144,2,4,11,3,Y,A,N,A,-,A,L,04,,10,D,Y,Y,,,-,N,M,-,1,1,0,0,21950.0,2,37.76291,-122.45983,3
2011,2011-09-30,2105,9,3,21,5,N,A,N,A,H,C,A,01,E,03,C,,,,,C,N,N,A,4,0,0,0,22350.0,2,37.77689411,-122.43805929,4
2011,2011-09-29,1201,9,3,12,4,N,A,N,A,H,A,A,01,N,07,D,,,Y,,C,,N,D,1,0,0,1,21658.0,2,37.74680565,-122.40303126,2
2011,2011-09-28,2023,9,3,20,3,N,A,N,A,H,C,A,01,W,08,D,,,,,C,Y,N,A,1,0,0,0,22107.0,3,37.78864891,-122.4360292,3
2011,2011-09-29,1750,9,3,17,4,Y,A,N,A,H,A,A,01,,10,G,Y,,,,B,N,N,A,1,1,0,0,21950.0,2,37.77312042,-122.43745923,4
2011,2011-09-26,1521,9,3,15,1,Y,A,N,A,H,A,A,01,,10,G,Y,,,,B,N,N,A,1,1,0,0,21950.0,2,37.79131,-122.39254,3
2011,2011-09-29,1657,9,3,16,4,N,A,N,A,H,A,N,60,E,11,G,Y,,,,B,N,N,A,1,1,0,0,21954.0,2,37.75875748,-122.41689829,3
2011,2011-09-30,2001,9,3,20,5,N,A,N,A,H,C,A,07,E,08,H,,,Y,,A,N,N,D,1,0,0,1,22107.0,2,37.76995357,-122.41551145,3
2011,2011-09-30,1620,9,3,16,5,Y,A,N,A,H,A,A,01,,08,D,,,Y,,C,Y,N,A,1,0,0,1,22101.0,2,37.77014,-122.42023,3
2011,2011-09-28,2232,9,3,22,3,N,A,N,A,H,C,A,01,E,03,D,,,,,C,Y,N,A,1,0,0,0,22350.0,2,37.74800368,-122.42227008,4
2011,2011-09-27,1932,9,3,19,2,Y,-,N,A,H,C,A,01,,10,A,Y,,,,B,Y,F,A,1,1,0,0,21950.0,2,37.72159,-122.4727,4
2011,2011-09-29,940,9,3,9,4,N,A,N,A,H,A,A,01,E,09,D,,,,,C,N,N,A,1,0,0,0,21804.0,2,37.76568178,-122.40961698,4
2011,2011-09-30,454,9,3,4,5,Y,A,N,A,H,C,A,01,,08,-,,,Y,,C,,N,A,1,0,0,1,22107.0,2,37.77853,-122.40564,4
2011,2011-09-29,945,9,3,9,4,Y,A,N,A,H,A,-,- ,,18,H,,,,,E,Y,N,A,1,0,0,0,,2,37.80552,-122.42208,4
2011,2011-09-19,1025,9,3,10,1,N,A,N,A,H,A,A,01,W,03,C,,,Y,,C,Y,N,A,1,0,0,1,22350.0,2,37.76934624,-122.41569175,4
2011,2011-09-30,840,9,3,8,5,N,A,N,A,H,A,A,01,S,04,C,,,,,C,N,N,D,1,0,0,0,21703.0,2,37.72339456,-122.4721761,4
2011,2011-09-28,1009,9,3,10,3,N,A,N,A,H,A,-,- ,E,04,C,,,,,C,Y,N,A,1,0,0,0,21703.0,2,37.77235595,-122.48956859,4
2011,2011-09-28,639,9,3,6,3,N,A,N,A,H,B,-,- ,W,03,C,,,,,C,Y,N,D,1,0,0,0,22350.0,2,37.77573445,-122.42477882,4
2011,2011-09-10,1953,9,3,19,6,Y,A,N,A,H,C,-,- ,,12,D,,,,,C,Y,N,A,1,0,0,0,21453.0,2,37.77751,-122.41807,4
2011,2011-09-27,1600,9,3,16,2,Y,A,N,A,H,A,A,01,,12,D,,,,,C,Y,N,A,2,0,0,0,21453.0,2,37.78063,-122.42376,4
2011,2011-09-03,815,9,3,8,6,N,B,N,A,H,A,A,01,S,10,G,Y,,,,B,N,N,A,1,1,0,0,21950.0,2,37.77931737,-122.40773318,4
2011,2011-09-28,1612,9,3,16,3,N,A,N,A,H,A,A,01,S,03,C,,,,,C,N,N,A,1,0,0,0,22350.0,2,37.75866456,-122.4169351,4
2011,2011-09-30,2229,9,3,22,5,Y,A,N,A,H,C,N,60,,11,G,Y,,,,C,N,N,A,1,1,0,0,21451.0,2,37.77922,-122.41094,3
2011,2011-09-26,1406,9,3,14,1,Y,A,N,A,H,A,-,- ,,08,C,,,,,C,Y,N,A,1,0,0,0,22107.0,2,37.78736,-122.42344,4
2011,2011-09-27,830,9,3,8,2,N,A,N,A,H,A,-,- ,E,10,G,Y,,,,B,N,N,A,1,1,0,0,21950.0,2,37.73213574,-122.48978244,3
2011,2011-09-27,847,9,3,8,2,Y,A,N,A,H,A,A,01,,10,G,Y,,,,B,N,N,A,1,1,0,0,21950.0,2,37.79186,-122.43948,4
2011,2011-09-28,2242,9,3,22,3,Y,A,N,A,H,C,N,60,,11,G,Y,,,,B,N,N,A,1,1,0,0,21456.0,2,37.7729,-122.45431,3
2011,2011-09-27,1158,9,3,11,2,Y,A,N,A,H,A,A,01,,12,A,Y,,,,B,N,N,A,1,1,0,0,21453.0,2,37.7834,-122.43951,4
2011,2011-09-30,1824,9,3,18,5,N,A,N,A,H,A,A,01,E,03,C,,,,,C,Y,N,A,2,0,0,0,22350.0,2,37.73460074,-122.47466556,4
2011,2011-09-28,1610,9,3,16,3,N,A,N,A,H,A,-,- ,E,10,G,Y,,,,B,N,N,A,1,1,0,0,21950.0,2,37.77176641,-122.46203886,3
2011,2011-09-26,1315,9,3,13,1,N,A,N,A,H,A,A,01,E,21,G,Y,,,,B,N,N,D,1,1,0,0,22106.0,2,37.78315547,-122.4188092,4
2011,2011-09-28,1115,9,3,11,3,N,A,N,A,H,A,A,01,E,10,G,Y,,,,B,N,F,D,1,1,0,0,21952.0,2,37.77201621,-122.43133746,4
2011,2011-09-28,850,9,3,8,3,N,A,N,-,H,A,-,- ,S,- ,G,Y,,,,B,N,N,A,1,1,0,0,,2,37.77993695,-122.47832928,4
2011,2011-09-28,725,9,3,7,3,Y,A,N,A,H,A,A,01,,10,G,Y,,,,B,N,N,A,1,1,0,0,21950.0,2,37.77341,-122.46592,2
2011,2011-09-13,910,9,3,9,2,Y,A,N,A,H,A,A,08,,09,D,,,,,C,Y,N,A,1,0,0,0,21802.0,2,37.72114,-122.40311,4
2011,2011-09-15,1756,9,3,17,4,Y,A,N,A,H,A,A,01,,09,A,,,,,C,N,N,A,1,0,0,0,21801.0,2,37.70906,-122.39275,4
2011,2011-09-14,2227,9,3,22,3,Y,A,N,A,H,C,A,01,,09,A,,,,,C,Y,N,A,1,0,0,0,21801.0,2,37.79823,-122.40388,3
2011,2011-09-13,1744,9,3,17,2,N,A,N,A,H,A,A,07,S,08,F,,,,,E,Y,N,D,1,0,0,0,22107.0,2,37.73901327,-122.41886096,3
2011,2011-09-13,1651,9,3,16,2,Y,A,N,A,H,A,A,01,,09,D,,,,,C,Y,N,A,2,0,0,0,21801.0,2,37.78871,-122.4355,4
2011,2011-09-12,1803,9,3,18,1,N,A,N,A,B,A,-,- ,S,18,H,,,Y,,A,Y,N,D,2,0,0,2,,1,37.78504295,-122.41623746,2
2011,2011-09-13,1611,9,3,16,2,Y,A,N,A,H,A,A,01,,08,B,,,,,C,N,N,D,1,0,0,0,22102.0,2,37.78143,-122.40925,4
2011,2011-09-17,954,9,3,9,6,N,A,N,A,H,A,A,08,S,03,C,,,,,C,N,N,A,1,0,0,0,22350.0,2,37.75662073,-122.40668587,4
2011,2011-09-13,1550,9,3,15,2,Y,A,N,A,H,A,A,01,,12,D,,,,,C,Y,N,A,1,0,0,0,22450.0,2,37.79391,-122.41634,4
2011,2011-09-15,817,9,3,8,4,Y,B,N,A,H,A,A,01,,09,D,,,Y,,C,Y,N,A,2,0,0,2,21801.0,2,37.72894,-122.44016,4
2011,2011-09-12,1149,9,3,11,1,N,A,N,A,H,A,A,01,E,03,D,,,,,E,N,N,D,2,0,0,0,22350.0,2,37.79191713,-122.41061372,3
2011,2011-09-10,1130,9,3,11,6,N,A,N,A,H,A,A,01,E,21,H,,,,,A,N,N,A,1,0,0,0,22106.0,1,37.78927147,-122.40860189,3
2011,2011-09-12,2313,9,3,23,1,N,A,N,A,H,C,A,01,E,08,B,,,Y,,C,N,N,D,1,0,0,1,22107.0,2,37.78459073,-122.43777491,3
2011,2011-09-13,3,9,3,0,2,Y,A,N,A,H,C,A,01,,08,B,,,Y,,C,Y,N,A,1,0,0,1,22100.0,2,37.78072,-122.43054,4
2011,2011-09-12,1415,9,3,14,1,N,A,N,A,H,A,A,01,S,05,A,,,,,C,Y,N,A,1,0,0,0,21650.0,2,37.73717304,-122.42772007,4
2011,2011-09-11,1549,9,3,15,7,Y,A,N,A,H,A,C,02,,03,B,,,Y,,C,Y,N,D,1,0,0,1,22350.0,2,37.78179,-122.39641,4
2011,2011-09-10,2000,9,3,20,6,Y,A,N,A,H,C,A,07,,17,D,,,,,C,N,N,A,2,0,0,0,21461.0,2,37.78079,-122.39964,4
2011,2011-09-11,1030,9,3,10,7,N,A,N,A,H,A,-,- ,E,- ,H,,,Y,,A,N,N,D,1,0,0,1,,1,37.78511753,-122.42770719,3
2011,2011-09-08,702,9,3,7,4,N,A,N,A,H,A,A,01,S,17,D,,,,,C,Y,N,D,2,0,0,0,21657.0,2,37.77570181,-122.41651751,4
2011,2011-09-09,1658,9,3,16,5,N,A,N,A,H,A,A,01,N,01,C,,,,,E,Y,M,D,1,0,0,0,23152.0,3,37.75466588,-122.46103107,3
2011,2011-09-01,154,9,3,1,4,Y,A,N,A,H,C,L,04,,09,C,,Y,,,G,N,N,A,1,0,1,0,21804.0,2,37.77215,-122.45247,4
2011,2011-09-02,820,9,3,8,5,Y,A,N,A,H,A,A,01,,09,D,,Y,,,G,N,N,A,1,0,1,0,21801.0,2,37.78074,-122.41533,3
2011,2011-09-06,1711,9,3,17,2,N,A,N,A,H,A,A,01,N,17,H,,Y,,,G,N,N,D,1,0,1,0,22517.0,2,37.78606718,-122.43499019,3
2011,2011-09-05,1300,9,3,13,1,Y,A,N,A,H,A,C,02,,03,C,,Y,Y,,G,N,F,A,1,0,1,0,22350.0,2,37.78468,-122.4678,4
2011,2011-09-04,1004,9,3,10,7,Y,A,N,A,H,A,L,04,,06,-,,Y,,,G,N,N,A,1,0,1,0,21755.0,2,37.80601,-122.4184,3
2011,2011-09-07,1442,9,3,14,3,N,A,N,A,H,A,C,02,N,03,E,,,Y,,A,N,N,D,1,0,0,1,22350.0,1,37.75701676,-122.44254229,3
2011,2011-09-07,950,9,3,9,3,N,A,N,A,H,A,A,01,W,03,C,,,,,C,N,N,D,1,0,0,0,22350.0,2,37.72378487,-122.45562259,4
2011,2011-09-06,800,9,3,8,2,N,B,N,A,H,A,A,01,N,03,A,,,,,C,Y,N,D,1,0,0,0,22350.0,3,37.77239443,-122.50143046,4
2011,2011-09-03,2035,9,3,20,6,Y,B,N,A,H,C,A,01,,12,D,,,,,C,N,N,A,2,0,0,0,21453.0,2,37.78083,-122.42209,4
2011,2011-09-07,1040,9,3,10,3,N,A,N,A,H,A,-,- ,E,03,H,,,,,A,N,N,D,1,0,0,0,22350.0,1,37.79129,-122.39890257,4
2011,2011-09-02,1030,9,3,10,5,N,A,N,A,H,A,-,- ,N,00,B,,Y,,,G,N,N,A,1,0,1,0,,2,37.78219583,-122.41903541,3
2011,2011-09-07,2328,9,3,23,3,Y,A,N,A,H,C,A,01,,03,C,,,,,C,Y,N,D,3,0,0,0,22350.0,5,37.71646,-122.44109,4
2011,2011-09-06,1825,9,3,18,2,N,A,N,A,H,B,A,01,N,08,B,,,,,C,N,N,D,1,0,0,0,22107.0,2,37.7113984,-122.45576564,4
2011,2011-09-07,704,9,3,7,3,Y,A,N,A,H,A,A,01,,12,D,,,,,C,Y,N,A,2,0,0,0,21453.0,3,37.77876,-122.42338,4
2011,2011-09-08,2022,9,3,20,4,N,A,N,A,H,C,A,01,E,21,C,,,,,C,N,N,A,1,0,0,0,22106.0,2,37.77695384,-122.42257242,4
2011,2011-09-09,2353,9,3,23,5,N,B,Y,A,H,D,A,07,N,01,C,,,,,C,Y,F,D,1,0,0,0,23152.0,2,37.73154498,-122.42451279,3
2011,2011-09-09,2357,9,3,23,5,N,B,Y,A,H,D,A,01,S,01,C,,,,,C,Y,F,A,1,0,0,0,23152.0,2,37.73155029,-122.42546517,3
2011,2011-09-05,213,9,3,2,1,N,B,Y,A,H,C,A,01,S,01,E,,,,,I,Y,N,D,1,0,0,0,23152.0,1,37.76990361,-122.40854236,3
2011,2011-09-06,901,9,3,9,2,Y,A,N,A,H,A,-,- ,,18,E,,,,,I,Y,N,A,1,0,0,0,,1,37.75013,-122.44344,4
2011,2011-09-06,1007,9,3,10,2,N,A,N,A,H,A,A,01,E,21,D,,Y,,,G,N,N,D,1,0,1,0,22106.0,2,37.7539,-122.41840048,4
2011,2011-09-06,1725,9,3,17,2,N,A,Y,A,H,A,A,01,E,04,C,,,,,C,N,N,D,1,0,0,0,21703.0,2,37.78095467,-122.39756925,4
2011,2011-09-05,1643,9,3,16,1,N,A,N,A,H,A,-,- ,E,18,F,,,Y,,A,Y,N,A,1,0,0,1,,2,37.7483052,-122.41458435,4
2011,2011-09-04,2120,9,3,21,7,Y,A,Y,A,H,C,-,- ,,00,B,,,Y,,C,Y,N,A,2,0,0,2,,2,37.78532829,-122.39183858,4
2011,2011-09-03,2157,9,3,21,6,Y,E,N,A,H,C,A,07,,07,E,,,,,I,Y,N,D,1,0,0,0,21658.0,1,37.71448685,-122.48030305,3
2011,2011-09-02,950,9,3,9,5,Y,A,N,A,H,A,-,- ,,09,A,,,,,C,Y,N,A,1,0,0,0,21801.0,2,37.733,-122.40466,2
2011,2011-09-02,1100,9,3,11,5,Y,A,N,A,H,A,A,07,,09,D,,,,,C,Y,N,A,2,0,0,0,21802.0,2,37.74533,-122.42692,4
2011,2011-09-07,1810,9,3,18,3,N,A,Y,A,H,A,A,01,N,03,C,,,,,C,Y,N,D,2,0,0,0,22350.0,2,,,3
2011,2011-07-21,1214,7,2,12,4,N,A,N,A,H,A,A,01,S,03,C,,,,,C,N,N,A,1,0,0,0,22350.0,2,37.73289877,-122.40462595,4
2011,2011-07-20,1747,7,2,17,3,N,A,N,A,H,A,A,01,E,03,C,,,,,C,N,M,D,1,0,0,0,22350.0,2,37.78870078,-122.39897576,4
2011,2011-07-13,2025,7,2,20,3,Y,A,N,A,H,B,A,07,,09,D,,,Y,,C,N,N,D,1,0,0,1,21804.0,2,37.76002,-122.42291,4
2011,2011-07-08,1745,7,2,17,5,Y,A,N,A,H,A,A,01,,09,D,,,Y,,C,N,N,A,1,0,0,1,21802.0,2,37.74786,-122.4949,2
2011,2011-07-10,1428,7,2,14,7,Y,A,N,A,H,A,A,01,,09,D,,,,,C,N,N,D,1,0,0,0,21801.0,2,37.73235,-122.4001,4
2011,2011-07-06,906,7,2,9,3,N,A,N,A,H,A,A,01,W,03,D,,,,,C,Y,M,A,1,0,0,0,22350.0,4,37.71874709,-122.44150961,4
2011,2011-07-04,1010,7,2,10,1,Y,A,N,A,H,A,A,01,,08,D,,,,,C,Y,N,A,2,0,0,0,22101.0,3,37.77577,-122.42449,3
2011,2011-07-01,1555,7,2,15,5,Y,A,N,A,H,A,A,01,,17,D,,,,,C,Y,N,A,10,0,0,0,21657.0,7,37.77729,-122.40409,4
2011,2011-07-08,659,7,2,6,5,N,B,N,A,H,A,F,77,N,21,D,,,,Y,C,N,N,A,2,0,0,0,22106.0,2,37.71966596,-122.47239257,3
2011,2011-07-16,407,7,2,4,6,N,A,N,A,H,C,A,01,E,12,D,,,,,C,Y,F,A,1,0,0,0,21453.0,2,37.79098329,-122.3899909,4