ACCIDENT_YEAR,COLLISION_DATE,COLLISION_TIME,MONTH,SEASON,24HOURS,DAY_OF_WEEK,INTERSECTION,WEATHER_1,STATE_HWY_IND,ROAD_SURFACE,ROAD_COND_1,LIGHTING,STWD_VEHTYPE_AT_FAULT,CHP_VEHTYPE_AT_FAULT,DIRECTION,PCF_VIOL_CATEGORY,TYPE_OF_COLLISION,PEDESTRIAN_ACCIDENT,BICYCLE_ACCIDENT,MOTORCYCLE_ACCIDENT,TRUCK_ACCIDENT,MVIW,TOW_AWAY,HIT_AND_RUN,CONTROL_DEVICE,NUMBER_INJURED,COUNT_PED_INJURED,COUNT_BICYCLIST_INJURED,COUNT_MC_INJURED,PCF_VIOLATION,PARTY_COUNT,POINT_Y,POINT_X,COLLISION_SEVERITY
2011,2011-09-15,2025,9,3,20,4,N,A,N,A,H,C,L,04,W,03,H,,Y,,,G,N,N,A,1,0,1,0,22350.0,2,37.77241495,-122.42272176,4
2011,2011-09-11,300,9,3,3,7,Y,A,N,A,H,C,A,01,,12,G,Y,,,,B,N,F,A,1,1,0,0,21453.0,2,37.78592,-122.4198,4
2011,2011-09-14,1917,9,3,19,3,N,A,N,A,H,C,L,04,S,05,H,,Y,,,G,N,N,D,1,0,1,0,21650.0,2,37.76563675,-122.47184267,4
2011,2011-09-12,1619,9,3,16,1,Y,A,N,A,H,A,A,01,,08,A,Y,,Y,,C,Y,N,A,2,1,0,1,22100.0,3,37.80644,-122.40715,3
2011,2011-09-08,1900,9,3,19,4,N,A,N,A,H,A,-,- ,E,03,H,,Y,,,G,N,F,D,1,0,1,0,22350.0,2,37.77246,-122.42268,4
2011,2011-09-13,30,9,3,0,2,N,A,N,A,H,C,-,- ,N,11,G,Y,,,,B,Y,N,A,1,1,0,0,21955.0,2,37.77241752,-122.4373125,2
2011,2011-09-11,2220,9,3,22,7,N,A,N,A,H,C,N,60,S,11,G,Y,,,,B,N,N,A,1,1,0,0,21956.0,2,37.77558237,-122.48769494,4
2011,2011-09-14,1907,9,3,19,3,N,A,N,A,H,B,L,04,W,12,H,Y,Y,,,-,N,F,A,1,1,0,0,21453.0,2,37.78565694,-122.40596682,3
2011,2011-09-10,1613,9,3,16,6,Y,A,N,A,H,A,L,04,,12,H,,Y,,,G,N,N,A,1,0,1,0,21453.0,2,37.77623,-122.41471,2
2011,2011-09-09,926,9,3,9,5,N,A,N,A,H,A,A,01,W,21,G,Y,,,,B,N,N,D,1,1,0,0,22106.0,2,37.80550939,-122.42221275,4
2011,2011-09-17,220,9,3,2,6,Y,A,N,A,H,C,-,- ,,03,H,,,,,A,N,N,A,1,0,0,0,22350.0,1,37.79953,-122.40906,4
2011,2011-09-13,1801,9,3,18,2,N,A,N,A,H,A,N,60,N,11,G,Y,,,,B,N,N,A,1,1,0,0,21456.0,2,37.77186038,-122.42366698,3
2011,2011-09-16,1653,9,3,16,5,Y,A,N,A,H,A,A,01,,12,D,,,,,C,Y,N,A,3,0,0,0,21453.0,2,37.78087,-122.46968,3
2011,2011-09-14,1840,9,3,18,3,N,A,N,A,H,-,L,04,S,03,H,,Y,,,G,N,N,D,1,0,1,0,22350.0,2,37.75187565,-122.41737129,4
2011,2011-09-14,2205,9,3,22,3,Y,A,N,A,H,C,-,- ,,09,H,,Y,,,G,Y,N,A,1,0,1,0,21801.0,2,37.76549,-122.41316,4
2011,2011-09-13,1838,9,3,18,2,N,A,N,A,H,A,A,01,E,07,H,,Y,,,G,N,N,A,1,0,1,0,21658.0,2,37.77686043,-122.41084049,4
2011,2011-09-10,1812,9,3,18,6,Y,A,N,A,H,A,A,01,,09,H,,Y,,,G,N,N,A,1,0,1,0,21801.0,2,37.76938,-122.41089,3
2011,2011-09-13,1943,9,3,19,2,Y,A,N,A,H,C,A,07,,17,H,,Y,,,G,N,N,D,1,0,1,0,22517.0,2,37.76163,-122.42303,4
2011,2011-09-12,824,9,3,8,1,Y,A,N,A,H,A,A,01,,08,H,,Y,,,G,N,N,A,1,0,1,0,22107.0,2,37.72483023,-122.45239791,3
2011,2011-09-15,1614,9,3,16,4,N,A,N,A,H,A,L,04,E,05,H,,Y,,,G,N,N,A,1,0,1,0,21650.0,2,37.79823754,-122.40387616,4
2011,2011-09-17,1115,9,3,11,6,N,A,N,A,H,A,L,04,W,12,H,Y,Y,,,G,N,F,A,1,1,0,0,21453.0,2,37.78207521,-122.4105458,4
2011,2011-09-15,1532,9,3,15,4,N,A,N,A,H,A,A,01,N,17,H,,Y,,,G,N,F,D,1,0,1,0,22517.0,2,37.77024477,-122.4224288,4
2011,2011-09-15,1736,9,3,17,4,Y,A,N,A,H,A,A,07,,17,H,,Y,,,G,N,N,A,1,0,1,0,21451.0,2,37.7694,-122.41343,3
2011,2011-08-14,1145,8,2,11,7,N,A,Y,A,H,A,A,01,W,07,C,,,Y,,C,N,N,A,1,0,0,1,21658.0,2,37.80738952,-122.36804527,4
2011,2011-08-24,1857,8,2,18,3,N,A,Y,A,H,A,A,08,N,01,E,,,,,J,Y,N,D,1,0,0,0,23152.0,1,37.73237414,-122.43086586,3
2011,2011-08-20,2350,8,2,23,6,N,A,Y,A,H,C,A,07,S,03,C,,,,,C,Y,M,D,1,0,0,0,22350.0,4,37.76875401,-122.40777537,3
2011,2011-08-17,831,8,2,8,3,N,B,Y,A,H,A,A,01,S,03,C,,,,,C,Y,N,D,1,0,0,0,22350.0,2,37.71325673,-122.39676447,3
2011,2011-08-08,1025,8,2,10,1,N,B,Y,A,H,A,A,01,S,03,C,,,,,C,Y,N,D,1,0,0,0,22350.0,2,37.76939499,-122.41018126,4
2011,2011-09-13,1645,9,3,16,2,N,A,N,A,H,A,-,- ,N,10,G,Y,,,,B,N,N,A,1,1,0,0,21950.0,2,37.78874386,-122.39277832,3
2011,2011-10-02,12,10,3,0,7,N,A,Y,A,H,C,A,01,N,- ,E,,,,,I,Y,N,D,1,0,0,0,,1,37.75591499,-122.39240316,3
2011,2011-10-02,1900,10,3,19,7,N,A,Y,A,H,B,A,01,W,08,E,,,,,I,Y,N,D,1,0,0,0,22107.0,1,37.79261771,-122.38373915,4
2011,2011-10-06,1025,10,3,10,4,N,B,Y,A,H,A,A,08,,03,C,,,,,C,N,N,D,2,0,0,0,22350.0,4,37.74207944,-122.39781139,4
2011,2011-10-01,316,10,3,3,6,N,A,Y,A,H,C,A,07,S,01,E,,,,,I,Y,N,A,1,0,0,0,23152.0,1,37.73237414,-122.43086586,3
2011,2011-10-03,1210,10,3,12,1,N,B,Y,B,H,A,A,07,E,03,E,,,,,I,N,N,D,1,0,0,0,22350.0,1,37.78496499,-122.39249316,3
2011,2011-10-08,1500,10,3,15,6,N,A,Y,A,H,A,A,01,N,07,C,,,,,C,Y,N,D,1,0,0,0,21658.0,2,37.74384499,-122.40593316,4
2011,2011-10-10,715,10,3,7,1,N,B,Y,B,H,A,A,01,S,03,C,,,,,C,Y,N,D,2,0,0,0,22350.0,2,37.74293152,-122.40673041,4
2011,2011-09-17,1105,9,3,11,6,N,A,Y,A,H,A,A,01,N,03,C,,,,,C,,N,D,2,0,0,0,22350.0,3,37.77306216,-122.41866824,4
2011,2011-09-18,221,9,3,2,7,N,A,Y,A,H,D,A,01,S,01,E,,,,,I,Y,N,D,1,0,0,0,23152.0,1,37.71451504,-122.39749487,3
2011,2011-09-16,208,9,3,2,5,N,A,Y,A,H,D,A,01,S,08,E,,,,,I,Y,N,D,1,0,0,0,22107.0,1,37.77932936,-122.39054673,4
2011,2011-09-04,1930,9,3,19,7,N,A,Y,A,H,B,C,02,S,03,C,,,Y,,C,Y,N,D,1,0,0,1,22350.0,2,37.77312837,-122.41869151,4
2011,2011-09-13,820,9,3,8,2,N,B,Y,A,H,A,A,01,N,03,C,,,,,C,N,N,D,2,0,0,0,22350.0,2,37.73129498,-122.43523316,4
2011,2011-09-13,1035,9,3,10,2,N,A,Y,A,H,A,A,01,S,08,E,,,,,I,Y,N,D,1,0,0,0,22107.0,1,37.75995547,-122.40626328,3
2011,2011-10-20,1905,10,3,19,4,N,A,Y,A,H,B,C,02,E,08,F,,,Y,,A,Y,N,D,1,0,0,1,22107.0,1,37.78086143,-122.39768533,2
2011,2011-10-15,1118,10,3,11,6,N,A,Y,A,H,A,C,02,N,07,D,,,Y,,C,Y,N,D,1,0,0,1,21658.0,2,37.73814498,-122.40814316,3
2011,2011-10-20,545,10,3,5,4,N,A,Y,A,H,C,A,07,E,07,B,,,Y,,C,Y,N,D,1,0,0,1,21658.0,2,37.81364255,-122.3607218,2
2011,2011-08-29,425,8,2,4,1,N,A,Y,A,H,D,A,01,S,08,E,,,,,I,Y,N,D,4,0,0,0,22107.0,1,37.73209131,-122.42931437,3
2011,2011-10-30,1245,10,3,12,7,N,A,Y,A,H,A,D,22,E,03,C,,,,,C,Y,N,D,2,0,0,0,22350.0,2,37.77620068,-122.40497177,4
2011,2011-09-14,1724,9,3,17,3,N,B,Y,A,H,A,A,01,N,04,C,,,,,C,N,N,D,2,0,0,0,21703.0,2,37.80782928,-122.4761533,4
2011,2011-09-26,825,9,3,8,1,Y,A,N,A,H,A,-,- ,,10,G,Y,,,,B,N,N,A,1,1,0,0,21950.0,2,37.78841,-122.41524,3
2011,2011-09-26,905,9,3,9,1,Y,A,N,A,H,A,N,60,,11,H,Y,Y,,,-,N,N,A,1,1,0,0,21461.0,2,37.79122,-122.40076,3
2011,2011-09-21,2204,9,3,22,3,N,A,N,A,H,D,L,04,W,03,F,,Y,,,-,N,N,D,1,0,1,0,22350.0,1,37.76423283,-122.38992231,3
2011,2011-09-17,1835,9,3,18,6,N,A,N,A,H,A,A,01,S,21,G,Y,,,,B,N,N,D,1,1,0,0,22106.0,2,37.73473499,-122.38310623,2
2011,2011-09-25,317,9,3,3,7,N,A,N,A,H,C,N,60,S,11,A,Y,,,,B,N,N,D,1,1,0,0,21955.0,2,37.77709019,-122.40386222,2
2011,2011-09-25,2003,9,3,20,7,N,A,N,A,H,C,A,01,S,00,A,Y,,,,B,N,F,A,1,1,0,0,20001.0,2,37.78139113,-122.40921594,4
2011,2011-09-25,1820,9,3,18,7,N,A,N,A,H,A,A,01,,10,G,Y,,,,B,N,N,A,1,1,0,0,21950.0,2,37.76898,-122.42691,3
2011,2011-09-22,2026,9,3,20,4,Y,A,N,A,H,C,L,04,,03,B,,Y,,,G,N,N,A,1,0,1,0,22350.0,2,37.75211,-122.42068,3
2011,2011-09-09,206,9,3,2,5,N,A,N,A,H,C,N,60,E,11,G,Y,,,,B,N,N,A,1,1,0,0,21954.0,2,37.78228115,-122.41026717,4
2011,2011-09-17,2318,9,3,23,6,N,A,N,A,H,C,A,01,W,01,C,,,,,C,Y,N,A,3,0,0,0,23152.0,3,37.72933682,-122.39292418,4
2011,2011-09-16,1520,9,3,15,5,N,A,N,A,H,A,C,02,N,03,H,,,Y,,I,N,N,A,1,0,0,1,22350.0,1,37.7845277,-122.45467796,4
2011,2011-09-18,1211,9,3,12,7,Y,A,N,A,H,A,A,01,,12,D,,,,,C,Y,N,A,1,0,0,0,21453.0,2,37.78631,-122.43163,4
2011,2011-09-20,830,9,3,8,2,N,A,N,A,H,A,N,60,E,11,G,Y,,,,B,N,N,A,1,1,0,0,21456.0,3,37.74033303,-122.38880924,3
2011,2011-09-15,1611,9,3,16,4,N,A,N,A,H,A,N,60,W,11,G,Y,,,,B,N,N,D,1,1,0,0,21954.0,2,37.78245763,-122.40684182,3
2011,2011-09-02,1653,9,3,16,5,N,A,N,A,H,A,A,07,S,10,G,Y,,,,B,N,F,A,1,1,0,0,21950.0,2,37.78775593,-122.42013992,4
2011,2011-09-22,1343,9,3,13,4,Y,A,N,A,H,A,A,01,,10,H,Y,,,,B,,N,A,1,1,0,0,21950.0,2,37.77975,-122.40715,4
2011,2011-09-22,1846,9,3,18,4,N,A,N,A,H,A,A,01,W,10,G,Y,,,,B,N,N,A,1,1,0,0,21950.0,2,37.77776911,-122.40033044,3
2011,2011-10-22,1658,10,3,16,6,N,A,Y,A,H,A,D,22,E,04,C,,,,,C,Y,N,D,1,0,0,0,21703.0,2,37.78104791,-122.39745316,4
2011,2011-10-19,705,10,3,7,3,N,B,Y,A,H,A,F,26,S,07,B,,,,Y,C,Y,N,D,1,0,0,0,21658.0,2,37.74418005,-122.40547562,3
2011,2011-08-29,1848,8,2,18,1,Y,A,N,A,H,A,A,08,,10,G,Y,,,,B,N,N,D,1,1,0,0,21950.0,2,37.75848,-122.46489,4
2011,2011-08-31,1818,8,2,18,3,N,A,N,A,H,A,A,01,S,03,E,Y,,,,J,Y,N,D,1,1,0,0,22350.0,2,37.76283164,-122.41842071,3
2011,2011-08-31,1323,8,2,13,3,N,A,N,A,H,A,N,60,S,11,G,Y,,,,B,N,N,D,1,1,0,0,21954.0,2,37.72146794,-122.4402159,3
2011,2011-08-30,815,8,2,8,2,N,B,Y,A,H,A,A,01,S,03,C,,,,,C,N,N,D,1,0,0,0,22350.0,4,37.75529615,-122.4032872,3
2011,2011-08-30,1030,8,2,10,2,Y,B,N,A,H,A,L,04,,03,D,,Y,,,G,N,N,A,1,0,1,0,22350.0,2,37.77482,-122.42425,4
2011,2011-08-29,1948,8,2,19,1,Y,A,N,A,H,B,L,04,,12,D,,Y,,,G,N,N,A,1,0,1,0,22450.0,2,37.71475,-122.43372,2
2011,2011-08-29,1830,8,2,18,1,N,A,N,A,H,A,A,01,N,03,B,,Y,,,G,N,N,D,1,0,1,0,22350.0,2,37.77236994,-122.42379305,3
2011,2011-08-30,945,8,2,9,2,N,B,N,A,H,A,A,07,W,21,G,Y,,,,B,N,N,A,1,1,0,0,22106.0,2,37.77586874,-122.49427793,3
2011,2011-08-31,1949,8,2,19,3,N,A,N,A,H,C,A,01,S,10,G,Y,,,,B,N,N,D,1,1,0,0,21950.0,2,37.77525768,-122.41592092,4
2011,2011-08-29,200,8,2,2,1,Y,A,Y,A,H,C,N,60,,11,G,Y,,,,B,,N,A,1,1,0,0,21955.0,2,37.7751824,-122.41927395,3
2011,2011-08-29,1614,8,2,16,1,Y,A,N,A,H,A,A,01,,10,G,Y,,,,B,N,N,A,1,1,0,0,21950.0,2,37.78526,-122.4399,2
2011,2011-08-31,858,8,2,8,3,N,A,N,A,H,A,N,60,N,11,G,Y,,,,B,N,N,A,1,1,0,0,21453.0,2,37.74241206,-122.42204202,4
2011,2011-08-31,756,8,2,7,3,Y,A,N,A,H,A,L,04,,12,D,,Y,,,G,N,N,A,1,0,1,0,22450.0,2,37.75153,-122.49568,3
2011,2011-08-31,1800,8,2,18,3,N,A,N,A,H,A,-,- ,S,17,E,,Y,,,G,,N,D,1,0,1,0,22517.0,2,37.7692635,-122.40848353,3
2011,2011-08-31,150,8,2,1,3,Y,A,Y,A,H,C,-,- ,,- ,D,,Y,,,G,N,N,A,1,0,1,0,,2,37.7751824,-122.41927395,4
2011,2011-08-23,1805,8,2,18,2,N,A,N,A,H,A,A,01,E,03,B,,,,,C,N,N,A,1,0,0,0,22350.0,3,37.7482789,-122.41256654,4
2011,2011-08-28,2140,8,2,21,7,N,E,N,B,H,C,A,01,E,05,G,,,,,C,Y,N,D,1,0,0,0,21650.0,2,37.77269093,-122.48177154,3
2011,2011-08-29,2124,8,2,21,1,Y,A,N,A,H,C,A,01,,08,A,,,,,C,Y,N,A,2,0,0,0,22107.0,2,37.77076,-122.42499,4
2011,2011-08-29,1810,8,2,18,1,Y,A,N,A,H,A,A,01,,12,D,,,,,C,Y,N,A,1,0,0,0,21453.0,2,37.73193,-122.49388,4
2011,2011-08-24,929,8,2,9,3,Y,A,N,A,H,A,A,01,,08,D,,Y,,,G,N,N,A,1,0,1,0,22107.0,2,37.77181,-122.42364,4
2011,2011-08-24,833,8,2,8,3,N,A,N,A,H,A,L,04,W,03,C,,Y,,,G,N,N,A,1,0,1,0,22350.0,2,37.77749371,-122.43337852,4
2011,2011-09-21,840,9,3,8,3,N,A,N,A,H,A,-,- ,S,07,B,,,,,C,N,N,A,1,0,0,0,21658.0,3,37.76835921,-122.41780741,4
2011,2011-09-25,356,9,3,3,7,Y,B,N,A,H,C,A,01,,17,D,,,,,C,Y,N,A,1,0,0,0,21657.0,2,37.77819,-122.39192,4
2011,2011-09-25,1538,9,3,15,7,N,A,N,A,H,A,-,- ,S,03,E,,,,,I,Y,N,A,1,0,0,0,22350.0,1,37.7923697,-122.39127252,4
2011,2011-09-25,43,9,3,0,7,Y,A,N,A,H,C,-,- ,,09,D,,,,,C,N,N,A,2,0,0,0,21801.0,2,37.7652,-122.41754,2
2011,2011-09-08,2021,9,3,20,4,Y,A,N,A,H,C,-,- ,,08,D,,,,,C,Y,N,A,1,0,0,0,22101.0,2,37.78626,-122.40204,4
2011,2011-09-24,1026,9,3,10,6,Y,B,N,A,H,A,A,01,,12,D,,,,,C,Y,N,A,1,0,0,0,21453.0,3,37.78113,-122.42724,3
2011,2011-09-25,1120,9,3,11,7,N,C,N,B,H,A,A,01,S,03,C,,,,,C,N,N,D,1,0,0,0,22350.0,2,37.73984091,-122.42369983,4
2011,2011-09-24,4,9,3,0,6,Y,A,N,A,H,E,A,01,,12,D,,,,,C,Y,N,A,3,0,0,0,21453.0,3,37.76146,-122.42618,3
2011,2011-09-20,1000,9,3,10,2,N,A,N,A,H,A,-,- ,S,21,B,,,,,C,Y,N,D,1,0,0,0,22106.0,2,37.71890584,-122.46811005,4
2011,2011-09-21,1230,9,3,12,3,Y,A,N,A,H,A,A,01,,08,B,,,,,C,,N,A,1,0,0,0,22100.0,2,37.78698,-122.41157,4
2011,2011-09-24,1245,9,3,12,6,Y,B,N,A,H,A,-,- ,,09,D,,,,,C,Y,N,A,2,0,0,0,21802.0,2,37.74616,-122.49105,4
2011,2011-09-18,1904,9,3,19,7,N,A,N,A,H,B,A,01,W,03,C,,,,,C,Y,N,D,1,0,0,0,22350.0,2,37.77417543,-122.42936745,4
2011,2011-09-23,805,9,3,8,5,N,A,N,A,-,A,-,- ,E,08,B,,,,,C,N,N,D,1,0,0,0,22107.0,2,37.78107422,-122.42015102,4
2011,2011-09-23,1045,9,3,10,5,N,A,N,A,H,A,-,- ,S,21,B,,,,,C,N,N,A,1,0,0,0,22106.0,3,37.77770261,-122.48354202,3
2011,2011-09-12,818,9,3,8,1,Y,A,N,A,H,A,A,07,,04,C,,,,,C,N,N,D,1,0,0,0,21703.0,2,37.77652,-122.41757,4
2011,2011-09-08,1630,9,3,16,4,N,A,Y,A,H,A,A,01,W,07,B,,,Y,,C,N,N,D,1,0,0,1,21658.0,2,37.77802683,-122.40130101,3
2011,2011-10-29,1545,10,3,15,6,N,A,Y,A,H,A,-,99,S,03,C,,,,,C,Y,F,D,3,0,0,0,22350.0,3,37.71902477,-122.44833197,4
2011,2011-10-29,1255,10,3,12,6,N,A,Y,A,H,A,A,08,N,04,C,,,,,C,N,N,D,1,0,0,0,21703.0,2,37.75639841,-122.40324119,4
2011,2011-10-23,1935,10,3,19,7,N,B,Y,A,H,C,A,01,S,03,C,,,,,C,Y,N,D,1,0,0,0,22350.0,2,37.7796022,-122.42026856,4
2011,2011-10-23,1515,10,3,15,7,N,A,Y,A,H,A,A,01,S,08,E,,,,,I,Y,N,D,1,0,0,0,22107.0,1,37.76493316,-122.39334285,4
2011,2011-10-19,1820,10,3,18,3,N,A,Y,A,H,A,A,01,S,07,C,,,,,C,N,N,D,2,0,0,0,21658.0,2,37.77260498,-122.41850134,4
2011,2011-10-11,740,10,3,7,2,N,C,Y,B,H,A,A,01,N,04,C,,,,,C,Y,N,D,2,0,0,0,21703.0,3,37.72743158,-122.44467891,3
2011,2011-10-12,1922,10,3,19,3,N,A,Y,A,H,C,A,01,E,04,C,,,,,C,Y,N,D,2,0,0,0,21703.0,2,37.76976901,-122.40563517,4
2011,2011-10-25,1507,10,3,15,2,N,A,N,A,H,A,A,01,N,06,C,Y,,,Y,B,Y,N,A,3,2,0,0,21754.0,4,37.77315544,-122.41875873,4
2011,2011-10-23,1800,10,3,18,7,N,A,N,A,H,A,-,- ,W,- ,B,,Y,,,G,Y,N,D,1,0,1,0,,2,37.80538857,-122.44572448,4
2011,2011-10-06,1400,10,3,14,4,N,A,N,B,H,A,L,04,W,03,A,,Y,,,C,N,N,D,1,0,1,0,22350.0,3,37.72298498,-122.4460432,3
2011,2011-10-27,1310,10,3,13,4,N,A,N,A,H,A,H,15,S,10,G,Y,,,,B,N,N,A,1,1,0,0,21950.0,2,37.78933957,-122.41544206,3
2011,2011-09-20,801,9,3,8,2,Y,A,N,A,H,A,F,27,,10,G,Y,,,Y,B,N,N,A,1,1,0,0,21950.0,2,37.78604,-122.41137,4
2011,2011-11-12,1840,11,3,18,6,Y,A,N,A,H,C,I,09,,10,G,Y,,,,B,N,N,D,1,1,0,0,21950.0,2,37.70947,-122.46557,2
2011,2011-10-01,2346,10,3,23,6,N,B,N,A,H,C,A,01,W,10,G,Y,,,,B,N,N,A,1,1,0,0,21950.0,2,37.78612294,-122.41816028,4
2011,2011-10-25,1800,10,3,18,2,N,A,N,A,H,B,L,04,E,17,D,,Y,,,G,N,N,D,1,0,1,0,21663.0,2,37.77026624,-122.41992035,4
2011,2011-10-24,833,10,3,8,1,Y,A,N,A,H,A,L,04,,09,D,,Y,,,G,N,N,D,1,0,1,0,21801.0,2,37.71838,-122.44873,4
2011,2011-10-17,715,10,3,7,1,Y,A,N,A,H,A,A,01,,10,G,Y,,,,B,Y,N,A,1,1,0,0,21950.0,2,37.78471,-122.44929,4
2011,2011-10-10,1158,10,3,11,1,N,C,N,B,H,A,A,01,N,10,D,Y,,,,B,N,N,A,1,1,0,0,21950.0,2,37.77217818,-122.44575828,3
2011,2011-10-12,634,10,3,6,3,N,B,N,A,H,C,N,60,S,11,A,Y,,,,B,N,N,D,1,1,0,0,21955.0,2,37.77124131,-122.41578537,3
2011,2011-10-12,1005,10,3,10,3,Y,A,N,A,H,A,L,04,,10,G,Y,Y,,,B,N,N,A,1,1,0,0,21950.0,2,37.7651,-122.41968,4
2011,2011-10-10,1240,10,3,12,1,Y,C,N,B,H,A,-,- ,,10,G,Y,,,,B,N,N,A,1,1,0,0,21950.0,2,37.77975,-122.40715,4
2011,2011-10-10,840,10,3,8,1,Y,E,N,B,H,A,-,- ,,10,G,Y,,,,B,N,N,D,1,1,0,0,21950.0,2,37.75959,-122.48227,3
2011,2011-10-17,1500,10,3,15,1,Y,A,N,A,H,A,-,- ,,10,G,Y,,,,B,N,N,A,1,1,0,0,21950.0,2,37.75063,-122.41831,4
2011,2011-10-05,850,10,3,8,3,Y,A,N,A,H,A,N,60,,11,G,Y,,,,B,Y,N,A,1,1,0,0,21453.0,2,37.7778,-122.43839,4
2011,2011-10-07,1619,10,3,16,5,N,A,N,A,H,A,A,01,S,10,G,Y,,,,B,N,N,D,1,1,0,0,21950.0,2,37.76699155,-122.44808956,3
2011,2011-10-07,1545,10,3,15,5,N,A,N,A,D,A,A,01,W,12,G,Y,,,,B,N,N,A,1,1,0,0,21453.0,2,37.78113191,-122.42727708,2
2011,2011-10-06,2218,10,3,22,4,Y,A,N,A,H,C,A,01,,10,G,Y,,,,B,N,F,A,1,1,0,0,21950.0,2,37.78143,-122.40925,4
2011,2011-10-23,1625,10,3,16,7,Y,A,N,A,H,A,N,60,,11,G,Y,,,,B,Y,N,A,1,1,0,0,21954.0,2,37.78097,-122.40871,4
2011,2011-10-20,1310,10,3,13,4,N,A,N,A,H,A,A,07,E,10,G,Y,,,,B,Y,N,A,1,1,0,0,21950.0,2,37.78008626,-122.48691553,3
2011,2011-10-27,1830,10,3,18,4,N,A,N,A,H,C,A,01,E,21,G,Y,,,,B,N,M,D,1,1,0,0,22106.0,2,37.79165818,-122.41236663,4
2011,2011-10-21,1433,10,3,14,5,N,A,N,A,H,A,N,60,W,11,G,Y,,,,B,N,N,D,1,1,0,0,21954.0,2,37.80117169,-122.43365698,3
2011,2011-10-21,2215,10,3,22,5,N,A,N,A,H,C,N,60,S,11,G,Y,,,,B,N,N,A,1,1,0,0,21954.0,2,37.76635651,-122.42429644,3
2011,2011-10-21,725,10,3,7,5,Y,A,N,A,H,A,-,- ,,10,G,Y,,,,B,N,N,A,1,1,0,0,21950.0,2,37.7123,-122.40235,4
2011,2011-10-29,1530,10,3,15,6,N,A,N,A,H,A,A,01,S,10,A,Y,,,,B,N,N,D,1,1,0,0,21950.0,2,37.7972078,-122.42710825,4
2011,2011-10-22,1512,10,3,15,6,N,A,N,A,H,A,N,60,W,11,G,Y,,,,B,N,N,-,2,2,0,0,21954.0,3,37.7363382,-122.39513908,3
2011,2011-10-17,1329,10,3,13,1,N,A,N,A,H,A,A,01,S,12,A,Y,,,,B,N,N,D,1,1,0,0,22450.0,2,37.76594402,-122.40466221,4
2011,2011-10-27,713,10,3,7,4,N,A,N,A,H,B,A,01,W,12,G,Y,,,,B,Y,N,A,1,1,0,0,22450.0,2,37.71322461,-122.45614082,3
2011,2011-10-19,2234,10,3,22,3,N,A,N,A,H,C,A,08,N,10,G,Y,,,,B,N,N,A,2,2,0,0,21950.0,3,37.76189143,-122.41940458,4
2011,2011-10-21,53,10,3,0,5,N,A,N,A,H,C,N,60,S,11,G,Y,,,,B,N,N,D,1,1,0,0,21955.0,2,37.7836163,-122.39873103,3
2011,2011-10-19,1950,10,3,19,3,N,A,N,A,H,C,A,01,E,10,G,Y,,,,B,N,N,A,2,2,0,0,21950.0,3,37.78681417,-122.4351607,3
2011,2011-10-23,931,10,3,9,7,N,A,N,A,H,A,-,- ,E,10,G,Y,,,,B,N,N,A,1,1,0,0,21950.0,2,37.78497999,-122.41958211,4
2011,2011-10-04,1916,10,3,19,2,Y,B,N,A,H,B,A,01,,12,G,Y,,,,B,N,F,C,1,1,0,0,22450.0,2,37.73294,-122.38907,4
2011,2011-10-03,1509,10,3,15,1,N,C,N,B,H,A,-,- ,S,00,G,Y,,,,B,N,N,A,1,1,0,0,,2,37.72787268,-122.45246303,4
2011,2011-10-18,1617,10,3,16,2,N,A,N,A,H,A,N,60,W,11,A,Y,,Y,,C,Y,N,A,1,1,0,0,21955.0,2,37.78660611,-122.4070056,4
2011,2011-10-19,1450,10,3,14,3,N,A,N,A,H,A,A,01,N,03,G,Y,,,,B,N,N,A,2,2,0,0,22350.0,3,37.74921691,-122.416015,4
2011,2011-10-19,1901,10,3,19,3,Y,A,N,A,H,C,B,01,,- ,G,Y,,,,B,N,F,A,1,1,0,0,,2,37.70876,-122.42165,4
2011,2011-10-29,1426,10,3,14,6,N,A,N,A,H,A,A,01,E,10,G,Y,,,,B,N,F,A,1,1,0,0,21950.0,2,37.78426666,-122.41773948,4
2011,2011-10-31,1115,10,3,11,1,Y,A,N,A,H,A,A,01,,21,G,Y,,,,B,N,N,D,1,1,0,0,22106.0,2,37.77557408,-122.42945462,4
2011,2011-10-31,2030,10,3,20,1,Y,A,N,A,H,C,A,01,,10,G,Y,,,,B,N,N,A,1,1,0,0,21950.0,2,37.7348,-122.46972,4
2011,2011-08-25,2237,8,2,22,4,N,A,Y,A,H,C,A,01,S,07,B,,,,,C,Y,F,D,1,0,0,0,21658.0,3,37.72912498,-122.40323316,3
2011,2011-10-06,810,10,3,8,4,N,B,Y,B,H,A,A,01,W,03,C,,,,,C,N,N,A,2,0,0,0,22350.0,3,37.80225222,-122.44969205,4
2011,2011-10-31,1635,10,3,16,1,N,A,Y,A,H,A,A,01,S,03,C,,,,,C,Y,N,D,2,0,0,0,22350.0,2,37.72032529,-122.4484079,4
2011,2011-10-13,348,10,3,3,4,N,A,Y,A,H,C,A,08,S,03,G,Y,,,,B,N,N,D,1,1,0,0,22350.0,2,37.767739,-122.40565517,3
2011,2011-11-05,1640,11,3,16,6,N,B,Y,A,H,A,A,01,N,03,C,,,,,C,Y,N,D,1,0,0,0,22350.0,3,37.74388913,-122.40568505,4
2011,2011-11-03,650,11,3,6,4,N,A,Y,A,H,B,A,01,N,04,C,,,,,C,Y,N,D,2,0,0,0,21703.0,3,37.70887706,-122.39523584,4
2011,2011-11-03,110,11,3,1,4,N,A,Y,A,H,C,A,07,S,01,E,,,,,I,Y,N,D,1,0,0,0,23152.0,1,37.76751499,-122.40556316,3
2011,2011-11-07,1805,11,3,18,1,N,A,Y,A,H,D,A,07,S,03,C,,,,,C,Y,N,D,1,0,0,0,22350.0,4,37.74728499,-122.40455316,4