ACCIDENT_YEAR,COLLISION_DATE,COLLISION_TIME,MONTH,SEASON,24HOURS,DAY_OF_WEEK,INTERSECTION,WEATHER_1,STATE_HWY_IND,ROAD_SURFACE,ROAD_COND_1,LIGHTING,STWD_VEHTYPE_AT_FAULT,CHP_VEHTYPE_AT_FAULT,DIRECTION,PCF_VIOL_CATEGORY,TYPE_OF_COLLISION,PEDESTRIAN_ACCIDENT,BICYCLE_ACCIDENT,MOTORCYCLE_ACCIDENT,TRUCK_ACCIDENT,MVIW,TOW_AWAY,HIT_AND_RUN,CONTROL_DEVICE,NUMBER_INJURED,COUNT_PED_INJURED,COUNT_BICYCLIST_INJURED,COUNT_MC_INJURED,PCF_VIOLATION,PARTY_COUNT,POINT_Y,POINT_X,COLLISION_SEVERITY
2012,2012-01-05,838,1,4,8,4,N,A,N,A,H,A,N,60,E,11,G,Y,,,,B,N,N,A,1,1,0,0,21453.0,2,37.76669645,-122.41982173,4
2012,2012-01-12,1942,1,4,19,4,N,A,N,A,H,C,L,04,E,05,E,,Y,,,A,N,N,A,1,0,1,0,21202.0,2,37.77345672,-122.42144018,4
2012,2012-01-11,1235,1,4,12,3,Y,A,N,A,H,A,D,22,,09,D,,Y,,,C,Y,N,A,3,0,1,0,21801.0,3,37.77341488,-122.46593313,3
2012,2012-01-04,1242,1,4,12,3,N,A,N,A,H,A,A,01,W,03,A,,,,,C,Y,N,D,1,0,0,0,22350.0,3,37.76654202,-122.45170205,4
2012,2012-01-12,1035,1,4,10,4,N,A,N,A,H,A,A,01,N,03,C,,,,,C,Y,N,A,1,0,0,0,22350.0,2,37.75477673,-122.40651086,4
2012,2012-01-07,1757,1,4,17,6,N,A,N,A,H,C,A,01,,07,B,,,,,C,Y,N,A,1,0,0,0,21658.0,3,37.77399488,-122.43088311,4
2012,2012-01-15,633,1,4,6,7,Y,A,N,A,H,C,-,- ,,03,C,,,,,C,N,F,A,1,0,0,0,22350.0,4,37.78604487,-122.41138309,4
2011,2011-12-13,1434,12,4,14,2,N,A,Y,A,H,A,A,01,N,08,A,,,,,C,Y,N,D,3,0,0,0,22107.0,2,37.73018552,-122.50039598,2
2011,2011-12-27,1750,12,4,17,2,Y,A,N,A,H,C,A,01,,08,D,,,,,C,Y,N,A,2,0,0,0,22101.0,2,37.77686,-122.47217,4
2011,2011-12-11,2222,12,4,22,7,Y,A,Y,A,H,C,A,01,,12,D,,,,,C,Y,N,A,1,0,0,0,21453.0,3,37.79659131,-122.42369583,4
2011,2011-12-16,845,12,4,8,5,N,A,N,A,H,A,-,- ,N,03,C,,,,,C,N,N,A,1,0,0,0,22350.0,2,37.76559281,-122.47745788,4
2012,2012-01-20,2255,1,4,22,5,N,C,Y,B,F,C,D,22,N,01,B,,,,,C,Y,N,D,1,0,0,0,23152.0,3,37.75855049,-122.39251352,4
2011,2011-12-29,905,12,4,9,4,Y,A,N,A,H,A,I,20,,10,G,Y,,,,B,N,N,A,1,1,0,0,21950.0,2,37.77624,-122.41164,4
2012,2012-01-16,1650,1,4,16,1,Y,A,N,A,H,A,D,22,,09,A,,,,,C,Y,N,A,3,0,0,0,21801.0,2,37.72361485,-122.40081314,4
2012,2012-01-16,1808,1,4,18,1,N,A,N,A,H,C,D,22,W,03,C,,,,,C,N,N,A,2,0,0,0,22350.0,2,37.79089514,-122.42600698,4
2012,2012-01-01,409,1,4,4,7,Y,A,N,A,H,C,-,- ,,18,E,,,,,I,Y,N,D,1,0,0,0,,1,37.77246491,-122.42269319,4
2012,2012-01-03,927,1,4,9,2,N,E,N,B,H,A,C,02,E,06,B,,,Y,,C,N,N,D,1,0,0,1,21750.0,2,37.7803037,-122.45365363,4
2012,2012-01-03,1805,1,4,18,2,N,A,Y,A,H,B,A,07,S,03,C,,,,,C,Y,N,D,1,0,0,0,22350.0,3,37.8058433,-122.47413864,4
2012,2012-01-12,1028,1,4,10,4,N,A,Y,A,H,A,I,11,S,08,E,,,,,I,N,N,D,2,0,0,0,22107.0,1,,,2
2012,2012-01-01,2255,1,4,22,7,N,A,Y,A,H,D,N,60,W,11,G,Y,,,,B,Y,N,D,1,1,0,0,21954.0,2,37.77691902,-122.4037679,2
2012,2012-01-22,1946,1,4,19,7,Y,C,N,B,H,C,D,22,,10,G,Y,,,,B,N,N,-,1,1,0,0,21950.0,2,37.75030485,-122.42516317,4
2012,2012-01-12,1900,1,4,19,4,Y,A,N,A,H,C,D,23,,01,C,,,,,C,Y,F,A,1,0,0,0,23153.0,2,37.76691491,-122.38906312,4
2011,2011-12-12,1035,12,4,10,1,-,A,N,A,H,A,-,- ,,08,B,,,,,C,N,N,D,1,0,0,0,22107.0,2,37.77006,-122.40703,3
2011,2011-12-07,1802,12,4,18,3,N,A,N,A,H,C,N,60,S,11,G,Y,,,,B,N,N,A,1,1,0,0,21956.0,2,37.7425414,-122.38796647,2
2011,2011-11-30,1113,11,3,11,3,N,A,N,A,H,A,A,01,W,21,G,Y,,,,B,N,N,A,1,1,0,0,22106.0,2,37.76222264,-122.46520459,3
2011,2011-12-10,1828,12,4,18,6,Y,A,N,A,H,C,A,01,,10,D,Y,,,,B,N,N,A,1,1,0,0,21950.0,2,37.75889,-122.41474,4
2011,2011-12-11,2115,12,4,21,7,Y,C,N,B,H,C,A,07,,10,G,Y,,,,B,N,N,A,2,2,0,0,21950.0,3,37.79468,-122.40313,4
2011,2011-12-04,1600,12,4,16,7,Y,A,N,A,H,A,A,01,,10,G,Y,,,,B,N,N,D,1,1,0,0,21950.0,2,37.7616,-122.47919,4
2011,2011-12-09,1844,12,4,18,5,Y,A,N,A,H,A,-,- ,,00,G,Y,,,,B,N,N,A,1,1,0,0,,2,37.71646,-122.44109,4
2011,2011-12-04,1130,12,4,11,7,Y,A,N,A,H,A,-,- ,,03,G,Y,,,,B,N,N,A,1,1,0,0,22350.0,2,37.78767,-122.42855,3
2011,2011-12-04,2203,12,4,22,7,N,A,N,A,H,C,N,60,N,11,G,Y,,,,B,Y,F,A,1,1,0,0,21955.0,2,37.78511747,-122.41118027,3
2011,2011-12-03,2345,12,4,23,6,Y,A,N,A,H,C,N,60,,12,G,Y,,,,B,N,N,A,1,1,0,0,21453.0,2,37.77619,-122.42118,3
2011,2011-12-04,1230,12,4,12,7,N,A,N,A,H,A,L,04,S,09,D,,Y,,,G,N,N,-,1,0,1,0,21804.0,2,37.73799456,-122.39302071,4
2011,2011-12-09,1230,12,4,12,5,N,A,N,A,H,A,A,01,E,06,B,,Y,,,G,N,F,D,1,0,1,0,21755.0,2,37.77283453,-122.44731833,4
2011,2011-12-03,1940,12,4,19,6,Y,A,N,A,H,A,-,- ,,10,G,Y,,,,B,N,N,D,1,1,0,0,21950.0,2,37.80218,-122.41799,4
2011,2011-12-01,1305,12,4,13,4,Y,A,N,A,H,A,L,04,,12,D,,Y,,,G,N,N,A,1,0,1,0,22450.0,2,37.7859,-122.48198,4
2011,2011-12-28,1614,12,4,16,3,Y,A,N,A,H,A,-,- ,,09,A,,Y,,,G,N,N,A,1,0,1,0,21801.0,2,37.78074,-122.41533,4
2011,2011-12-13,1920,12,4,19,2,N,A,N,A,H,B,-,- ,W,03,B,Y,,,,B,N,M,D,1,1,0,0,22350.0,2,37.76100609,-122.40143581,4
2011,2011-12-27,1440,12,4,14,2,N,A,N,A,C,A,A,01,N,17,B,,Y,,,G,N,N,D,1,0,1,0,22517.0,2,37.78995186,-122.42060708,3
2011,2011-12-12,1032,12,4,10,1,N,B,N,A,H,A,N,60,S,11,G,Y,,,,B,N,N,A,1,1,0,0,21456.0,2,37.78221061,-122.41030579,3
2011,2011-12-20,902,12,4,9,2,N,A,N,A,H,A,-,- ,S,00,B,,Y,,,G,N,N,A,1,0,1,0,,2,37.77296534,-122.44592085,4
2011,2011-12-06,632,12,4,6,2,Y,A,N,A,H,C,A,01,,10,G,Y,,,,B,N,N,A,1,1,0,0,21950.0,2,37.75913,-122.493,3
2011,2011-12-16,800,12,4,8,5,N,A,N,A,H,A,A,01,S,06,G,Y,,,,B,N,N,A,1,1,0,0,21951.0,2,37.74224852,-122.49459203,4
2011,2011-12-14,928,12,4,9,3,N,A,N,A,H,A,A,01,E,10,G,Y,,,,B,N,N,A,1,1,0,0,21950.0,2,37.74685657,-122.47491556,4
2011,2011-12-29,1800,12,4,18,4,N,B,N,A,H,C,A,01,E,17,B,,Y,,,G,N,N,D,1,0,1,0,22517.0,2,37.75282119,-122.40883874,4
2011,2011-12-17,1832,12,4,18,6,N,A,N,A,H,C,A,01,N,03,B,,,,,E,Y,N,A,1,0,0,0,22350.0,2,37.75633422,-122.43463259,3
2011,2011-12-18,1628,12,4,16,7,N,A,N,A,H,B,D,22,S,04,C,,,,,C,N,N,D,1,0,0,0,21703.0,2,37.71618597,-122.47240713,4
2011,2011-12-08,916,12,4,9,4,Y,A,N,A,H,A,A,01,,09,D,,,,,C,N,F,A,3,0,0,0,21802.0,2,37.76556,-122.41146,3
2011,2011-12-20,1452,12,4,14,2,Y,A,N,A,H,A,-,- ,,00,D,,,,,C,Y,N,A,2,0,0,0,,2,37.71211,-122.45204,4
2011,2011-12-15,624,12,4,6,4,N,C,N,B,H,A,N,60,S,11,G,Y,,,Y,B,N,N,A,1,1,0,0,21950.0,2,37.76524485,-122.41646037,3
2011,2011-12-15,1338,12,4,13,4,Y,B,N,A,H,A,N,60,,11,G,Y,,,,B,N,N,A,1,1,0,0,21950.0,2,37.7826,-122.41572,4
2011,2011-12-14,1906,12,4,19,3,N,A,N,A,H,C,A,01,S,03,D,,,,Y,E,Y,N,A,1,0,0,0,22350.0,2,37.74191075,-122.40473028,3
2011,2011-12-17,417,12,4,4,6,N,A,N,A,H,C,D,23,S,03,E,,,,,E,Y,N,D,1,0,0,0,22350.0,2,37.77540327,-122.48660208,3
2011,2011-12-27,1252,12,4,12,2,N,A,N,A,H,A,I,11,N,03,B,,,,,C,N,N,A,1,0,0,0,22350.0,2,37.71621707,-122.44018936,4
2011,2011-12-06,1505,12,4,15,2,-,A,N,A,H,A,A,01,W,21,C,,,,,C,N,N,D,1,0,0,0,22106.0,2,37.73969687,-122.40914485,4
2011,2011-12-13,2043,12,4,20,2,N,A,N,A,H,C,A,01,N,03,D,Y,,,,C,Y,N,D,4,4,0,0,22350.0,7,37.78084518,-122.49021658,2
2011,2011-11-18,1850,11,3,18,5,N,C,Y,B,H,C,A,07,S,08,B,,,,,C,Y,N,D,1,0,0,0,22107.0,3,37.75564572,-122.40331872,4
2011,2011-12-24,253,12,4,2,6,N,A,Y,A,H,C,A,01,N,01,C,,,,,C,Y,N,D,1,0,0,0,23152.0,2,37.73801507,-122.4081188,4
2011,2011-12-31,810,12,4,8,6,N,A,Y,A,H,A,A,01,S,08,E,,,,,I,Y,N,D,2,0,0,0,22107.0,2,37.74728499,-122.40455316,3
2011,2011-09-22,1906,9,3,19,4,N,A,Y,A,H,C,A,08,S,03,C,,,,,C,N,N,D,1,0,0,0,22350.0,4,37.76345384,-122.40503865,4
2011,2011-12-13,1800,12,4,18,2,N,A,N,A,H,C,A,01,W,01,C,,,,,C,Y,N,A,1,0,0,0,23153.0,3,37.80503007,-122.41887557,4
2011,2011-11-15,2121,11,3,21,2,Y,A,N,A,H,C,A,01,,01,D,,,,,C,Y,F,A,1,0,0,0,23153.0,2,37.78381,-122.43789,4
2011,2011-11-18,1715,11,3,17,5,N,C,N,B,H,C,A,01,W,03,C,,,,,C,Y,N,A,1,0,0,0,22350.0,3,37.77275978,-122.48011492,3
2012,2012-01-09,1354,1,4,13,1,N,A,Y,A,H,A,D,22,E,03,C,,,,,C,N,N,D,2,0,0,0,22350.0,2,37.79635148,-122.37973507,4
2012,2012-01-06,1741,1,4,17,5,N,A,Y,A,H,D,D,22,N,04,C,,,,,C,Y,N,D,2,0,0,0,21703.0,2,37.74865187,-122.40408209,3
2011,2011-12-30,1430,12,4,14,5,N,B,Y,A,H,A,D,22,W,04,C,,,,,C,N,N,D,2,0,0,0,21703.0,3,37.78445499,-122.39334316,4
2011,2011-12-13,1031,12,4,10,2,N,A,N,A,H,A,F,26,S,03,C,,,,Y,C,Y,N,D,1,0,0,0,22350.0,2,37.77441641,-122.45461504,4
2011,2011-12-15,1615,12,4,16,4,Y,B,N,A,H,A,A,01,,12,D,,,,,C,Y,N,A,2,0,0,0,21453.0,3,37.78921,-122.42381,4
2012,2012-01-03,1802,1,4,18,2,N,A,N,A,H,A,-,- ,W,00,B,,Y,,,G,N,N,A,1,0,1,0,,2,37.79428153,-122.39514666,4
2012,2012-01-02,1203,1,4,12,1,Y,A,N,A,H,A,A,01,,09,D,,,,,F,Y,N,D,1,0,0,0,21801.0,2,37.76208486,-122.46838313,3
2011,2011-12-25,1537,12,4,15,7,N,A,N,A,H,A,A,01,N,21,D,,,,,C,N,N,D,2,0,0,0,22106.0,3,37.74912718,-122.4226743,3
2011,2011-12-02,2230,12,4,22,5,Y,A,N,A,H,C,A,08,,12,D,,,,,C,Y,F,A,1,0,0,0,21453.0,2,37.75999,-122.42366,4
2011,2011-12-25,1458,12,4,14,7,Y,A,N,A,H,A,A,01,,12,D,,,,,C,Y,N,A,3,0,0,0,21453.0,2,37.79122,-122.41579,3
2011,2011-12-02,2257,12,4,22,5,Y,A,N,A,H,C,A,01,,21,B,,,Y,,C,N,F,D,1,0,0,1,22106.0,2,37.73503,-122.38317,3
2011,2011-12-04,1800,12,4,18,7,N,A,N,A,H,C,A,01,W,01,C,,,,,C,Y,F,A,1,0,0,0,23153.0,2,37.78538463,-122.41640221,4
2011,2011-12-02,252,12,4,2,5,Y,A,N,A,H,C,N,60,,11,G,Y,,,,B,N,N,A,1,1,0,0,21453.0,2,37.72159,-122.4727,4
2011,2011-12-02,1700,12,4,17,5,N,A,N,A,H,C,N,60,E,11,G,Y,,,,B,N,N,A,1,1,0,0,21955.0,2,37.79256845,-122.40533118,4
2011,2011-12-28,1305,12,4,13,3,N,A,N,A,H,C,C,02,N,03,E,,,Y,,I,Y,N,D,1,0,0,1,22350.0,1,37.73154499,-122.43881698,2
2011,2011-12-25,1739,12,4,17,7,Y,A,N,A,-,C,-,- ,,- ,G,Y,,,,B,N,N,A,1,1,0,0,,2,37.79194,-122.41764,4
2011,2011-12-24,1800,12,4,18,6,Y,A,N,A,H,C,A,01,,10,G,Y,,,,B,N,N,A,1,1,0,0,21950.0,2,37.76569,-122.47073,4
2011,2011-12-26,2112,12,4,21,1,Y,A,N,A,H,C,A,01,,01,C,,,,,E,Y,N,D,1,0,0,0,23152.0,2,37.7672,-122.43824,4
2011,2011-12-21,1329,12,4,13,3,Y,A,N,A,H,A,A,07,,10,G,Y,,,,B,,N,A,1,1,0,0,21950.0,2,37.76027,-122.41925,4
2011,2011-12-04,320,12,4,3,7,N,A,N,A,H,C,A,01,W,03,D,,,,,E,Y,M,A,1,0,0,0,22350.0,3,37.73658627,-122.49597083,4
2011,2011-12-23,1456,12,4,14,5,N,A,N,A,H,A,A,01,E,03,G,Y,,,,B,N,N,D,1,1,0,0,22350.0,2,37.76922133,-122.45313293,4
2011,2011-12-04,315,12,4,3,7,Y,A,N,A,H,C,A,01,,07,B,,,,,C,Y,F,A,2,0,0,0,21658.0,2,37.77662,-122.40492,4
2011,2011-12-23,1321,12,4,13,5,N,A,N,A,H,A,A,01,S,08,B,Y,,,,C,Y,N,A,3,1,0,0,22107.0,3,37.76573917,-122.46645575,4
2011,2011-12-13,1805,12,4,18,2,Y,A,N,A,H,C,-,- ,,00,D,,,,,C,,N,A,3,0,0,0,,2,37.734831,-122.4108405,4
2011,2011-12-27,1650,12,4,16,2,N,A,N,A,H,A,A,01,S,10,G,Y,,,,B,N,N,A,1,1,0,0,21952.0,2,37.77127522,-122.40545099,4
2011,2011-12-13,2123,12,4,21,2,Y,A,N,A,H,C,A,07,,12,D,,,,,C,N,N,A,2,0,0,0,21453.0,2,37.78982,-122.40386,4
2011,2011-12-02,930,12,4,9,5,Y,A,N,A,H,A,A,01,,12,D,,,,,C,Y,N,A,1,0,0,0,21453.0,2,37.78009,-122.43543,4
2011,2011-12-15,907,12,4,9,4,N,B,N,B,H,A,A,01,N,03,E,,,,,I,Y,N,D,1,0,0,0,22350.0,1,37.77677826,-122.39025056,4
2011,2011-12-15,1515,12,4,15,4,N,A,N,A,H,A,A,07,S,03,B,,,,,E,Y,N,A,1,0,0,0,22350.0,2,37.76921449,-122.44514869,3
2011,2011-12-15,1414,12,4,14,4,N,A,N,A,H,A,A,01,N,03,C,,,,,C,N,N,A,1,0,0,0,22350.0,2,37.76678806,-122.41987299,4
2011,2011-12-24,1947,12,4,19,6,Y,A,N,A,-,C,A,01,,12,D,,,,,C,Y,N,A,1,0,0,0,21453.0,2,37.78956,-122.42894,4
2011,2011-12-24,1338,12,4,13,6,N,A,N,A,H,A,M,94,W,22,H,,,,,C,N,N,A,1,0,0,0,,1,37.80862907,-122.41260806,4
2011,2011-12-24,1429,12,4,14,6,N,A,N,A,H,A,-,- ,W,03,C,,,,,C,N,N,A,1,0,0,0,22350.0,2,37.72314107,-122.45257519,4
2011,2011-12-05,1045,12,4,10,1,N,A,N,A,H,A,A,01,W,21,B,,,,,C,N,N,D,1,0,0,0,22106.0,2,37.76871199,-122.40239002,4
2011,2011-12-09,1930,12,4,19,5,Y,A,N,A,H,C,A,01,,21,C,Y,,,,B,N,N,D,1,1,0,0,22106.0,2,37.77784,-122.40646,4
2011,2011-12-27,2015,12,4,20,2,N,A,N,A,H,C,N,60,E,11,G,Y,,,,B,N,N,D,1,1,0,0,21954.0,2,37.70961989,-122.45384028,2
2011,2011-12-04,2105,12,4,21,7,N,A,N,A,H,C,-,- ,N,01,A,,,,,C,Y,N,A,2,0,0,0,23152.0,4,37.78676773,-122.41319269,3
2011,2011-12-24,336,12,4,3,6,N,A,N,A,H,C,A,01,N,01,E,,,,,I,Y,N,A,1,0,0,0,23152.0,1,37.77883961,-122.5135991,4
2011,2011-12-24,820,12,4,8,6,N,A,N,A,H,A,-,- ,E,03,C,,,,,C,N,N,A,2,0,0,0,22350.0,2,37.74303693,-122.40529645,4
2011,2011-12-03,313,12,4,3,6,N,A,N,A,H,C,A,01,E,01,A,,,,,I,Y,N,D,1,0,0,0,23152.0,1,37.72854498,-122.45286634,3
2011,2011-12-30,115,12,4,1,5,Y,A,N,A,H,C,A,01,,10,G,Y,,,,B,N,F,A,1,1,0,0,21950.0,2,37.78488,-122.41283,4
2011,2011-12-15,1720,12,4,17,4,-,A,N,A,H,B,A,01,,10,G,Y,,,,B,Y,N,D,1,1,0,0,21950.0,2,37.78159,-122.49456,4
2011,2011-12-29,1539,12,4,15,4,Y,B,N,A,H,A,A,01,,09,D,,,,,C,N,N,A,1,0,0,0,21803.0,2,37.71545,-122.43318,3
2011,2011-12-01,1939,12,4,19,4,Y,A,N,A,H,C,A,01,,01,D,,,,,C,Y,F,A,1,0,0,0,23153.0,2,37.72397,-122.42891,4
2011,2011-12-19,1910,12,4,19,1,N,A,N,A,H,C,A,01,N,04,C,,,,,C,Y,N,D,1,0,0,0,21703.0,2,37.7610073,-122.46399799,4
2011,2011-12-16,1330,12,4,13,5,Y,A,N,A,H,A,L,04,,12,D,,Y,,,G,N,N,A,1,0,1,0,22450.0,2,37.73778,-122.39596,4
2011,2011-12-09,1728,12,4,17,5,Y,A,N,A,H,C,A,01,,12,D,,,,,I,Y,N,A,1,0,0,0,22450.0,2,37.79273,-122.43966,4
2011,2011-12-19,1452,12,4,14,1,Y,A,N,A,H,A,A,01,,10,G,Y,,,,B,N,N,A,1,1,0,0,21950.0,2,37.74397,-122.42273,4
2011,2011-12-13,1957,12,4,19,2,N,A,N,A,H,C,A,07,W,03,C,,,,,C,N,N,A,1,0,0,0,22350.0,2,37.78807038,-122.42540292,4
2011,2011-12-16,1509,12,4,15,5,Y,A,N,A,H,A,A,01,,12,G,Y,,,,B,N,N,A,1,1,0,0,21453.0,3,37.74407,-122.42095,4
2011,2011-12-17,2258,12,4,22,6,N,A,N,A,H,C,A,01,E,01,B,,,,,E,Y,N,D,1,0,0,0,23153.0,3,37.71543118,-122.44093504,4
2011,2011-12-17,909,12,4,9,6,Y,A,N,A,H,A,A,01,,12,D,,,,,C,Y,N,A,4,0,0,0,21453.0,2,37.78543,-122.42473,3
2011,2011-12-05,1731,12,4,17,1,N,A,N,A,H,C,N,60,E,11,G,Y,,,,B,N,N,D,1,1,0,0,21954.0,2,37.77750655,-122.42582063,4
2011,2011-12-19,2040,12,4,20,1,Y,A,N,A,H,C,A,01,,09,D,,,,,C,N,N,A,1,0,0,0,21802.0,2,37.70957,-122.45772,4
2011,2011-12-23,948,12,4,9,5,Y,A,N,A,H,A,N,60,,11,G,Y,,,,B,N,N,A,1,1,0,0,21456.0,2,37.78272,-122.40649,4
2011,2011-12-06,953,12,4,9,2,N,A,N,A,H,A,A,01,N,03,C,,,,,C,Y,N,A,2,0,0,0,22350.0,3,37.71135153,-122.45312031,4
2011,2011-12-15,1522,12,4,15,4,N,A,N,A,H,A,A,01,S,05,G,Y,,,,B,N,F,A,1,1,0,0,21651.0,3,37.78338057,-122.43951828,4
2011,2011-12-05,2148,12,4,21,1,Y,A,N,A,H,C,J,48,,08,D,,,,,F,Y,N,A,1,0,0,0,22107.0,2,37.723,-122.44966,4
2011,2011-12-15,1709,12,4,17,4,Y,A,N,A,H,C,A,07,,- ,D,,,,,C,Y,F,D,1,0,0,0,,5,37.71305,-122.40212,4
2011,2011-12-13,900,12,4,9,2,Y,A,N,A,H,A,A,01,,10,G,Y,,,,B,N,N,A,1,1,0,0,21950.0,2,37.75412,-122.47865,4
2011,2011-12-30,540,12,4,5,5,Y,A,N,D,H,C,J,48,,08,D,,,,,F,Y,N,A,3,0,0,0,22101.0,2,37.75792,-122.38833,4
2011,2011-12-16,1059,12,4,10,5,N,A,N,A,H,A,A,08,S,05,G,Y,,,,B,N,N,A,1,1,0,0,21651.0,2,37.76446005,-122.41747959,4
2011,2011-12-17,701,12,4,7,6,Y,A,N,A,H,A,A,01,,12,D,,,,,C,Y,N,A,1,0,0,0,21453.0,4,37.77853,-122.40564,3
2011,2011-12-10,1523,12,4,15,6,N,A,N,A,H,A,A,01,S,10,G,Y,,,,B,N,N,A,1,1,0,0,21950.0,2,37.76413306,-122.46425462,4
2011,2011-12-22,1956,12,4,19,4,N,A,N,A,H,C,A,01,E,05,E,,,,,I,Y,N,D,1,0,0,0,21651.0,1,37.76611749,-122.46069665,4
2011,2011-12-01,1500,12,4,15,4,Y,A,N,A,H,A,L,04,,02,D,,Y,,,G,N,N,A,1,0,1,0,21656.0,2,37.76476,-122.49444,4
2011,2011-12-15,1844,12,4,18,4,N,A,N,A,A,C,L,04,W,03,F,,Y,,,A,N,N,D,1,0,1,0,22350.0,1,37.78808034,-122.41030801,4
2011,2011-12-05,945,12,4,9,1,N,A,N,A,H,A,-,- ,W,- ,D,,Y,,,A,N,N,-,1,0,1,0,,1,37.77544143,-122.41895968,3
2011,2011-12-10,2326,12,4,23,6,Y,A,N,A,H,C,L,04,,07,E,,Y,,,J,N,N,A,1,0,1,0,21658.0,1,37.77181,-122.42364,3
2011,2011-12-24,2130,12,4,21,6,Y,A,N,A,H,C,L,04,,08,-,,Y,,,A,N,N,A,1,0,1,0,22107.0,1,37.78571,-122.40588,3
2011,2011-12-02,1700,12,4,17,5,N,A,N,A,H,A,L,04,N,08,D,,Y,,,G,N,N,D,1,0,1,0,22107.0,2,37.74182535,-122.38954057,4
2011,2011-12-03,150,12,4,1,6,Y,A,N,A,H,C,N,60,,11,A,Y,,,,B,N,N,A,1,1,0,0,21453.0,2,37.78685,-122.41996,2
2011,2011-12-24,850,12,4,8,6,N,A,N,A,H,A,L,04,S,03,E,,Y,,,I,N,N,D,1,0,1,0,22350.0,1,37.77948,-122.5115,3
2011,2011-12-02,1509,12,4,15,5,N,A,N,A,H,A,N,60,S,11,G,Y,,,,B,N,N,D,1,1,0,0,21954.0,2,37.77319335,-122.42733946,3
2011,2011-12-24,1030,12,4,10,6,N,A,N,A,H,A,-,- ,N,03,D,,Y,,,G,N,N,A,1,0,1,0,22350.0,2,,,3
2011,2011-12-03,205,12,4,2,6,N,A,N,A,H,C,-,- ,S,10,G,Y,,,,B,,F,A,1,1,0,0,21950.0,2,37.80086422,-122.43628317,2
2011,2011-12-16,1642,12,4,16,5,Y,A,N,A,H,A,A,01,,08,D,,Y,,,G,N,F,A,1,0,1,0,22107.0,2,37.76358,-122.41738,3
2011,2011-12-06,710,12,4,7,2,N,A,N,A,H,A,L,04,W,- ,G,Y,Y,,,B,N,N,A,2,1,1,0,,2,37.79291262,-122.40284707,4
2011,2011-12-02,1329,12,4,13,5,N,A,N,A,H,A,-,- ,N,00,G,Y,,Y,,B,N,N,A,1,1,0,0,,2,37.76616768,-122.41054447,4
2011,2011-12-06,1312,12,4,13,2,N,A,N,A,H,A,A,01,N,17,H,,Y,,,G,N,N,D,1,0,1,0,22517.0,2,37.7670086,-122.41768923,4
2011,2011-12-01,1037,12,4,10,4,Y,A,N,A,H,A,-,- ,,10,G,Y,,,,B,N,F,A,1,1,0,0,21950.0,2,37.78222,-122.41033,2
2011,2011-12-22,1606,12,4,16,4,N,A,N,A,H,A,A,01,W,08,D,,Y,,,G,N,N,D,1,0,1,0,22107.0,2,37.77005285,-122.48168158,4
2011,2011-12-15,1012,12,4,10,4,N,A,N,A,H,A,A,01,S,10,G,Y,,,,B,N,N,A,1,1,0,0,21950.0,2,37.78339142,-122.43952045,4
2011,2011-12-16,2057,12,4,20,5,N,A,N,A,H,C,N,60,E,11,G,Y,,,,B,N,N,A,1,1,0,0,21954.0,2,37.78382969,-122.43779045,3
2011,2011-12-28,1921,12,4,19,3,N,A,N,A,H,C,A,01,E,08,B,,Y,,,G,N,N,D,1,0,1,0,22107.0,2,37.77454554,-122.40949872,4
2011,2011-12-14,2105,12,4,21,3,Y,A,N,A,H,C,A,01,,- ,G,Y,,,,B,N,N,D,1,1,0,0,,2,37.77407,-122.39569,4
2011,2011-12-19,2120,12,4,21,1,Y,A,N,A,H,C,A,01,,03,G,Y,,,,B,N,F,D,1,1,0,0,22350.0,2,37.76199,-122.44332,3
2011,2011-12-15,1542,12,4,15,4,N,A,N,A,H,A,N,60,S,11,G,Y,,,,B,N,N,A,1,1,0,0,21955.0,2,37.77403379,-122.41436416,4
2011,2011-12-06,1350,12,4,13,2,N,A,N,A,H,A,A,01,S,10,G,Y,,,,B,N,N,A,1,1,0,0,21950.0,2,37.79689785,-122.4220178,4
2011,2011-12-19,2135,12,4,21,1,Y,A,N,A,H,C,N,60,,11,G,Y,,,,B,N,N,A,1,1,0,0,21954.0,2,37.77933,-122.40665,2
2011,2011-12-31,22,12,4,0,6,Y,A,N,A,H,C,A,07,,12,G,Y,,,,B,N,F,A,1,1,0,0,21453.0,2,37.74315,-122.42154,2
2011,2011-12-27,2328,12,4,23,2,Y,A,N,A,H,C,A,01,,10,G,Y,,,,B,N,N,A,1,1,0,0,21954.0,2,37.77577,-122.42449,4
2011,2011-12-10,2245,12,4,22,6,Y,A,N,A,H,C,A,01,,08,A,,,,,C,Y,N,A,1,0,0,0,22100.0,2,37.77675,-122.40786,4
2011,2011-12-24,249,12,4,2,6,Y,A,N,A,H,C,A,07,,12,D,,,,,C,Y,F,A,1,0,0,0,22450.0,3,37.72718,-122.43687,4
2011,2011-12-23,1454,12,4,14,5,Y,A,N,A,H,A,A,01,,09,D,,,,,C,Y,N,A,3,0,0,0,21802.0,2,37.75901,-122.49576,4
2011,2011-12-17,20,12,4,0,6,N,A,N,A,H,C,N,60,W,11,G,Y,,,,B,N,N,A,1,1,0,0,21955.0,2,37.76548784,-122.41327659,3
2011,2011-12-31,25,12,4,0,6,Y,A,N,B,H,C,A,01,,03,D,,,,,C,Y,F,A,1,0,0,0,22350.0,3,37.73078,-122.37986,4
2011,2011-12-31,1424,12,4,14,6,N,A,N,A,H,A,A,01,W,21,G,,,,,J,N,F,D,1,0,0,0,22106.0,2,37.77800523,-122.41052854,3
2011,2011-12-30,1900,12,4,19,5,Y,A,N,A,H,C,A,01,,12,A,,,,,J,N,F,A,1,0,0,0,21453.0,2,37.78497,-122.41961,4
2011,2011-12-30,1154,12,4,11,5,Y,B,N,A,H,A,L,04,,12,D,,Y,,,G,N,N,A,1,0,1,0,22450.0,2,37.77277,-122.42554,3