ACCIDENT_YEAR,COLLISION_DATE,COLLISION_TIME,MONTH,SEASON,24HOURS,DAY_OF_WEEK,INTERSECTION,WEATHER_1,STATE_HWY_IND,ROAD_SURFACE,ROAD_COND_1,LIGHTING,STWD_VEHTYPE_AT_FAULT,CHP_VEHTYPE_AT_FAULT,DIRECTION,PCF_VIOL_CATEGORY,TYPE_OF_COLLISION,PEDESTRIAN_ACCIDENT,BICYCLE_ACCIDENT,MOTORCYCLE_ACCIDENT,TRUCK_ACCIDENT,MVIW,TOW_AWAY,HIT_AND_RUN,CONTROL_DEVICE,NUMBER_INJURED,COUNT_PED_INJURED,COUNT_BICYCLIST_INJURED,COUNT_MC_INJURED,PCF_VIOLATION,PARTY_COUNT,POINT_Y,POINT_X,COLLISION_SEVERITY
2012,2012-02-21,1734,2,4,17,2,N,A,N,A,H,A,A,01,S,- ,A,,,,,I,Y,N,A,2,0,0,0,,1,37.76244068,-122.38873905,4
2012,2012-02-26,140,2,4,1,7,N,A,N,A,H,C,A,07,,03,D,,,,,C,Y,F,D,1,0,0,0,22350.0,3,,,3
2012,2012-02-08,912,2,4,9,3,Y,A,N,A,H,A,A,01,,07,B,,,,,C,N,N,A,1,0,0,0,21658.0,2,37.78030486,-122.43383319,4
2012,2012-02-19,1257,2,4,12,7,Y,A,N,A,H,A,A,01,,12,D,,,,,C,N,N,A,1,0,0,0,21453.0,2,37.74233484,-122.42335318,4
2012,2012-02-16,1110,2,4,11,4,Y,A,N,A,H,A,A,01,,09,D,,,,,C,N,N,A,1,0,0,0,21802.0,2,37.7315349,-122.45496317,4
2012,2012-02-10,1815,2,4,18,5,Y,C,N,B,H,C,L,04,,12,G,Y,Y,,,-,N,N,A,2,1,1,0,21453.0,2,37.78982494,-122.40387311,3
2012,2012-02-14,1510,2,4,15,2,Y,A,N,A,H,A,C,02,,- ,F,,,Y,,A,N,N,D,1,0,0,1,,1,37.8050349,-122.40351307,4
2012,2012-02-23,1750,2,4,17,4,N,A,N,A,H,B,L,04,E,06,B,,Y,,,G,N,N,A,1,0,1,0,21755.0,2,37.71569218,-122.43950723,3
2012,2012-02-22,1002,2,4,10,3,Y,A,N,A,H,A,A,01,,12,D,,,,,C,Y,N,A,2,0,0,0,21453.0,2,37.7802749,-122.41865308,4
2012,2012-02-14,2315,2,4,23,2,Y,C,N,B,H,C,A,01,,12,D,,,,,C,Y,N,A,1,0,0,0,21453.0,2,37.78621486,-122.42490309,4
2012,2012-02-23,2253,2,4,22,4,Y,A,N,A,H,C,A,01,,09,D,,Y,,,G,Y,N,A,1,0,1,0,21801.0,2,37.76987492,-122.42239318,3
2012,2012-02-27,1342,2,4,13,1,N,A,N,A,A,A,-,- ,W,06,G,Y,,,,B,N,N,A,1,1,0,0,21756.0,2,37.74260863,-122.48684549,3
2012,2012-02-11,139,2,4,1,6,Y,C,N,B,H,C,A,01,,01,D,,,,,C,Y,N,A,2,0,0,0,23153.0,2,37.78753494,-122.40052319,4
2012,2012-02-14,2239,2,4,22,2,Y,A,N,B,H,C,A,01,,09,D,,,Y,,C,Y,N,A,1,0,0,1,21801.0,2,37.77337488,-122.46701308,4
2012,2012-02-27,49,2,4,0,1,N,A,N,A,H,C,A,01,E,01,C,,,,,E,Y,N,D,1,0,0,0,23152.0,3,37.76967592,-122.44958187,3
2012,2012-02-09,850,2,4,8,4,Y,A,N,A,H,A,A,01,,12,D,,,,,C,Y,N,A,1,0,0,0,21453.0,3,37.77761491,-122.45524316,3
2012,2012-02-12,1039,2,4,10,7,N,A,N,A,H,A,A,01,E,04,C,,,,,C,N,N,D,1,0,0,0,21703.0,2,37.77308165,-122.44547149,4
2012,2012-02-14,915,2,4,9,2,Y,A,N,A,H,A,-,- ,,10,G,Y,,,,B,N,N,A,1,1,0,0,21950.0,2,37.78864494,-122.4135832,4
2012,2012-02-08,1724,2,4,17,3,Y,A,N,A,H,B,A,01,,03,C,,,,,C,Y,N,D,1,0,0,0,22350.0,2,37.76612489,-122.46042318,4
2012,2012-02-13,1743,2,4,17,1,Y,B,N,A,H,B,A,01,,08,D,,,Y,,C,N,N,A,1,0,0,0,22100.0,2,37.79005488,-122.41726309,3
2012,2012-02-12,33,2,4,0,7,Y,B,N,A,H,C,A,01,,03,A,,,,,I,Y,N,A,1,0,0,0,22350.0,1,37.72465488,-122.43494321,3
2012,2012-02-04,1555,2,4,15,6,N,A,N,A,H,A,L,04,S,05,B,,Y,,,G,N,N,D,1,0,1,0,21650.0,2,37.77458189,-122.42928219,4
2012,2012-02-29,1105,2,4,11,3,Y,A,N,A,H,A,A,07,,09,D,,,,,C,N,N,A,2,0,0,0,21802.0,2,37.78193485,-122.4521932,3
2012,2012-02-13,1930,2,4,19,1,N,B,N,B,H,C,-,- ,E,- ,C,,,,,D,N,F,A,1,0,0,0,,2,37.79600246,-122.42149027,4
2012,2012-02-04,1709,2,4,17,6,Y,A,N,A,H,A,A,01,,12,D,,,,,C,N,N,D,2,0,0,0,22450.0,2,37.76564484,-122.47184308,4
2012,2012-02-06,823,2,4,8,1,Y,A,N,A,H,A,A,01,,08,B,,Y,,,G,N,N,A,1,0,1,0,22107.0,2,37.76775489,-122.42900314,4
2012,2012-02-29,946,2,4,9,3,N,A,N,A,H,A,-,- ,N,00,B,,,Y,,C,N,N,D,1,0,0,1,,2,37.77238146,-122.44580033,4
2012,2012-02-06,1527,2,4,15,1,Y,A,N,A,H,A,A,07,,12,F,,,,,C,Y,N,A,1,0,0,0,22450.0,4,37.7672449,-122.4047732,4
2012,2012-02-05,1530,2,4,15,7,Y,A,N,A,-,A,A,01,,12,D,,,,,C,Y,N,A,1,0,0,0,21453.0,2,37.77791489,-122.43001311,4
2012,2012-02-06,1455,2,4,14,1,Y,B,N,A,H,A,L,04,,05,D,,Y,,,G,N,N,A,1,0,1,0,21650.0,2,37.76819485,-122.41073308,3
2012,2012-02-28,2252,2,4,22,2,Y,C,Y,B,H,C,A,01,,12,D,,,,,C,Y,F,A,1,0,0,0,21453.0,2,37.71942498,-122.44828316,4
2012,2012-02-05,1045,2,4,10,7,Y,A,N,A,H,A,A,01,,12,D,,,,,C,Y,N,A,1,0,0,0,21453.0,2,37.78405491,-122.41942313,4
2012,2012-02-12,1354,2,4,13,7,Y,B,N,A,H,A,A,01,,12,D,,,,,C,Y,N,A,1,0,0,0,21453.0,2,37.78008492,-122.48694321,4
2012,2012-02-05,705,2,4,7,7,N,A,N,A,H,A,A,01,S,09,C,,Y,,,G,N,N,D,1,0,1,0,21801.0,2,37.78793142,-122.45939329,3
2012,2012-02-29,910,2,4,9,3,N,A,N,A,H,A,A,01,S,08,C,,,,,E,N,N,D,1,0,0,0,22107.0,2,37.75643354,-122.50033272,3
2012,2012-02-12,1814,2,4,18,7,Y,B,N,B,H,C,A,01,,10,G,Y,,,,B,N,N,A,1,1,0,0,21950.0,2,37.80032491,-122.41022319,4
2012,2012-02-04,1743,2,4,17,6,Y,A,N,A,H,A,A,01,,01,H,,,,,J,Y,N,A,1,0,0,0,23152.0,1,37.7403049,-122.42226311,4
2012,2012-02-05,55,2,4,0,7,N,A,N,A,H,C,A,01,W,08,D,,,Y,,C,N,N,A,1,0,0,1,22107.0,2,37.77473263,-122.45501117,3
2012,2012-02-28,1746,2,4,17,2,Y,A,N,A,H,B,A,01,,08,B,,,Y,,C,Y,N,A,1,0,0,1,22107.0,2,37.78257493,-122.47304309,4
2012,2012-02-05,2027,2,4,20,7,N,A,N,A,H,C,N,60,E,11,G,Y,,,,B,N,N,A,1,1,0,0,21954.0,2,37.76269486,-122.4352132,3
2012,2012-02-04,1920,2,4,19,6,Y,A,N,A,H,C,A,01,,01,D,,,,,C,Y,N,A,1,0,0,0,23140.0,2,37.78925489,-122.39519311,4
2012,2012-02-03,945,2,4,9,5,Y,A,N,A,H,A,A,01,,12,D,,,,,C,Y,N,A,1,0,0,0,21453.0,2,37.7798749,-122.43710311,4
2012,2012-02-14,1929,2,4,19,2,N,A,N,A,H,C,A,01,S,10,G,Y,,,,B,N,N,A,2,2,0,0,21950.0,3,37.77713555,-122.46512018,4
2012,2012-02-04,700,2,4,7,6,Y,A,N,A,H,A,A,01,,12,D,,,,,C,Y,N,D,2,0,0,0,22450.0,2,37.72517489,-122.39039312,3
2012,2012-02-02,1945,2,4,19,4,N,A,N,A,H,C,C,02,N,03,C,,,Y,,E,Y,N,D,1,0,0,1,22350.0,2,37.79668367,-122.40188387,3
2012,2012-02-02,1123,2,4,11,4,N,A,N,A,H,A,C,02,E,08,B,,,Y,,C,N,N,A,1,0,0,1,22107.0,2,37.7643262,-122.43233558,4
2012,2012-02-07,1652,2,4,16,2,Y,C,N,B,H,A,A,08,,21,G,Y,,,,B,N,N,D,1,1,0,0,22106.0,2,37.7787949,-122.41043317,3
2012,2012-02-05,210,2,4,2,7,Y,A,N,A,H,C,A,01,,09,D,,,,,C,Y,N,A,3,0,0,0,21801.0,2,37.76318484,-122.42399312,4
2012,2012-02-03,1710,2,4,17,5,N,A,N,A,H,A,A,01,N,08,B,,Y,,,G,N,N,D,1,0,1,0,22107.0,2,37.79463663,-122.39329755,3
2012,2012-02-02,1820,2,4,18,4,Y,A,N,A,H,C,A,01,,08,D,,,Y,,C,N,N,D,1,0,0,1,22107.0,2,37.74190487,-122.38662309,4
2012,2012-02-07,845,2,4,8,2,Y,C,N,B,H,A,A,01,,12,G,Y,,,,B,N,F,A,1,1,0,0,21453.0,2,37.78167487,-122.41555318,3
2012,2012-02-04,1900,2,4,19,6,N,A,N,A,H,C,C,02,S,03,B,,,Y,,A,N,N,D,1,0,0,1,22350.0,1,37.78619971,-122.4164929,4
2012,2012-02-04,205,2,4,2,6,Y,A,N,A,H,C,A,01,,12,D,,,Y,,C,N,F,D,1,0,0,1,22450.0,2,37.72202483,-122.3931931,3
2012,2012-02-02,1540,2,4,15,4,N,A,N,A,-,A,N,60,N,11,G,Y,,,,B,N,N,D,1,1,0,0,21956.0,2,37.79896384,-122.41398774,4
2012,2012-02-03,2145,2,4,21,5,Y,A,N,A,D,C,N,60,,10,G,Y,,,,B,Y,N,A,1,1,0,0,21950.0,2,37.77744487,-122.41318316,3
2012,2012-02-07,1154,2,4,11,2,Y,A,N,A,H,A,A,01,,09,D,,,,,C,Y,N,A,2,0,0,0,21802.0,2,37.73691489,-122.39769307,4
2012,2012-02-02,859,2,4,8,4,N,A,N,A,H,A,L,04,E,06,D,,Y,,,G,N,N,D,1,0,1,0,21750.0,2,37.77353699,-122.4271134,4
2012,2012-02-02,1933,2,4,19,4,Y,A,N,A,H,C,A,01,,10,G,Y,,,,B,N,N,D,1,1,0,0,21950.0,2,37.76624491,-122.39981317,3
2012,2012-02-06,1544,2,4,15,1,N,A,N,A,H,A,N,60,S,11,G,Y,,,,B,N,N,D,1,1,0,0,21955.0,2,37.73009947,-122.46638095,3
2012,2012-02-02,1105,2,4,11,4,Y,A,N,A,H,A,A,01,,12,D,,,,,C,Y,N,A,1,0,0,0,21453.0,2,37.78130491,-122.46005317,4
2012,2012-02-02,1715,2,4,17,4,Y,A,N,A,H,A,A,01,,03,C,,,,,C,Y,M,A,1,0,0,0,22350.0,3,37.76269486,-122.4352132,4
2012,2012-02-14,1903,2,4,19,2,Y,A,N,A,H,C,L,04,,07,B,,Y,,,G,N,N,A,1,0,1,0,21658.0,2,37.77408485,-122.43764318,4
2012,2012-02-13,715,2,4,7,1,N,B,N,A,H,B,A,01,N,10,G,Y,,,,B,N,N,D,1,1,0,0,21950.0,2,37.71358204,-122.43673794,4
2012,2012-02-24,1015,2,4,10,5,Y,A,N,A,H,A,A,01,,09,D,,,,,C,Y,N,A,2,0,0,0,21801.0,2,37.77533485,-122.42778313,4
2012,2012-02-02,2330,2,4,23,4,N,B,N,A,H,C,A,01,S,08,D,,Y,,,G,Y,N,A,1,0,1,0,22103.0,2,37.75374114,-122.416465,3
2012,2012-02-14,1445,2,4,14,2,N,A,N,A,G,A,C,02,S,10,G,Y,,Y,,B,N,N,A,1,1,0,0,21950.0,2,37.78073138,-122.41534053,4
2012,2012-02-12,1605,2,4,16,7,N,B,N,A,H,A,A,01,W,10,G,Y,,,,B,N,N,A,1,1,0,0,21950.0,2,37.79313596,-122.39658823,3
2012,2012-02-29,600,2,4,6,3,Y,B,N,B,H,C,-,- ,,- ,E,,,,,I,Y,N,A,1,0,0,0,,1,37.79953486,-122.40907312,4
2012,2012-02-03,10,2,4,0,5,Y,A,N,A,H,C,A,08,,12,D,,,,,C,Y,F,A,2,0,0,0,21453.0,3,37.78871487,-122.43551309,4
2012,2012-02-14,2340,2,4,23,2,Y,C,N,D,H,C,N,60,,11,G,Y,,,,B,N,N,A,1,1,0,0,21955.0,2,37.78051486,-122.41254309,4
2012,2012-02-12,2016,2,4,20,7,Y,C,N,B,H,C,N,60,,- ,G,Y,,,,B,N,N,A,1,1,0,0,,2,37.74812492,-122.41828311,4
2012,2012-02-29,1339,2,4,13,3,Y,A,N,A,H,C,A,01,,09,D,,,Y,,C,Y,N,A,1,0,0,1,21802.0,2,37.77287485,-122.47781315,4
2012,2012-02-02,1255,2,4,12,4,N,A,N,A,H,A,-,- ,S,18,H,,Y,,,J,N,N,D,1,0,1,0,,1,37.72652311,-122.4419084,4
2012,2012-02-10,1135,2,4,11,5,Y,C,N,B,G,A,A,01,,03,D,,,,,C,Y,N,A,1,0,0,0,22350.0,2,37.77186484,-122.41404314,3
2012,2012-02-12,1340,2,4,13,7,Y,A,Y,A,H,A,N,60,,11,G,Y,,,,B,N,N,A,1,1,0,0,21950.0,2,37.7252709,-122.44665528,3
2012,2012-02-29,2220,2,4,22,3,N,B,N,A,H,C,A,01,S,08,E,,,,,I,Y,N,D,1,0,0,0,22107.0,1,37.76820226,-122.38624781,3
2012,2012-02-02,1350,2,4,13,4,N,A,N,A,H,A,-,- ,W,03,C,,,,,C,N,N,D,1,0,0,0,22350.0,3,37.74997469,-122.39349523,4
2012,2012-02-13,30,2,4,0,1,N,C,N,B,H,C,A,01,W,03,E,,,,,I,Y,N,A,1,0,0,0,22350.0,1,37.78867094,-122.40218456,4
2012,2012-02-29,1319,2,4,13,3,N,A,N,A,H,A,A,01,E,03,C,,,,,C,N,N,A,2,0,0,0,22350.0,3,37.7336549,-122.43488832,4
2012,2012-02-02,1717,2,4,17,4,Y,A,N,A,H,A,A,07,,10,G,Y,,,,B,,N,A,1,1,0,0,21950.0,2,37.78412493,-122.44140308,4
2012,2012-02-13,325,2,4,3,1,N,C,N,B,H,C,A,01,N,01,E,,,,,C,Y,M,D,1,0,0,0,23152.0,2,37.76105749,-122.43507487,3
2012,2012-02-13,1353,2,4,13,1,Y,B,N,A,H,A,A,01,,10,G,Y,,,,B,N,N,A,1,1,0,0,21950.0,3,37.78602492,-122.45673321,4
2012,2012-02-24,1827,2,4,18,5,Y,A,N,A,H,B,A,01,,09,D,,,,,C,Y,N,A,1,0,0,0,21802.0,3,37.77809485,-122.40507311,4
2012,2012-02-03,114,2,4,1,5,Y,A,N,A,H,C,A,01,,10,G,Y,,,,B,N,F,A,1,1,0,0,21950.0,2,37.7491949,-122.41601307,4
2012,2012-02-06,720,2,4,7,1,Y,A,N,A,H,A,A,01,,08,D,,,Y,,C,N,N,D,1,0,0,1,22107.0,2,37.77695493,-122.40144313,4
2012,2012-02-13,1644,2,4,16,1,Y,A,N,A,H,A,A,01,,10,G,Y,,,,B,N,N,A,3,3,0,0,21950.0,4,37.71770485,-122.44018317,3
2012,2012-02-26,2028,2,4,20,7,N,A,N,A,A,C,-,- ,E,18,H,,,,,A,N,N,D,1,0,0,0,,1,37.78576351,-122.40579465,3
2012,2012-02-01,527,2,4,5,3,N,C,N,B,E,E,N,60,E,11,A,Y,,,,B,,N,A,1,1,0,0,21954.0,2,37.74814827,-122.41718687,3
2012,2012-02-07,744,2,4,7,2,N,C,N,B,G,A,-,- ,E,18,H,,,Y,,I,N,N,D,1,0,0,1,,1,37.77201774,-122.42339042,4
2012,2012-02-14,1402,2,4,14,2,N,A,N,A,H,A,A,01,W,21,G,Y,,,,B,N,N,D,1,1,0,0,22106.0,2,37.79962859,-122.40834964,4
2012,2012-02-25,1957,2,4,19,6,N,A,N,A,H,C,A,01,N,03,C,,,,,C,Y,N,D,1,0,0,0,22350.0,2,37.78852884,-122.41527648,4
2012,2012-02-01,1636,2,4,16,3,Y,A,N,A,H,A,-,- ,,10,G,Y,,,,B,N,N,A,1,1,0,0,21950.0,2,37.77831485,-122.39654314,4
2012,2012-02-09,1145,2,4,11,4,N,A,N,A,H,A,-,- ,N,18,B,,,,,E,N,N,D,1,0,0,0,,3,37.72205931,-122.46757072,2
2012,2012-04-22,1512,4,1,15,7,N,A,Y,A,H,A,D,22,S,03,C,,,,,C,Y,N,D,1,0,0,0,22350.0,2,37.76977319,-122.40808162,4
2012,2012-01-29,213,1,4,2,7,N,A,N,A,H,C,A,01,N,01,C,,,,,C,Y,N,A,5,0,0,0,23153.0,2,37.72469776,-122.43491207,4
2012,2012-01-28,1233,1,4,12,6,N,A,N,A,H,A,A,01,W,10,F,Y,,,,B,N,N,A,1,1,0,0,21950.0,2,37.80094246,-122.42788375,4
2012,2012-01-27,1503,1,4,15,5,Y,A,N,A,H,A,A,01,,12,D,,,,,C,Y,N,A,4,0,0,0,21453.0,2,37.73396487,-122.49152321,4
2012,2012-01-26,1606,1,4,16,4,Y,A,N,A,H,A,L,04,,12,D,,Y,,,G,N,N,A,1,0,1,0,21453.0,2,37.77750485,-122.43329311,3
2012,2012-01-26,1719,1,4,17,4,N,B,N,A,H,A,-,- ,S,18,G,Y,,,,B,N,N,A,2,2,0,0,,3,37.7821686,-122.41903049,4
2012,2012-01-25,1345,1,4,13,3,N,A,N,A,H,A,L,04,S,03,F,,Y,,,J,N,N,-,1,0,1,0,22350.0,1,37.71581424,-122.49886823,4
2012,2012-01-24,1416,1,4,14,2,N,A,N,A,H,A,N,60,S,11,G,Y,,,,B,N,N,A,1,1,0,0,21456.0,2,37.78220817,-122.41029961,3
2012,2012-01-24,930,1,4,9,2,N,A,N,A,H,A,L,04,W,08,B,,Y,,,G,N,N,D,1,0,1,0,22107.0,2,37.78032679,-122.39094136,3
2012,2012-01-13,1840,1,4,18,5,N,B,N,A,H,C,A,07,S,10,G,Y,,,,B,N,N,A,1,1,0,0,21950.0,2,37.77750411,-122.41808089,4
2012,2012-01-31,1645,1,4,16,2,Y,A,N,A,H,A,A,01,,09,D,,Y,,,G,N,N,A,1,0,1,0,21802.0,2,37.7823749,-122.47742317,3
2012,2012-01-31,1500,1,4,15,2,N,B,N,A,H,A,L,04,S,17,G,Y,Y,,,B,N,F,D,1,1,0,0,21200.0,2,37.79360339,-122.39252667,3
2012,2012-01-31,1002,1,4,10,2,N,A,N,A,H,A,C,02,E,03,C,,Y,Y,,G,N,N,D,2,0,1,1,22350.0,2,37.76657483,-122.3944769,4
2012,2012-01-30,1904,1,4,19,1,Y,A,N,A,H,C,A,01,,05,B,,,,,C,Y,N,A,1,0,0,0,21650.0,5,37.73168492,-122.39022317,3
2012,2012-01-30,1811,1,4,18,1,N,A,N,A,H,C,A,08,N,17,B,,Y,,,G,N,N,D,1,0,1,0,22517.0,2,37.72778924,-122.43239403,3
2012,2012-01-30,942,1,4,9,1,Y,A,N,A,H,A,-,- ,,00,D,,,,,C,N,N,A,1,0,0,0,,2,37.77667485,-122.43989313,4
2012,2012-01-30,359,1,4,3,1,N,A,N,A,H,C,A,01,S,21,G,Y,,,,B,N,F,D,1,1,0,0,22106.0,2,37.71791629,-122.44002269,4
2012,2012-01-30,338,1,4,3,1,Y,A,N,A,H,C,A,07,,01,F,,,,,I,Y,N,D,1,0,0,0,23153.0,1,37.72963482,-122.49366317,2
2012,2012-04-24,1125,4,1,11,2,N,A,Y,A,H,A,F,26,S,07,B,,,,Y,C,Y,M,D,1,0,0,0,21658.0,2,37.72437577,-122.40163203,4
2012,2012-04-27,2320,4,1,23,5,N,A,Y,A,H,D,A,01,E,03,C,,,,,C,Y,N,D,2,0,0,0,22350.0,2,37.77822546,-122.4008832,4
2012,2012-04-21,1440,4,1,14,6,N,A,Y,A,H,A,A,01,E,04,C,,,,,C,N,N,D,1,0,0,0,21703.0,2,37.77598602,-122.40482842,4
2012,2012-04-20,1700,4,1,17,5,N,A,Y,A,H,A,A,07,S,03,C,,,,,C,N,N,D,3,0,0,0,22350.0,2,37.76656233,-122.40508761,4
2012,2012-04-10,2130,4,1,21,2,N,B,Y,B,H,C,A,01,E,01,B,,,,,C,Y,N,D,1,0,0,0,23152.0,3,37.77299151,-122.40660204,4
2012,2012-05-01,1620,5,1,16,2,N,A,Y,A,H,A,D,22,E,07,B,,,,,C,N,M,D,1,0,0,0,21658.0,2,37.81502712,-122.35613513,4
2012,2012-04-25,843,4,1,8,3,N,A,Y,A,H,A,A,01,N,03,C,,,,,C,N,N,D,1,0,0,0,22350.0,2,37.72412377,-122.40153603,4
2012,2012-04-24,858,4,1,8,2,N,B,Y,A,H,A,A,01,N,07,B,,,Y,,C,Y,N,D,1,0,0,1,21658.0,2,37.77063976,-122.41777675,4
2012,2012-04-15,230,4,1,2,7,N,A,Y,A,H,D,A,01,S,01,A,,,,,I,Y,N,D,3,0,0,0,23152.0,1,37.77965156,-122.38966468,3
2012,2012-04-27,445,4,1,4,5,N,A,Y,A,H,C,A,07,W,03,C,,,,,C,N,N,D,1,0,0,0,22350.0,2,37.80612652,-122.36940329,4
2012,2012-04-27,1510,4,1,15,5,N,A,Y,A,H,A,A,01,W,07,C,,,,,C,Y,N,D,1,0,0,0,21658.0,2,37.80370767,-122.37184207,4
2012,2012-04-18,1732,4,1,17,3,N,A,Y,A,H,A,A,07,N,03,C,,,,,C,Y,N,D,2,0,0,0,22350.0,4,37.81039159,-122.47745941,4
2012,2012-02-01,1240,2,4,12,3,N,A,N,A,H,A,L,04,E,- ,H,,Y,,,G,N,N,A,1,0,1,0,,2,37.77804633,-122.42153298,4
2012,2012-02-01,1349,2,4,13,3,Y,A,N,A,H,A,A,07,,09,D,,,,,C,Y,N,A,2,0,0,0,21802.0,2,37.72904485,-122.41840311,4
2012,2012-02-01,1348,2,4,13,3,N,A,N,A,H,A,A,07,N,05,B,,,,,C,Y,N,D,1,0,0,0,21651.0,2,37.71071614,-122.47110321,4
2012,2012-02-01,1243,2,4,12,3,Y,A,N,A,H,A,A,01,,08,F,,,Y,,A,N,N,A,1,0,0,1,22100.0,2,37.76787486,-122.42684307,3
2012,2012-02-04,1742,2,4,17,6,N,A,N,A,H,A,A,01,N,01,B,,,,,E,Y,M,D,1,0,0,0,23152.0,2,37.73879823,-122.42331396,4
2012,2012-04-30,730,4,1,7,1,N,A,N,A,H,A,-,- ,W,18,H,,,,,A,N,N,D,1,0,0,0,,1,37.76397934,-122.43361486,3
2012,2012-05-01,1420,5,1,14,2,N,A,Y,A,H,A,A,07,N,04,C,,,,,C,Y,N,D,1,0,0,0,21703.0,2,37.76448649,-122.40488316,4
2012,2012-04-11,1730,4,1,17,3,N,A,Y,A,H,A,A,01,N,03,C,,,,,C,N,F,D,2,0,0,0,22350.0,2,37.75651409,-122.40346736,4
2012,2012-05-03,1700,5,1,17,4,N,B,Y,A,H,A,A,01,N,03,C,,,,,C,N,M,D,1,0,0,0,22350.0,3,37.73674499,-122.40354316,4
2012,2012-05-03,1428,5,1,14,4,N,B,Y,A,H,A,A,01,S,03,C,,,,,C,N,N,D,1,0,0,0,22350.0,2,37.75534242,-122.40308024,4
2012,2012-05-06,1010,5,1,10,7,N,A,Y,A,H,A,A,01,S,03,C,,,,,C,Y,N,D,3,0,0,0,22350.0,3,37.76947499,-122.41115316,2
2012,2012-05-05,1536,5,1,15,6,N,A,Y,A,H,A,A,01,S,07,C,,,,,C,N,N,D,1,0,0,0,21658.0,2,37.76950956,-122.41142977,4
2012,2012-05-08,1130,5,1,11,2,N,A,Y,A,H,A,A,01,N,08,E,,,,,I,Y,N,D,2,0,0,0,22107.0,1,37.76623501,-122.39409468,4
2012,2012-05-09,740,5,1,7,3,N,A,Y,A,H,A,A,01,S,03,C,,,,,C,Y,N,D,2,0,0,0,22350.0,2,37.72586145,-122.4019252,4
2012,2012-05-08,1800,5,1,18,2,N,A,Y,A,H,A,A,01,N,04,C,,,,,C,Y,N,D,1,0,0,0,21703.0,2,37.7433922,-122.4063337,4
2012,2012-05-11,905,5,1,9,5,N,A,Y,A,H,A,A,01,N,03,C,,,,,C,Y,N,D,2,0,0,0,22350.0,2,37.73197365,-122.42873389,4
2012,2012-04-29,1645,4,1,16,7,N,A,Y,A,H,A,C,02,W,03,C,,,Y,,C,N,N,D,1,0,0,1,22350.0,2,37.80824269,-122.36715848,4
2012,2012-04-27,208,4,1,2,5,N,A,Y,A,H,C,A,01,W,03,C,,,,,C,Y,N,D,3,0,0,0,22350.0,3,37.79624167,-122.37985284,4
2012,2012-04-29,2002,4,1,20,7,N,A,Y,A,H,C,A,01,S,01,C,,,,,C,Y,M,D,1,0,0,0,23152.0,2,37.76983719,-122.40822561,3
2012,2012-05-17,1400,5,1,14,4,N,A,Y,A,H,A,A,01,E,03,C,,,,,C,N,N,D,1,0,0,0,22350.0,2,37.78126104,-122.39753638,4
2012,2012-05-12,2151,5,1,21,6,N,A,Y,A,H,C,A,01,W,03,C,,,,,C,Y,F,D,2,0,0,0,22350.0,2,,,3
2012,2012-05-21,1805,5,1,18,1,N,B,Y,A,H,A,D,22,N,03,C,,,,,C,N,N,D,2,0,0,0,22350.0,3,37.73164488,-122.42280747,4
2012,2012-05-21,939,5,1,9,1,N,B,Y,A,H,A,D,22,N,04,C,,,,,C,Y,N,D,1,0,0,0,21703.0,3,37.7444585,-122.40550527,4
2012,2012-05-14,1545,5,1,15,1,N,A,Y,A,H,A,D,22,N,07,B,,,,,C,N,N,D,2,0,0,0,21658.0,3,37.71882978,-122.39940704,4
2012,2012-05-13,1655,5,1,16,7,N,A,Y,A,H,A,A,01,N,07,D,,,,,C,Y,N,D,1,0,0,0,21658.0,2,37.74396586,-122.40583361,4
2012,2012-05-16,1928,5,1,19,3,N,B,Y,A,H,A,C,02,E,03,F,,,Y,,A,Y,N,D,1,0,0,1,22350.0,1,37.78765713,-122.3890086,3
2012,2012-05-22,900,5,1,9,2,N,A,Y,A,H,A,A,07,S,03,C,,,,,C,Y,N,D,1,0,0,0,22350.0,2,37.73197365,-122.42873389,4
2012,2012-05-22,1730,5,1,17,2,N,A,Y,A,H,A,A,01,E,03,C,,,,,C,N,N,D,1,0,0,0,22350.0,2,37.81021204,-122.36506995,4
2012,2012-05-24,1830,5,1,18,4,N,A,Y,A,H,A,C,02,N,01,B,,,Y,,C,N,N,D,1,0,0,1,23152.0,3,37.7796493,-122.42027819,3
2012,2012-05-20,1650,5,1,16,7,N,A,Y,A,H,A,A,08,S,04,C,,,,,C,Y,N,D,4,0,0,0,21703.0,3,37.77031499,-122.41767316,3
2012,2012-05-17,1830,5,1,18,4,N,A,Y,A,H,A,A,07,E,03,C,,,,,C,Y,N,D,2,0,0,0,22350.0,3,37.81120499,-122.36397316,4
2012,2012-05-23,1405,5,1,14,3,N,A,Y,A,H,A,A,01,E,08,E,,,,,I,Y,N,D,1,0,0,0,22107.0,2,37.7761964,-122.40457757,4
2012,2012-05-23,1205,5,1,12,3,N,A,Y,A,H,A,D,22,N,03,C,,,,,C,Y,N,D,1,0,0,0,22350.0,3,37.7151877,-122.44991941,4
2012,2012-03-31,818,3,1,8,6,-,C,N,B,H,A,-,- ,,21,G,Y,,,,B,N,N,D,1,1,0,0,22106.0,2,37.78352247,-122.41570652,4
2012,2012-05-19,2305,5,1,23,6,N,A,Y,A,H,D,A,01,S,08,C,,,,Y,C,Y,N,D,1,0,0,0,22107.0,3,37.73843231,-122.40816965,3
2012,2012-05-11,2318,5,1,23,5,N,B,Y,A,H,C,A,01,S,03,C,,,,,C,Y,N,D,1,0,0,0,22350.0,2,37.80059584,-122.4306851,4
2012,2012-05-15,1,5,1,0,2,N,A,Y,A,H,C,A,01,N,03,C,,,,,C,N,N,D,1,0,0,0,22350.0,3,37.81592937,-122.47801456,3
2012,2012-05-24,215,5,1,2,4,N,A,Y,A,H,C,A,01,S,08,E,,,,,I,Y,N,D,3,0,0,0,22107.0,1,37.77606998,-122.39424715,3