ACCIDENT_YEAR,COLLISION_DATE,COLLISION_TIME,MONTH,SEASON,24HOURS,DAY_OF_WEEK,INTERSECTION,WEATHER_1,STATE_HWY_IND,ROAD_SURFACE,ROAD_COND_1,LIGHTING,STWD_VEHTYPE_AT_FAULT,CHP_VEHTYPE_AT_FAULT,DIRECTION,PCF_VIOL_CATEGORY,TYPE_OF_COLLISION,PEDESTRIAN_ACCIDENT,BICYCLE_ACCIDENT,MOTORCYCLE_ACCIDENT,TRUCK_ACCIDENT,MVIW,TOW_AWAY,HIT_AND_RUN,CONTROL_DEVICE,NUMBER_INJURED,COUNT_PED_INJURED,COUNT_BICYCLIST_INJURED,COUNT_MC_INJURED,PCF_VIOLATION,PARTY_COUNT,POINT_Y,POINT_X,COLLISION_SEVERITY
2012,2012-08-31,55,8,2,0,5,N,A,Y,A,H,C,A,01,W,01,C,,,,,C,Y,N,D,1,0,0,0,23152.0,2,37.81695761,-122.35017054,4
2012,2012-08-14,1401,8,2,14,2,N,A,Y,A,C,A,A,01,S,03,C,,,,,C,N,N,D,3,0,0,0,22350.0,2,37.71412471,-122.39716656,4
2012,2012-08-08,1710,8,2,17,3,N,A,Y,A,H,A,A,01,S,04,B,,,,,C,N,N,D,1,0,0,0,21703.0,3,37.73154498,-122.42527479,4
2012,2012-10-09,2225,10,3,22,2,N,B,Y,A,H,C,D,22,W,03,E,,,,,I,Y,N,D,2,0,0,0,22350.0,1,37.80349344,-122.37223007,4
2012,2012-10-13,945,10,3,9,6,N,A,Y,A,H,A,D,22,N,04,C,,,,,C,N,N,D,1,0,0,0,21703.0,2,37.74418005,-122.40547562,4
2012,2012-10-15,610,10,3,6,1,N,B,Y,B,H,A,D,22,W,07,B,,,,,C,N,N,D,1,0,0,0,21658.0,2,37.81370062,-122.36054848,4
2012,2012-08-10,317,8,2,3,5,N,A,N,A,H,C,A,07,S,01,E,,,,,I,Y,N,A,2,0,0,0,23152.0,1,37.73128546,-122.42173791,4
2012,2012-07-19,1850,7,2,18,4,N,A,N,A,H,A,I,10,S,10,G,Y,,,,B,N,N,A,1,1,0,0,21950.0,2,37.79241857,-122.39851091,4
2012,2012-07-13,1030,7,2,10,5,N,A,N,A,H,A,N,60,W,11,G,Y,,,,B,N,N,A,1,0,0,0,21955.0,2,37.7847817,-122.41368473,4
2012,2012-08-28,2018,8,2,20,2,N,A,Y,A,H,C,D,22,N,01,C,,,,,C,Y,N,D,1,0,0,0,23152.0,3,37.72468693,-122.44727262,4
2012,2012-07-26,1850,7,2,18,4,N,A,N,A,H,A,-,- ,S,03,C,,,,,C,N,F,A,1,0,0,0,22350.0,3,37.76042278,-122.41490505,4
2012,2012-07-23,915,7,2,9,1,N,A,N,A,H,A,A,01,N,06,A,,,,,C,Y,N,D,1,0,0,0,21750.0,2,37.78193052,-122.46117455,4
2012,2012-07-29,1050,7,2,10,7,Y,B,N,A,H,A,A,01,,12,D,,Y,,,G,N,F,A,1,0,1,0,22450.0,2,37.75902485,-122.41251312,2
2012,2012-07-22,1226,7,2,12,7,N,A,N,A,H,A,-,- ,N,03,B,,,,,C,N,N,A,2,0,0,0,22350.0,3,37.72690078,-122.47242892,4
2012,2012-07-28,2347,7,2,23,6,N,A,N,A,H,C,A,01,S,03,C,,,,,C,Y,N,A,5,0,0,0,22350.0,4,37.79424381,-122.39287913,4
2012,2012-07-29,1430,7,2,14,7,N,A,N,A,H,A,A,01,S,03,C,,,,,C,N,N,D,1,0,0,0,22350.0,2,,,4
2012,2012-07-20,1750,7,2,17,5,N,A,N,A,H,A,A,01,N,17,E,,Y,,,G,N,N,D,1,0,1,0,22517.0,2,37.78375658,-122.39439775,2
2012,2012-07-07,640,7,2,6,6,N,A,Y,A,H,B,A,07,N,04,C,,,,,C,N,N,A,2,0,0,0,21703.0,2,37.77004148,-122.47877941,4
2012,2012-07-07,622,7,2,6,6,Y,A,N,A,H,B,-,- ,,12,D,,,,,C,Y,N,A,1,0,0,0,21453.0,2,37.79468485,-122.40314316,3
2012,2012-07-23,1051,7,2,10,1,Y,A,N,A,H,A,A,01,,03,C,,,Y,,C,Y,N,A,1,0,0,1,22350.0,2,37.74063485,-122.45895321,4
2012,2012-07-24,803,7,2,8,2,Y,A,N,A,H,A,-,- ,,12,D,,,,,C,Y,N,A,1,0,0,0,21453.0,2,37.79487484,-122.40151321,4
2012,2012-07-26,945,7,2,9,4,N,A,N,A,H,A,A,01,S,07,B,,,,,C,Y,N,A,1,0,0,0,21658.0,2,37.75977651,-122.41921368,4
2012,2012-07-13,1055,7,2,10,5,Y,B,N,A,H,A,C,02,,12,A,,,Y,,C,Y,N,A,2,0,0,2,21453.0,2,37.73564485,-122.39052307,2
2012,2012-07-29,1300,7,2,13,7,Y,A,N,A,H,A,N,60,,11,G,Y,,,,B,N,N,D,1,1,0,0,21954.0,2,37.7951249,-122.40706307,4
2012,2012-07-26,1808,7,2,18,4,N,A,N,A,G,A,-,- ,E,18,F,,Y,,,I,N,N,D,1,0,1,0,,1,37.75375171,-122.42042032,3
2012,2012-07-30,1125,7,2,11,1,N,A,Y,A,H,A,A,01,S,03,C,,,,,C,Y,N,D,1,0,0,0,22350.0,2,37.72923438,-122.44187023,3
2012,2012-07-29,358,7,2,3,7,N,A,Y,A,H,C,A,01,E,01,B,,,,,C,Y,N,D,1,0,0,0,23152.0,2,37.81038496,-122.36469892,3
2012,2012-08-10,1,8,2,0,5,N,A,Y,A,D,C,A,01,S,03,C,,,,,C,Y,N,A,1,0,0,0,22350.0,3,37.81224445,-122.47758031,4
2012,2012-08-12,1632,8,2,16,7,N,A,Y,A,H,A,A,01,S,03,C,,,,,C,N,N,D,1,0,0,0,22350.0,2,37.76124033,-122.40618589,4
2012,2012-08-03,355,8,2,3,5,N,A,Y,A,H,C,A,08,W,08,E,,,,,I,Y,N,D,3,0,0,0,22107.0,2,37.81706517,-122.34983932,3
2012,2012-08-21,1046,8,2,10,2,N,A,Y,A,H,A,A,01,S,07,B,,,,,C,N,N,D,1,0,0,0,21658.0,2,37.76967499,-122.41605316,4
2012,2012-08-24,1455,8,2,14,5,N,A,Y,A,H,A,A,01,W,03,C,,,,,C,Y,N,D,1,0,0,0,22350.0,2,37.78555053,-122.39161467,4
2012,2012-08-27,1540,8,2,15,1,N,A,Y,A,H,A,A,01,N,03,C,,,,,C,Y,M,D,1,0,0,0,22350.0,3,37.71591204,-122.44956248,3
2012,2012-08-30,2005,8,2,20,4,N,A,Y,A,H,B,A,01,S,03,C,,,,,C,N,N,D,1,0,0,0,22350.0,2,37.74714897,-122.40459297,4
2012,2012-08-30,725,8,2,7,4,N,A,Y,A,H,A,A,07,S,04,C,,,,,C,Y,N,D,1,0,0,0,21703.0,2,37.71307734,-122.39663139,4
2012,2012-08-30,2355,8,2,23,4,N,B,Y,A,H,C,A,07,W,03,C,,,,,C,N,N,D,1,0,0,0,22350.0,2,37.8035982,-122.37196038,4
2012,2012-08-21,1345,8,2,13,2,N,A,N,A,H,A,L,04,E,07,D,,Y,,,G,N,N,D,1,0,1,0,21658.0,2,37.77554201,-122.41881598,4
2012,2012-08-21,1543,8,2,15,2,Y,A,N,A,H,A,-,- ,,09,D,,Y,,,G,N,N,A,1,0,1,0,21801.0,2,37.7267849,-122.43613317,4
2012,2012-08-15,51,8,2,0,3,N,A,N,A,H,C,N,60,W,11,G,Y,,,,B,Y,F,D,1,1,0,0,21955.0,2,37.76704675,-122.42971706,2
2012,2012-08-21,1530,8,2,15,2,Y,A,N,A,H,A,A,01,,08,D,,,,,C,N,N,A,1,0,0,0,22100.0,2,37.78996492,-122.42565313,3
2012,2012-09-20,1229,9,3,12,4,N,A,Y,A,H,A,A,07,S,03,C,,,,,C,Y,N,D,4,0,0,0,22350.0,4,37.76101499,-122.40626316,4
2012,2012-09-22,1000,9,3,10,6,N,A,Y,A,H,A,C,02,S,08,F,,,Y,,A,Y,N,D,1,0,0,1,22107.0,1,37.76211499,-122.40569316,3
2012,2012-09-16,2220,9,3,22,7,N,A,Y,A,H,D,A,01,S,03,C,,,,,C,N,M,D,1,0,0,0,22350.0,2,37.76614666,-122.4050434,4
2012,2012-09-14,1945,9,3,19,5,N,A,Y,A,-,C,A,01,N,04,C,,,,,C,Y,N,D,1,0,0,0,21703.0,2,37.73350072,-122.40566052,3
2012,2012-09-09,1228,9,3,12,7,N,A,Y,A,H,A,A,01,S,04,C,,,,,C,Y,N,D,3,0,0,0,21703.0,3,37.76112662,-122.40622595,4
2012,2012-09-21,215,9,3,2,5,N,A,Y,A,H,C,A,01,W,07,C,,,,,C,N,N,D,1,0,0,0,21658.0,2,37.80855072,-122.36667749,4
2012,2012-09-03,1520,9,3,15,1,N,A,Y,A,H,A,C,02,N,08,F,,,Y,,A,Y,N,D,1,0,0,1,22107.0,1,37.73412188,-122.41090084,3
2012,2012-09-02,728,9,3,7,7,N,B,Y,A,H,A,A,08,N,08,E,,,,,I,Y,N,D,2,0,0,0,22107.0,2,37.76801992,-122.40589094,2
2012,2012-08-13,1510,8,2,15,1,N,A,N,A,H,A,I,09,S,04,C,,,,,D,Y,N,D,7,0,0,0,21703.0,2,37.78013738,-122.40325766,4
2012,2012-08-13,1313,8,2,13,1,N,A,N,A,H,A,-,- ,E,18,C,,,,,E,Y,N,A,2,0,0,0,,6,37.7517265,-122.44041218,3
2012,2012-08-15,1854,8,2,18,3,Y,A,N,A,H,A,L,04,,17,H,,,,,E,N,N,A,1,0,1,0,22517.0,2,37.78167487,-122.41555318,4
2012,2012-08-13,716,8,2,7,1,Y,A,N,A,H,A,-,- ,,03,B,,,,,J,Y,N,A,2,0,0,0,22350.0,2,37.73167484,-122.39189312,4
2012,2012-08-18,1335,8,2,13,6,Y,A,N,A,H,A,D,22,,12,D,,,,,C,Y,N,A,1,0,0,0,22450.0,2,37.77495492,-122.47362311,4
2012,2012-09-28,2353,9,3,23,5,N,A,Y,A,H,C,A,01,S,01,E,,,,,I,Y,N,A,2,0,0,0,23152.0,1,37.8023717,-122.44980291,3
2012,2012-10-24,2355,10,3,23,3,N,C,Y,B,H,C,I,19,S,03,C,,,,,C,N,N,D,1,0,0,0,22350.0,2,37.76369901,-122.39289889,4
2012,2012-10-22,740,10,3,7,1,N,B,Y,B,H,A,-,- ,N,07,B,,,,,C,Y,N,D,2,0,0,0,21658.0,2,37.73801507,-122.4081188,4
2012,2012-10-15,1930,10,3,19,1,N,A,Y,A,H,C,A,07,W,04,C,,,,,C,Y,N,D,1,0,0,0,21703.0,2,37.80814499,-122.36726316,4
2012,2012-10-11,145,10,3,1,4,N,B,Y,B,H,C,A,01,S,01,E,,,,,I,Y,N,D,1,0,0,0,23152.0,1,,,3
2012,2012-10-05,1750,10,3,17,5,N,A,Y,A,H,A,A,01,E,03,C,,,,,C,Y,N,D,1,0,0,0,22350.0,4,37.81652579,-122.35184028,4
2012,2012-09-08,1926,9,3,19,6,N,A,N,A,H,D,D,22,E,- ,G,Y,,,,B,N,N,D,1,1,0,0,,2,37.79707756,-122.39474505,4
2012,2012-09-05,924,9,3,9,3,Y,B,N,A,H,A,-,- ,,12,D,,,,,C,Y,N,A,2,0,0,0,21453.0,2,37.77411483,-122.42245312,4
2012,2012-09-20,953,9,3,9,4,Y,A,N,A,H,A,A,01,,12,B,,,,,D,N,N,A,2,0,0,0,22450.0,2,37.75350493,-122.49368311,4
2012,2012-08-19,2125,8,2,21,7,N,B,Y,A,H,D,A,01,N,04,C,,,,,C,N,N,D,1,0,0,0,21703.0,2,37.75651409,-122.40346736,4
2012,2012-08-16,815,8,2,8,4,N,A,Y,A,H,A,C,02,S,03,C,,,Y,,C,Y,N,A,1,0,0,1,22350.0,2,37.78044516,-122.38872299,3
2012,2012-08-18,1820,8,2,18,6,N,B,Y,A,H,A,A,01,W,03,C,,,,,C,N,N,D,1,0,0,0,22350.0,2,37.80558067,-122.36984936,4
2012,2012-08-17,1830,8,2,18,5,N,B,Y,A,H,A,A,01,S,03,C,,,,,C,N,N,D,2,0,0,0,22350.0,3,37.73651498,-122.40372316,4
2012,2012-08-30,1609,8,2,16,4,N,A,N,A,H,A,A,08,E,21,F,,,Y,,A,N,F,D,1,0,0,1,22106.0,2,37.78199326,-122.42049958,4
2012,2012-08-23,1755,8,2,17,4,Y,A,Y,A,H,A,A,01,,12,D,,,,,C,Y,N,A,2,0,0,0,21453.0,2,37.76465483,-122.42650317,4
2012,2012-09-21,1955,9,3,19,5,Y,A,N,A,H,A,A,07,,03,C,,,,,C,N,N,A,1,0,0,0,22350.0,2,37.77377492,-122.41168318,4
2012,2012-08-23,1400,8,2,14,4,N,A,N,A,H,A,A,01,E,21,G,Y,,,,B,N,N,D,1,1,0,0,22106.0,2,37.76570736,-122.46533722,4
2012,2012-08-22,1705,8,2,17,3,Y,A,Y,A,H,A,A,01,,08,D,,,Y,,C,N,N,A,1,0,0,1,22100.0,2,37.78563925,-122.42131802,3
2012,2012-08-02,1605,8,2,16,4,N,B,Y,A,H,A,C,02,S,03,C,,,Y,,C,Y,N,D,1,0,0,1,22350.0,2,37.72966498,-122.44081316,2
2012,2012-08-21,2010,8,2,20,2,N,A,Y,A,H,B,-,99,N,07,B,,,,,C,Y,F,D,1,0,0,0,21658.0,2,37.76529321,-122.40517892,3
2012,2012-08-24,1330,8,2,13,5,N,A,N,A,H,A,N,60,N,11,G,Y,,,,B,N,N,A,1,1,0,0,21954.0,2,37.7829913,-122.43773638,3
2012,2012-08-23,2345,8,2,23,4,N,A,Y,A,H,D,A,01,S,07,E,,,,,I,N,N,D,2,0,0,0,21658.0,2,37.73873979,-122.40089877,4
2012,2012-08-23,1834,8,2,18,4,Y,A,Y,A,H,A,A,01,,07,H,,,Y,,C,N,N,D,1,0,0,1,21658.0,2,37.76982484,-122.42324314,3
2012,2012-10-24,2352,10,3,23,3,N,B,Y,B,D,C,A,07,E,03,C,,,,,C,N,N,A,1,0,0,0,22350.0,2,37.78007301,-122.39938963,4
2012,2012-10-24,2126,10,3,21,3,N,B,Y,B,H,C,-,- ,W,00,C,,,,,C,N,N,D,1,0,0,0,,2,37.80814499,-122.36726316,4
2012,2012-10-20,1140,10,3,11,6,N,A,Y,A,H,A,A,01,S,04,C,,,,,C,Y,N,D,1,0,0,0,21703.0,3,37.76146127,-122.40607713,4
2012,2012-10-14,1528,10,3,15,7,N,A,Y,A,H,A,A,01,E,03,C,,,,,C,N,N,D,2,0,0,0,22350.0,4,37.78553499,-122.39164316,4
2012,2012-08-15,845,8,2,8,3,N,B,Y,A,H,A,A,01,S,03,C,,,,,C,N,N,D,1,0,0,0,22350.0,3,37.718247,-122.44841985,4
2012,2012-08-16,855,8,2,8,4,N,A,Y,A,H,A,A,08,S,03,C,,,,,C,Y,N,A,1,0,0,0,22350.0,3,37.73523457,-122.40676265,4
2012,2012-08-18,217,8,2,2,6,N,B,Y,B,H,E,A,01,N,01,E,,,,,I,N,N,A,1,0,0,0,23152.0,1,,,3
2012,2012-10-15,138,10,3,1,1,N,B,Y,A,H,C,A,01,E,03,C,,,,,C,Y,N,D,1,0,0,0,22350.0,2,37.78623877,-122.39055517,4
2012,2012-03-16,925,3,1,9,5,Y,C,N,B,H,A,A,01,,12,D,,,,,C,N,N,A,1,0,0,0,21453.0,2,37.77723483,-122.46405316,4
2012,2012-03-19,1136,3,1,11,1,Y,A,N,A,H,A,A,08,,09,D,,,,,C,Y,N,A,1,0,0,0,21806.0,2,37.71458493,-122.44271316,2
2013,2013-02-11,1428,2,4,14,1,Y,A,N,A,H,A,J,48,,10,G,Y,,,,B,N,N,A,1,1,0,0,21950.0,2,37.7839049,-122.4850731,2
2012,2012-03-02,1638,3,1,16,5,Y,A,N,A,H,A,J,48,,09,D,,,,,C,N,N,A,1,0,0,0,21801.0,2,37.76034484,-122.41709309,4
2012,2012-03-04,1915,3,1,19,7,N,B,N,A,H,C,A,01,W,04,C,,,,,C,N,N,A,1,0,0,0,21703.0,2,37.79208262,-122.40932889,4
2012,2012-10-31,1754,10,3,17,3,N,C,N,B,H,C,N,60,E,09,G,Y,,,,B,N,N,A,1,1,0,0,21806.0,2,37.78095708,-122.41369612,4
2012,2012-08-20,915,8,2,9,1,N,B,Y,A,H,A,A,01,S,03,C,,,,,C,Y,N,D,1,0,0,0,22350.0,3,37.71421847,-122.45108246,4
2012,2012-08-21,1840,8,2,18,2,N,B,Y,A,H,A,A,01,S,03,C,,,,,C,N,N,D,1,0,0,0,22350.0,3,37.76948613,-122.41414572,4
2012,2012-08-25,1205,8,2,12,6,N,B,Y,A,H,A,A,07,S,07,B,,,,,C,Y,N,D,1,0,0,0,21658.0,2,37.77597796,-122.39436441,4
2012,2012-08-27,835,8,2,8,1,N,A,Y,A,H,A,A,07,N,03,C,,,,,C,Y,N,D,2,0,0,0,22350.0,2,37.75059499,-122.39154316,3
2012,2012-09-22,1909,9,3,19,6,N,A,Y,A,A,B,A,01,W,03,C,,,,,C,N,N,D,1,0,0,0,22350.0,2,37.80811011,-122.36714597,4
2012,2012-09-07,1500,9,3,15,5,N,A,Y,A,H,A,L,04,S,22,H,,Y,,,G,N,N,D,1,0,1,0,,2,,,3
2012,2012-09-06,2257,9,3,22,4,N,A,Y,A,H,C,A,01,S,01,E,,,,,I,Y,N,D,2,0,0,0,23152.0,2,37.80355693,-122.45165093,2
2012,2012-09-06,1828,9,3,18,4,N,A,Y,A,H,A,A,01,S,03,C,,,,,C,N,N,D,1,0,0,0,22350.0,2,37.76730399,-122.40550145,4
2012,2012-09-07,504,9,3,5,5,N,A,Y,A,H,C,N,60,S,11,G,Y,,,,B,N,N,A,1,1,0,0,21954.0,2,37.74459499,-122.40523316,4
2012,2012-09-04,1950,9,3,19,2,N,A,Y,A,H,C,A,07,S,03,C,,,,,C,Y,N,A,1,0,0,0,22350.0,3,37.77312837,-122.41869151,4
2012,2012-09-04,825,9,3,8,2,N,A,Y,A,H,A,C,02,S,03,F,,,Y,,A,Y,N,D,1,0,0,1,22350.0,1,37.7565245,-122.39217607,3
2012,2012-09-02,915,9,3,9,7,N,A,Y,A,H,A,-,99,N,08,B,,,,,C,Y,F,D,1,0,0,0,22107.0,2,37.72814727,-122.44369626,4
2012,2012-07-26,1425,7,2,14,4,N,A,N,A,H,A,-,- ,N,04,C,,,,,C,N,N,D,1,0,0,0,21703.0,2,37.75885799,-122.42358074,4
2012,2012-07-27,1511,7,2,15,5,Y,A,N,A,H,A,A,01,,09,D,,,Y,,C,N,N,D,1,0,0,1,21804.0,2,37.72954493,-122.40662319,3
2012,2012-09-09,1825,9,3,18,7,N,A,Y,A,H,A,C,02,S,08,F,,,Y,,A,N,N,D,1,0,0,1,22107.0,1,37.81456892,-122.47799541,4
2012,2012-10-10,1330,10,3,13,3,Y,A,N,A,H,A,L,04,,12,D,,Y,,,C,N,N,A,1,0,1,0,21453.0,2,37.76803489,-122.42444309,3
2012,2012-10-10,550,10,3,5,3,N,A,Y,A,H,C,C,02,E,03,B,,,Y,,C,Y,M,D,1,0,0,1,22350.0,4,37.8159626,-122.35358305,4
2012,2012-10-08,720,10,3,7,1,N,A,Y,A,H,A,A,01,W,03,C,,,,Y,C,Y,N,D,2,0,0,0,22350.0,4,37.77283537,-122.40681448,4
2012,2012-09-27,1720,9,3,17,4,N,A,Y,A,H,A,C,02,W,04,F,,,Y,,A,N,N,D,1,0,0,1,21703.0,1,37.81003192,-122.36510233,4
2012,2012-09-27,1230,9,3,12,4,N,A,Y,A,H,A,A,01,S,03,E,,,,,I,Y,N,D,1,0,0,0,22350.0,1,37.73266047,-122.41341331,4
2012,2012-09-28,1345,9,3,13,5,N,B,Y,A,H,A,A,01,S,04,C,,,,,C,N,N,D,2,0,0,0,21703.0,2,37.75498851,-122.4030443,4
2012,2012-09-28,1838,9,3,18,5,N,B,Y,A,H,A,C,02,N,04,C,,,Y,,C,Y,N,D,1,0,0,1,21703.0,2,37.73457123,-122.40632497,4
2012,2012-09-04,1242,9,3,12,2,N,A,Y,A,H,A,A,01,S,03,C,,,,,C,,N,D,1,0,0,0,22350.0,3,37.76112662,-122.40622595,4
2012,2012-10-11,1920,10,3,19,4,N,A,Y,A,H,C,A,01,S,03,C,,,,,C,N,N,D,1,0,0,0,22350.0,2,,,4
2012,2012-10-03,1359,10,3,13,3,N,B,Y,A,H,A,N,60,N,22,H,Y,Y,,,G,N,N,D,2,1,1,0,,2,37.81429163,-122.47782156,3
2012,2012-09-27,1255,9,3,12,4,N,A,Y,A,H,A,C,02,W,07,B,,,Y,,C,N,N,D,1,0,0,1,21658.0,2,,,3
2012,2012-09-08,130,9,3,1,6,N,A,Y,A,H,C,A,01,E,03,C,,,,,C,Y,N,D,1,0,0,0,22350.0,2,,,4
2012,2012-09-26,2355,9,3,23,3,N,A,Y,A,H,C,A,01,W,03,C,,,,,C,Y,N,D,1,0,0,0,22350.0,3,37.77204499,-122.40642316,4
2012,2012-09-24,20,9,3,0,1,N,A,Y,A,D,C,A,01,S,01,C,,,,,C,Y,N,D,1,0,0,0,23152.0,2,37.74270088,-122.40692811,3
2012,2012-09-30,345,9,3,3,7,N,A,Y,A,H,C,A,01,N,01,E,,,,,J,Y,N,C,1,0,0,0,23152.0,1,37.72373498,-122.40138316,3
2012,2012-09-19,2220,9,3,22,3,N,A,Y,A,H,C,C,02,N,01,F,,,Y,,A,Y,N,D,1,0,0,1,23152.0,1,,,3
2012,2012-09-15,845,9,3,8,6,N,B,Y,A,H,A,A,01,S,03,E,,,,,J,Y,N,D,5,0,0,0,22350.0,2,37.72316061,-122.44769347,2
2012,2012-10-02,1720,10,3,17,2,N,A,Y,A,H,A,A,07,S,03,C,,,,,C,Y,N,A,1,0,0,0,22350.0,3,37.82117578,-122.47879075,4
2012,2012-09-17,915,9,3,9,1,Y,A,N,A,-,-,-,- ,,03,C,,,,,C,N,N,-,1,0,0,0,22350.0,2,37.76710486,-122.41328314,4
2012,2012-09-16,1150,9,3,11,7,N,A,Y,A,H,A,A,01,E,04,C,,,,,C,Y,N,D,1,0,0,0,21703.0,2,37.79601882,-122.38026414,4
2012,2012-09-16,1620,9,3,16,7,N,A,Y,A,H,A,A,01,,04,C,,,,,C,N,N,D,1,0,0,0,21703.0,2,37.75729836,-122.40394103,4
2012,2012-09-12,1833,9,3,18,3,Y,A,N,A,H,B,-,- ,,12,D,,,,,C,Y,N,A,1,0,0,0,21453.0,2,37.76667483,-122.39307319,4
2012,2012-11-19,845,11,3,8,1,N,A,Y,A,H,A,D,22,E,03,C,,,,,C,N,M,A,1,0,0,0,22350.0,2,37.78555053,-122.39161467,4
2012,2012-11-27,1345,11,3,13,2,N,B,Y,A,H,A,A,01,W,22,B,,,,Y,C,N,N,A,1,0,0,0,,4,37.76854499,-122.40512316,3
2012,2012-11-13,1050,11,3,10,2,N,A,Y,A,H,A,D,22,N,08,C,,,,,C,Y,N,D,1,0,0,0,22107.0,2,37.73801507,-122.4081188,4
2012,2012-10-22,2230,10,3,22,1,N,B,Y,B,F,C,A,08,N,03,C,,,,,C,N,N,D,1,0,0,0,22350.0,2,37.75726063,-122.39247589,4
2012,2012-10-22,647,10,3,6,1,N,B,Y,B,H,B,A,01,N,03,C,,,,,C,N,N,D,2,0,0,0,22350.0,3,37.76899421,-122.40916083,4
2012,2012-10-12,650,10,3,6,5,N,A,Y,A,H,B,A,01,W,03,C,,,,,C,Y,N,D,1,0,0,0,22350.0,3,37.78290199,-122.39541351,4
2012,2012-10-31,2110,10,3,21,3,N,B,Y,B,H,D,A,01,S,04,C,,,,,C,N,N,D,1,0,0,0,21703.0,2,37.73069498,-122.43735316,4
2012,2012-10-28,1950,10,3,19,7,N,A,Y,A,H,C,-,- ,S,22,B,,,,,C,N,N,A,1,0,0,0,,2,37.76848022,-122.40669711,4
2012,2012-11-01,155,11,3,1,4,N,B,Y,B,H,C,-,99,W,07,B,,,,,C,Y,F,D,1,0,0,0,21658.0,2,37.78538381,-122.39174685,4
2012,2012-09-18,1826,9,3,18,2,Y,A,N,A,H,A,-,- ,,21,H,,,,,C,N,N,D,2,0,0,0,22106.0,2,37.72520485,-122.43454312,4
2012,2012-11-10,1939,11,3,19,6,N,A,Y,A,H,C,D,22,S,04,C,,,,,C,Y,N,D,1,0,0,0,21703.0,3,37.73403332,-122.40599831,4
2012,2012-11-09,240,11,3,2,5,N,B,Y,B,H,C,-,99,S,07,D,,,,,A,Y,F,D,1,0,0,0,21658.0,3,37.76006379,-122.40647798,3
2012,2012-08-26,1857,8,2,18,7,N,A,N,A,H,A,A,01,E,10,G,Y,,,,B,N,N,A,1,1,0,0,21950.0,2,37.77669726,-122.47589179,3
2012,2012-08-27,1400,8,2,14,1,Y,A,N,A,H,A,I,11,,09,A,,,,,C,Y,N,A,2,0,0,0,21801.0,2,37.72792483,-122.40223316,2
2012,2012-08-18,1058,8,2,10,6,N,B,Y,A,H,A,A,01,S,10,G,Y,,,,B,N,N,A,1,1,0,0,21950.0,2,37.73487705,-122.49406369,3
2012,2012-08-25,1410,8,2,14,6,N,B,N,A,H,A,A,01,E,03,C,,,,,C,N,N,A,1,0,0,0,22350.0,2,37.75342986,-122.4952943,4
2012,2012-08-27,1118,8,2,11,1,N,A,N,A,H,A,A,01,S,21,C,,,,,C,N,N,A,2,0,0,0,22106.0,2,37.80061674,-122.39907829,4
2012,2012-08-31,1745,8,2,17,5,N,A,N,A,H,A,N,60,N,11,G,Y,,,,B,N,N,A,2,1,0,0,21950.0,2,37.73407081,-122.39105758,3
2012,2012-08-27,1938,8,2,19,1,Y,A,Y,A,H,C,A,01,,09,D,,,Y,,C,Y,N,A,1,0,0,1,21801.0,2,37.77727271,-122.41979671,4
2012,2012-08-26,1520,8,2,15,7,Y,A,N,A,H,A,A,01,,03,C,,,,,C,Y,N,A,1,0,0,0,22350.0,3,37.78296487,-122.44282316,4
2012,2012-11-10,1725,11,3,17,6,N,A,Y,A,H,D,A,01,N,07,C,,,,,C,Y,N,D,1,0,0,0,21658.0,3,37.72700271,-122.40236783,4
2012,2012-09-18,1555,9,3,15,2,N,A,Y,A,H,A,A,01,S,04,C,,,,,C,Y,N,D,1,0,0,0,21703.0,3,37.71975315,-122.44848135,4
2012,2012-09-15,1926,9,3,19,6,N,-,Y,A,H,C,A,01,W,07,B,,,Y,,C,Y,N,D,1,0,0,1,21658.0,2,37.80767634,-122.36762542,3
2012,2012-08-20,1140,8,2,11,1,N,A,Y,A,H,A,A,01,N,04,C,,,,,C,N,N,D,1,0,0,0,21703.0,2,37.75650499,-122.40327316,4
2012,2012-08-05,1608,8,2,16,7,Y,A,N,A,H,A,A,01,,09,D,,,,,C,Y,N,B,1,0,0,0,21800.0,3,37.78921484,-122.42382309,4
2012,2012-08-05,1708,8,2,17,7,Y,A,N,A,H,A,A,01,,12,D,,,,,C,Y,N,A,3,0,0,0,21453.0,3,37.78676486,-122.41321317,4
2012,2012-08-07,1138,8,2,11,2,N,A,N,A,G,A,-,- ,W,18,H,,,,,J,N,N,D,1,0,0,0,,2,,,4
2012,2012-08-06,1450,8,2,14,1,N,A,N,A,H,A,A,01,S,03,B,,,,,C,Y,M,D,1,0,0,0,22350.0,3,37.78307762,-122.41753325,4
2012,2012-08-05,1950,8,2,19,7,N,A,N,A,H,A,A,07,E,03,C,,,,,C,Y,N,A,2,0,0,0,22350.0,3,37.78604335,-122.39924894,3
2012,2012-08-05,1709,8,2,17,7,N,A,N,A,H,A,A,01,W,03,C,,,,,C,N,N,A,1,0,0,0,22350.0,2,37.77480326,-122.41037302,4
2012,2012-07-09,1750,7,2,17,1,Y,A,N,A,H,A,A,01,,12,D,,,,,C,Y,N,D,2,0,0,0,22450.0,2,37.73112482,-122.47600315,3
2012,2012-11-02,2045,11,3,20,5,Y,A,Y,A,H,C,A,01,,01,E,,,,,I,Y,N,D,2,0,0,0,23152.0,1,37.80351213,-122.45147176,3
2012,2012-11-03,1635,11,3,16,6,N,A,Y,A,H,A,A,01,N,03,C,,,,,C,Y,N,D,1,0,0,0,22350.0,2,37.80825832,-122.47657556,4
2012,2012-07-05,134,7,2,1,4,N,A,Y,A,H,C,A,01,E,01,E,,,,,I,Y,F,D,2,0,0,0,23152.0,1,37.81182955,-122.36313623,2
2012,2012-09-22,1600,9,3,16,6,Y,A,N,A,H,A,C,02,,06,G,Y,,Y,,B,N,N,A,4,2,0,2,21951.0,3,37.77282488,-122.47888314,2