ACCIDENT_YEAR,COLLISION_DATE,COLLISION_TIME,MONTH,SEASON,24HOURS,DAY_OF_WEEK,INTERSECTION,WEATHER_1,STATE_HWY_IND,ROAD_SURFACE,ROAD_COND_1,LIGHTING,STWD_VEHTYPE_AT_FAULT,CHP_VEHTYPE_AT_FAULT,DIRECTION,PCF_VIOL_CATEGORY,TYPE_OF_COLLISION,PEDESTRIAN_ACCIDENT,BICYCLE_ACCIDENT,MOTORCYCLE_ACCIDENT,TRUCK_ACCIDENT,MVIW,TOW_AWAY,HIT_AND_RUN,CONTROL_DEVICE,NUMBER_INJURED,COUNT_PED_INJURED,COUNT_BICYCLIST_INJURED,COUNT_MC_INJURED,PCF_VIOLATION,PARTY_COUNT,POINT_Y,POINT_X,COLLISION_SEVERITY
2013,2013-02-15,958,2,4,9,5,Y,A,N,A,A,A,A,01,,08,A,,,,,C,Y,N,A,1,0,0,0,22107.0,2,37.7102949,-122.4350531,3
2013,2013-02-25,1151,2,4,11,1,N,A,N,A,H,A,A,01,W,03,D,,,,,E,Y,N,D,1,0,0,0,22350.0,3,37.7814536,-122.4325812,4
2013,2013-02-15,1353,2,4,13,5,Y,A,N,A,H,A,A,01,,08,D,,,Y,,C,N,N,A,1,0,0,1,22101.0,2,37.7859249,-122.3994032,4
2013,2013-02-25,1717,2,4,17,1,Y,A,N,A,H,B,A,01,,09,D,,,Y,,C,N,N,D,1,0,0,1,21801.0,2,37.7890149,-122.3966132,4
2013,2013-02-15,1702,2,4,17,5,N,A,N,A,H,A,A,01,N,13,H,,Y,,,G,N,F,D,1,0,1,0,22502.0,2,37.7970211,-122.3959337,4
2013,2013-02-12,948,2,4,9,2,Y,A,N,A,H,A,A,08,,12,D,,,,,C,Y,N,A,1,0,0,0,21453.0,4,37.7861249,-122.4181431,3
2013,2013-02-17,1144,2,4,11,7,N,A,N,A,H,A,C,02,S,06,D,,,Y,,C,N,N,A,1,0,0,1,21755.0,2,37.7747668,-122.4546817,4
2013,2013-02-11,1444,2,4,14,1,Y,A,N,A,H,A,A,01,,09,D,,,,,C,Y,N,A,2,0,0,0,21802.0,2,37.7439048,-122.4527332,4
2013,2013-02-17,700,2,4,7,7,N,A,N,B,H,B,A,01,W,03,A,,,,,I,Y,N,A,1,0,0,0,22350.0,1,37.7667541,-122.50641257,3
2013,2013-02-23,1737,2,4,17,6,Y,A,N,A,H,B,A,08,,09,D,,,,,C,N,N,A,1,0,0,0,21802.0,2,37.7361848,-122.5053732,4
2013,2013-02-16,1503,2,4,15,6,N,A,N,A,H,A,A,01,S,03,C,,,,,C,Y,N,D,2,0,0,0,22350.0,2,37.7208536,-122.4377874,4
2013,2013-02-10,1941,2,4,19,7,N,A,N,A,H,C,A,01,N,03,A,,,,,C,Y,F,A,1,0,0,0,22350.0,3,37.7868418,-122.3983198,4
2013,2013-02-18,1654,2,4,16,1,N,A,N,A,A,A,-,- ,S,18,F,,,Y,,A,Y,N,A,1,0,0,1,,1,37.7751428,-122.4157681,3
2013,2013-02-17,1313,2,4,13,7,N,A,N,A,H,A,C,02,N,06,B,,,Y,,C,N,N,D,1,0,0,1,21755.0,2,37.7596175,-122.4472937,4
2013,2013-02-20,830,2,4,8,3,N,A,N,A,H,A,A,01,S,08,C,,,,,C,N,N,A,1,0,0,0,22107.0,2,37.7378783,-122.3897231,4
2013,2013-02-09,44,2,4,0,6,Y,A,N,A,H,D,A,01,,12,D,,,,,C,Y,N,A,2,0,0,0,21453.0,2,37.7921349,-122.4009431,4
2013,2013-02-22,1646,2,4,16,5,Y,A,N,A,H,A,A,01,,08,B,,,,,C,Y,N,A,2,0,0,0,22100.0,2,37.7880849,-122.4252831,4
2013,2013-02-10,1506,2,4,15,7,Y,A,N,A,H,A,A,01,,12,D,,,,,C,Y,N,A,1,0,0,0,21453.0,2,37.7912248,-122.4158032,4
2013,2013-02-05,921,2,4,9,2,N,A,N,A,H,A,-,- ,E,03,C,,,,,C,N,N,A,1,0,0,0,22350.0,2,37.7957777,-122.4234176,4
2013,2013-02-25,1100,2,4,11,1,N,A,N,A,H,A,-,- ,S,- ,C,,,,,C,N,N,A,1,0,0,0,,2,37.7806912,-122.4090755,4
2013,2013-02-18,2043,2,4,20,1,N,A,N,A,H,C,-,- ,W,03,H,,,,,A,N,N,D,1,0,0,0,22350.0,1,37.7822968,-122.3978028,3
2013,2013-02-24,1726,2,4,17,7,Y,A,N,A,H,A,A,07,,12,D,,,,,C,Y,N,A,3,0,0,0,21453.0,2,37.8039649,-122.4267632,3
2013,2013-02-19,1947,2,4,19,2,Y,A,N,A,H,C,A,01,,09,A,,,Y,,C,Y,N,A,1,0,0,1,21801.0,2,37.7815349,-122.4391632,4
2013,2013-02-25,600,2,4,6,1,Y,A,N,A,H,C,-,- ,,03,A,,,,,I,Y,N,D,3,0,0,0,22350.0,1,37.7296249,-122.4905732,4
2013,2013-02-19,1145,2,4,11,2,Y,C,N,B,H,A,A,01,,09,D,,,,,C,Y,N,A,1,0,0,0,21801.0,2,37.7765649,-122.3987832,4
2013,2013-02-21,930,2,4,9,4,N,A,N,A,H,A,A,08,E,21,A,,,,,C,Y,N,D,1,0,0,0,22106.0,2,37.7302656,-122.4308439,4
2013,2013-02-23,1120,2,4,11,6,Y,A,N,A,H,A,-,- ,,12,D,,,,,C,N,N,A,2,0,0,0,21453.0,2,37.7725849,-122.4842632,4
2013,2013-02-12,1757,2,4,17,2,Y,A,N,A,H,B,C,02,,06,B,,,Y,,C,N,N,A,1,0,0,1,21755.0,2,37.7737749,-122.4085231,4
2012,2012-12-19,909,12,4,9,3,N,A,N,A,H,A,-,- ,E,08,G,Y,,,,B,N,N,A,1,1,0,0,22107.0,2,37.74980559,-122.39629286,4
2013,2013-02-22,1930,2,4,19,5,N,A,N,A,H,C,A,01,W,04,C,,,,,C,N,N,A,1,0,0,0,21703.0,2,37.7861167,-122.4182117,4
2013,2013-02-07,617,2,4,6,4,Y,A,N,A,H,D,A,08,,08,A,,,,,D,Y,N,D,2,0,0,0,22107.0,2,37.73152022,-122.49902844,4
2012,2012-12-14,1539,12,4,15,5,N,B,N,B,H,A,A,01,S,03,A,,,,,E,Y,M,D,1,0,0,0,22350.0,2,37.72248239,-122.44163178,4
2013,2013-02-22,2000,2,4,20,5,N,A,N,A,H,C,A,01,E,03,C,,,,,C,Y,N,A,2,0,0,0,22350.0,2,37.7456749,-122.4521717,4
2013,2013-02-23,1805,2,4,18,6,N,A,N,A,H,C,A,01,N,03,C,,,,,C,N,N,A,1,0,0,0,22350.0,2,37.76956841,-122.41112441,4
2012,2012-08-08,1234,8,2,12,3,Y,A,N,A,H,A,-,- ,,10,G,Y,,,,B,N,N,A,1,1,0,0,21950.0,2,37.76579483,-122.40757313,2
2012,2012-08-08,1640,8,2,16,3,N,A,N,A,H,A,N,60,E,11,G,Y,,,,B,N,N,D,1,1,0,0,21955.0,2,37.80543762,-122.4151976,4
2012,2012-08-08,814,8,2,8,3,N,A,N,A,H,A,A,01,E,10,G,Y,,,,B,N,N,A,1,1,0,0,21950.0,2,37.79027811,-122.43077932,4
2012,2012-08-16,1236,8,2,12,4,Y,A,N,A,H,A,I,19,,10,G,Y,,,,B,N,N,A,1,1,0,0,21950.0,3,37.76146486,-122.4261931,4
2012,2012-08-16,920,8,2,9,4,Y,B,N,A,H,A,A,01,,10,G,Y,,,,B,N,N,A,1,1,0,0,21950.0,2,37.76347486,-122.4793132,3
2012,2012-08-30,1735,8,2,17,4,N,A,N,A,H,A,N,60,E,11,G,Y,,,,B,N,N,A,1,1,0,0,21954.0,2,37.78967669,-122.42017806,3
2012,2012-08-12,2223,8,2,22,7,N,B,N,A,H,C,N,60,E,11,G,Y,,,,B,N,N,A,1,1,0,0,21954.0,2,37.77236503,-122.48924352,3
2012,2012-08-12,1548,8,2,15,7,N,A,N,A,H,A,N,60,S,11,G,Y,,,,B,N,N,A,1,1,0,0,21950.0,2,37.73402305,-122.3910737,2
2012,2012-08-31,2155,8,2,21,5,Y,A,N,A,H,C,A,01,,10,G,Y,,,,B,N,N,A,1,1,0,0,21950.0,2,37.78013493,-122.48586312,4
2012,2012-08-31,202,8,2,2,5,N,B,N,A,H,C,N,60,E,11,A,Y,,,,B,N,N,A,1,1,0,0,21954.0,2,37.76345837,-122.41948067,3
2012,2012-08-13,1356,8,2,13,1,N,A,N,A,H,A,N,60,S,11,G,Y,,,,B,N,N,D,1,1,0,0,21954.0,2,37.78210737,-122.4101168,3
2012,2012-08-23,2020,8,2,20,4,Y,A,N,A,H,C,-,- ,,10,G,Y,,,,B,N,F,A,1,1,0,0,21950.0,2,37.78519491,-122.41795319,4
2012,2012-08-22,1718,8,2,17,3,N,A,N,A,H,A,N,60,N,11,G,Y,Y,,,B,N,N,A,1,1,0,0,21456.0,2,37.7948401,-122.39419878,3
2012,2012-08-15,2356,8,2,23,3,Y,F,N,A,H,C,-,- ,,00,G,Y,,,,B,N,N,A,1,1,0,0,,2,37.79694487,-122.40529307,2
2012,2012-08-22,1015,8,2,10,3,N,A,N,A,H,A,N,60,S,11,G,Y,,,,B,N,N,A,1,1,0,0,21954.0,2,37.78140178,-122.40484564,4
2012,2012-08-22,858,8,2,8,3,N,A,N,A,H,A,I,11,E,10,G,Y,,,,B,N,N,A,1,1,0,0,21950.0,2,37.80500495,-122.43360302,4
2012,2012-08-26,1211,8,2,12,7,Y,A,N,A,H,A,A,07,,12,H,Y,,,,A,N,N,A,1,1,0,0,21453.0,2,37.78055488,-122.4762132,4
2013,2013-01-18,1330,1,4,13,5,Y,A,N,A,H,A,A,01,,03,B,,,,,C,Y,N,D,1,0,0,0,22350.0,6,37.7340149,-122.4367032,4
2013,2013-01-10,715,1,4,7,4,Y,B,N,A,H,A,A,07,,08,D,,,,,C,Y,N,A,1,0,0,0,22100.0,2,37.7249849,-122.4612831,4
2013,2013-01-09,904,1,4,9,3,N,A,N,A,H,A,A,01,N,03,C,,,,,C,Y,N,D,1,0,0,0,22350.0,2,37.7795675,-122.4336826,4
2013,2013-01-10,2320,1,4,23,4,Y,A,N,A,H,C,-,- ,,12,D,,,,,C,Y,F,A,1,0,0,0,21453.0,2,37.7780049,-122.4094331,4
2013,2013-01-09,1905,1,4,19,3,Y,A,N,A,H,C,A,07,,09,D,,,,,C,Y,N,A,1,0,0,0,21800.0,2,37.7286348,-122.4260531,4
2013,2013-01-03,1340,1,4,13,4,Y,A,N,A,H,A,A,01,,09,D,,,,,C,Y,N,A,2,0,0,0,21802.0,3,37.7316349,-122.4420532,4
2013,2013-01-08,1927,1,4,19,2,Y,A,N,A,H,C,A,01,,08,A,,,,,C,Y,N,A,3,0,0,0,22107.0,2,37.7653449,-122.4153432,3
2013,2013-01-08,1303,1,4,13,2,Y,A,N,A,H,A,A,01,,09,A,,,,,C,Y,N,A,1,0,0,0,21801.0,2,37.7802549,-122.4034031,4
2013,2013-01-09,710,1,4,7,3,N,A,N,A,H,A,A,01,E,21,C,,,,,C,Y,N,D,2,0,0,0,22106.0,3,37.7214317,-122.4020147,3
2013,2013-03-09,1400,3,1,14,6,Y,-,N,-,-,-,A,01,,00,H,,Y,,,G,N,F,-,1,0,1,0,20001.0,2,37.7805149,-122.4125431,4
2013,2013-03-09,1705,3,1,17,6,N,A,N,A,G,A,L,04,S,03,H,,Y,,,G,N,N,D,1,0,1,0,22350.0,1,37.7374313,-122.4697859,2
2012,2012-04-25,1535,4,1,15,3,Y,A,N,A,H,A,A,01,,10,C,Y,,,,B,N,N,D,1,1,0,0,21952.0,2,37.76037486,-122.50703312,4
2012,2012-04-26,551,4,1,5,4,Y,A,N,A,H,C,A,01,,10,G,Y,,,,B,N,N,A,1,1,0,0,21950.0,2,37.78257489,-122.39745307,4
2012,2012-04-03,1659,4,1,16,2,Y,A,N,A,H,A,A,01,,10,G,Y,,,,B,N,N,A,1,1,0,0,21950.0,2,37.77210483,-122.44574315,4
2012,2012-04-03,734,4,1,7,2,Y,A,N,A,H,A,-,- ,,09,G,Y,,,,B,N,N,A,1,1,0,0,21453.0,2,37.7652049,-122.41755311,3
2012,2012-04-02,2224,4,1,22,1,Y,A,N,A,H,C,A,07,,10,G,Y,,,,B,N,N,A,1,1,0,0,21950.0,2,37.79112486,-122.40902315,2
2012,2012-04-30,204,4,1,2,1,Y,A,N,A,H,C,A,01,,08,G,Y,,,,B,Y,F,A,1,1,0,0,22107.0,2,37.78769493,-122.4134032,4
2012,2012-04-29,1117,4,1,11,7,Y,A,N,A,H,A,A,01,,10,G,Y,,,,B,N,F,A,1,1,0,0,21950.0,2,37.76987492,-122.42239318,4
2012,2012-04-29,925,4,1,9,7,Y,B,N,A,H,A,A,01,,10,G,Y,,,,B,N,N,A,1,1,0,0,21950.0,2,37.74679488,-122.47604314,4
2012,2012-04-28,125,4,1,1,6,Y,A,N,A,H,C,N,60,,11,B,Y,,,,B,N,N,A,1,1,0,0,21453.0,2,37.77770488,-122.44685308,3
2012,2012-04-28,617,4,1,6,6,N,A,N,A,H,A,A,01,S,10,G,Y,,,,B,N,F,A,1,1,0,0,21950.0,2,37.75456299,-122.40649184,4
2012,2012-04-20,1913,4,1,19,5,Y,A,N,A,H,A,N,60,,11,G,Y,,,,B,N,N,D,1,1,0,0,21954.0,2,37.75902491,-122.44847318,4
2012,2012-04-20,1900,4,1,19,5,Y,A,N,A,H,A,A,01,,21,G,Y,,,,B,N,F,A,1,1,0,0,22106.0,2,37.72878485,-122.43136307,3
2012,2012-04-20,1058,4,1,10,5,Y,A,N,A,H,A,A,07,,10,G,Y,,,,B,N,N,A,1,1,0,0,21950.0,2,37.76952489,-122.45072317,4
2012,2012-04-26,1856,4,1,18,4,N,A,N,A,H,A,N,60,E,11,G,Y,,Y,,B,Y,N,D,1,0,0,1,21954.0,2,37.78481152,-122.43029746,4
2012,2012-04-26,852,4,1,8,4,Y,B,N,B,H,A,N,60,,11,G,Y,,,,B,N,N,D,1,1,0,0,21950.0,2,37.75764494,-122.39315315,4
2012,2012-04-24,2050,4,1,20,2,Y,A,N,A,H,C,N,60,,11,G,Y,,,,B,N,N,A,1,1,0,0,21453.0,2,37.78145485,-122.41720321,4
2012,2012-04-26,542,4,1,5,4,Y,C,N,B,H,C,N,60,,11,G,Y,,,,B,,N,A,1,1,0,0,21955.0,2,37.78925489,-122.39519311,4
2012,2012-04-19,1635,4,1,16,4,Y,A,N,A,H,A,N,60,,11,G,Y,,,,B,N,N,A,1,1,0,0,21453.0,2,37.76048491,-122.38858312,4
2012,2012-04-19,1705,4,1,17,4,N,A,N,A,H,A,A,01,S,10,G,Y,,,,B,Y,N,A,1,1,0,0,21950.0,2,37.78299326,-122.41244874,3
2012,2012-04-18,2140,4,1,21,3,N,A,N,A,H,C,-,- ,W,00,G,Y,,,,B,N,N,A,1,1,0,0,,2,37.7887677,-122.40207167,4
2012,2012-04-28,1346,4,1,13,6,N,A,N,A,H,A,A,01,N,01,G,Y,,,,B,Y,N,D,2,1,0,0,23153.0,8,37.75902525,-122.50375883,3
2012,2012-06-04,1920,6,2,19,1,Y,A,N,A,H,B,N,60,,11,G,Y,,,,B,N,N,A,2,2,0,0,21954.0,3,37.7847249,-122.43134318,3
2012,2012-06-18,1526,6,2,15,1,N,A,N,A,H,A,N,60,E,11,D,Y,,,,B,N,N,D,1,1,0,0,21950.0,2,37.72738704,-122.38429482,4
2012,2012-07-14,1512,7,2,15,6,N,A,N,A,H,A,A,07,S,10,G,Y,,,,B,N,N,A,1,1,0,0,21950.0,2,37.75129577,-122.4341513,3
2012,2012-07-06,1515,7,2,15,5,Y,A,N,A,H,A,A,01,,10,G,Y,,,,B,N,N,D,1,1,0,0,21950.0,2,37.78055487,-122.40820312,3
2012,2012-07-07,1641,7,2,16,6,Y,A,N,A,H,A,-,- ,,- ,G,Y,,,,B,N,N,A,1,1,0,0,,2,37.78402486,-122.40807308,4
2012,2012-07-06,1921,7,2,19,5,Y,A,N,A,H,A,A,01,,10,G,Y,,,,B,N,N,A,1,1,0,0,21950.0,2,37.77186484,-122.41404314,2
2012,2012-07-28,1545,7,2,15,6,Y,A,N,A,H,A,A,01,,10,G,Y,,,,B,Y,N,A,1,1,0,0,21950.0,2,37.79845486,-122.40224318,3
2012,2012-07-19,918,7,2,9,4,Y,A,N,A,G,A,-,- ,,00,H,,Y,,,A,N,N,D,1,0,1,0,,1,37.77431484,-122.4171332,4
2013,2013-05-16,2340,5,1,23,4,N,A,Y,A,H,C,D,22,S,07,C,,,,,C,Y,N,D,1,0,0,0,21658.0,2,37.7691013,-122.4055378,4
2013,2013-05-20,1346,5,1,13,1,N,A,Y,A,H,A,L,04,S,03,H,,Y,,,G,N,F,D,1,0,1,0,22350.0,2,37.8137457,-122.4777572,2
2013,2013-05-14,1433,5,1,14,2,Y,A,Y,A,H,A,A,01,,09,H,,Y,,,G,N,N,A,1,0,1,0,21802.0,2,37.8073644,-122.4758796,3
2012,2012-04-05,809,4,1,8,4,N,A,N,A,H,A,L,04,E,04,C,,Y,,,G,N,N,D,1,0,1,0,21703.0,2,37.77966177,-122.43149091,4
2013,2013-03-31,2101,3,1,21,7,Y,B,N,B,H,C,L,04,,12,D,,Y,,,G,,N,D,1,0,1,0,22450.0,2,37.7251148,-122.4313331,4
2013,2013-03-30,204,3,1,2,6,N,B,N,A,H,C,L,04,W,03,E,,Y,,,I,N,N,D,1,0,1,0,22350.0,1,37.7681125,-122.45561242,3
2013,2013-03-21,1700,3,1,17,4,N,A,N,A,H,A,A,01,N,17,H,,Y,,,G,N,N,D,1,0,1,0,22517.0,2,37.7523889,-122.4207192,4
2013,2013-03-29,1645,3,1,16,5,Y,A,N,A,H,A,A,01,,08,D,,,,,C,N,N,D,3,0,0,0,22107.0,2,37.7494049,-122.4028831,4
2013,2013-03-04,1634,3,1,16,1,Y,B,N,A,H,A,L,04,,06,B,,Y,,,G,N,N,D,1,0,1,0,21750.0,2,37.7823849,-122.4325331,4
2013,2013-03-28,1939,3,1,19,4,N,A,N,A,H,C,A,07,E,03,C,,,,,C,N,N,A,1,0,0,0,22350.0,2,37.7819571,-122.4520049,4
2013,2013-03-03,1509,3,1,15,7,N,A,N,A,H,A,L,04,W,03,B,,Y,,,G,N,N,A,1,0,1,0,22350.0,2,37.7717183,-122.441138,4
2013,2013-03-25,1220,3,1,12,1,Y,A,N,A,H,A,A,01,,- ,D,,Y,,,G,N,N,A,1,0,1,0,,2,37.7779149,-122.4300131,4
2013,2013-03-30,2045,3,1,20,6,Y,C,N,B,C,C,A,01,,12,D,,,,,C,N,N,A,1,0,0,0,21453.0,2,37.7904749,-122.3967331,4
2013,2013-03-26,811,3,1,8,2,Y,A,N,A,H,A,L,04,,12,D,,Y,,,G,N,N,A,1,0,1,0,21453.0,2,37.7685648,-122.4156631,3
2013,2013-03-18,1650,3,1,16,1,N,A,N,A,H,A,A,01,E,08,B,,Y,,,G,N,F,D,1,0,1,0,22100.0,2,37.7333024,-122.4332241,2
2013,2013-03-01,1707,3,1,17,5,N,A,N,A,H,A,A,01,W,17,B,,Y,,,G,N,N,A,1,0,1,0,22517.0,2,37.7774998,-122.4163789,4
2013,2013-03-27,1115,3,1,11,3,N,B,N,A,G,A,L,04,E,03,E,,Y,,,I,N,N,D,1,0,1,0,22350.0,1,37.7846225,-122.4073137,3
2013,2013-03-04,1850,3,1,18,1,N,A,N,A,H,C,A,01,N,08,D,,Y,,,G,N,N,D,1,0,1,0,22107.0,2,37.77018327,-122.42020011,2
2013,2013-03-28,140,3,1,1,4,N,A,N,A,H,C,-,99,W,03,C,,Y,,,G,N,M,A,1,0,1,0,22350.0,2,37.7751769,-122.4160644,4
2013,2013-03-10,2122,3,1,21,7,Y,B,N,A,H,C,A,01,,09,B,,Y,,,G,N,N,A,1,0,1,0,21801.0,2,37.7634548,-122.4195531,4
2013,2013-03-06,739,3,1,7,3,N,A,N,B,H,A,L,,N,06,D,,Y,,,G,N,N,D,1,0,1,0,21751.0,2,37.7824447,-122.4123354,3
2013,2013-03-14,1224,3,1,12,4,N,B,N,A,H,A,A,01,W,08,D,,Y,,,G,N,N,D,1,0,1,0,22107.0,2,,,4
2013,2013-03-05,825,3,1,8,2,N,A,N,A,H,A,A,01,E,08,D,,Y,,,G,N,N,D,1,0,1,0,21717.0,2,37.7314072,-122.4316512,4
2013,2013-03-25,953,3,1,9,1,N,A,N,A,H,A,A,01,E,08,B,,Y,,,G,N,N,D,1,0,1,0,22107.0,2,37.7713989,-122.4361219,4
2013,2013-03-02,56,3,1,0,6,N,A,N,A,H,C,A,01,S,17,G,,Y,,,G,N,N,A,1,0,1,0,22517.0,2,37.7840143,-122.4194146,3
2013,2013-03-15,1345,3,1,13,5,N,A,N,A,H,A,A,01,S,17,B,,Y,,,G,N,N,D,1,0,1,0,22517.0,2,37.7666318,-122.4106066,3
2013,2013-03-24,1953,3,1,19,7,Y,A,N,A,H,C,L,04,,12,D,,Y,,,G,N,N,A,1,0,1,0,21453.0,2,37.7805149,-122.4125431,3
2013,2013-03-14,1522,3,1,15,4,Y,A,N,A,-,A,-,- ,,12,D,,Y,,,G,N,N,-,2,0,2,0,22450.0,2,37.7717149,-122.4338031,4
2013,2013-03-06,1402,3,1,14,3,N,A,N,A,H,A,A,01,N,12,D,,Y,,,G,N,N,A,1,0,1,0,22450.0,2,37.79813798,-122.44247317,4
2013,2013-03-29,1047,3,1,10,5,N,A,N,A,H,A,A,01,W,08,B,,Y,,,G,,N,D,1,0,1,0,22107.0,2,37.7766907,-122.4248976,4
2013,2013-03-01,1435,3,1,14,5,N,A,N,A,H,A,L,04,S,05,D,,Y,,,G,N,N,A,1,0,1,0,21650.0,2,37.7799652,-122.4168741,4
2013,2013-03-09,1719,3,1,17,6,Y,A,N,A,H,A,A,01,,08,B,,Y,,,G,N,N,A,1,0,1,0,22107.0,2,37.7813549,-122.4589231,4
2013,2013-03-26,1515,3,1,15,2,Y,A,N,A,H,A,-,- ,,18,C,,Y,,,E,N,N,D,1,0,1,0,,2,37.7469549,-122.4106432,4
2013,2013-03-01,1125,3,1,11,5,N,A,N,A,H,A,A,01,W,21,H,,,,,I,N,N,A,1,0,0,0,22106.0,1,37.780908,-122.4688099,4
2013,2013-03-05,720,3,1,7,2,Y,A,N,A,H,A,-,- ,,05,A,,Y,,,G,N,N,A,1,0,1,0,21650.0,2,37.7786148,-122.4750131,4
2013,2013-03-08,1914,3,1,19,5,Y,A,N,A,H,C,C,03,,03,E,,,Y,,J,N,N,A,1,0,0,1,22350.0,2,37.7890149,-122.4254631,4
2013,2013-03-04,2145,3,1,21,1,N,A,N,A,H,C,L,,,14,H,,Y,,,G,N,N,-,1,0,1,0,21201.0,2,37.7623549,-122.4619631,4
2012,2012-08-30,729,8,2,7,4,N,A,N,A,H,A,C,02,E,10,G,Y,,Y,,B,N,N,A,1,1,0,0,21950.0,2,37.7642771,-122.41132871,4
2012,2012-08-30,1200,8,2,12,4,N,A,Y,A,H,A,A,01,S,03,G,Y,,,,B,N,N,D,1,1,0,0,22350.0,2,37.78506548,-122.43309004,4
2012,2012-12-16,1830,12,4,18,7,Y,C,N,B,H,C,-,- ,,10,G,Y,,,,B,N,F,A,1,1,0,0,21950.0,2,37.76987492,-122.42239318,3
2012,2012-08-29,926,8,2,9,3,Y,A,N,A,H,A,N,60,,11,G,Y,,,,B,N,N,A,1,1,0,0,21461.0,2,37.72529485,-122.46227314,2
2012,2012-08-28,2321,8,2,23,2,N,A,N,A,H,C,A,01,S,10,G,Y,,,,B,N,N,A,1,1,0,0,21950.0,3,37.77830543,-122.39653074,4
2012,2012-08-28,1811,8,2,18,2,Y,A,N,A,-,A,N,60,,12,H,Y,Y,,,G,N,N,A,1,1,0,0,21453.0,2,37.78051486,-122.41254309,4
2012,2012-08-28,2031,8,2,20,2,N,A,N,A,H,C,N,60,E,11,G,Y,,,,B,N,N,D,1,1,0,0,21954.0,2,37.77227872,-122.46404171,2
2012,2012-03-05,1244,3,1,12,1,N,A,N,A,H,A,A,01,N,- ,D,,,,,C,Y,N,D,1,0,0,0,,2,37.74041819,-122.40699575,4
2012,2012-03-11,357,3,1,3,7,Y,B,N,A,H,C,N,60,,11,G,Y,,Y,,B,N,N,A,2,1,0,1,21461.0,2,37.73641483,-122.39024311,4
2012,2012-03-29,748,3,1,7,4,N,A,N,A,H,A,-,- ,S,18,H,,Y,,,J,N,N,D,1,0,1,0,,1,37.76713157,-122.42897108,3
2012,2012-03-04,629,3,1,6,7,Y,A,N,A,H,A,A,01,,09,D,,,,,C,Y,F,D,2,0,0,0,21800.0,2,37.72139486,-122.47371316,3
2012,2012-03-24,2121,3,1,21,6,Y,C,N,B,H,C,A,01,,08,G,Y,,,,B,N,N,A,1,1,0,0,22107.0,2,37.76358493,-122.41739309,4
2012,2012-03-04,1701,3,1,17,7,N,A,N,A,H,A,C,02,S,06,B,,,Y,,C,N,F,A,1,0,0,1,21750.0,2,37.76676458,-122.41766937,3
2012,2012-01-11,1315,1,4,13,3,Y,A,N,A,H,A,A,01,,10,G,Y,,,,B,,N,A,1,1,0,0,21950.0,2,37.77159487,-122.41131314,4
2012,2012-01-28,1652,1,4,16,6,N,A,N,A,H,-,A,07,N,17,B,,Y,,,G,N,N,D,1,0,1,0,22517.0,2,37.73706374,-122.50633657,4
2013,2013-05-28,1020,5,1,10,2,N,B,Y,A,H,A,A,01,S,- ,D,,,,,C,N,N,D,1,0,0,0,,2,37.7422243,-122.4072948,4
2013,2013-05-31,1700,5,1,17,5,N,A,Y,A,H,A,A,01,S,03,C,,,,,C,Y,N,D,2,0,0,0,22350.0,2,37.7106061,-122.4600777,4
2013,2013-05-27,2330,5,1,23,1,N,B,Y,B,H,D,A,01,S,07,B,,,,,C,N,N,D,1,0,0,0,21658.0,3,37.7131673,-122.3966974,4
2013,2013-05-28,1630,5,1,16,2,N,A,Y,A,H,A,A,01,S,03,C,,,,,C,Y,N,D,2,0,0,0,22350.0,3,37.746875,-122.4046732,4
2013,2013-05-11,1820,5,1,18,6,N,A,Y,A,H,A,C,02,E,03,B,,,Y,,C,Y,N,D,1,0,0,1,22350.0,3,37.7874402,-122.389248,4
2013,2013-04-30,1616,4,1,16,2,N,A,N,A,H,A,L,04,S,- ,D,,Y,,,G,N,F,D,1,0,1,0,,2,37.7727685,-122.4185509,4
2012,2012-04-03,1625,4,1,16,2,N,B,N,A,H,A,A,01,S,06,H,,Y,,,G,N,N,A,1,0,1,0,21750.0,2,,,3
2013,2013-04-30,240,4,1,2,2,N,A,N,A,H,C,L,04,W,03,B,,Y,,,E,N,N,D,1,0,1,0,22350.0,3,37.770811,-122.4407818,2
2012,2012-08-27,1620,8,2,16,1,N,A,N,A,H,A,A,01,E,03,C,,,,,C,Y,N,A,3,0,0,0,22350.0,2,37.76924514,-122.42687603,4
2012,2012-04-06,1416,4,1,14,5,N,A,N,A,A,A,I,09,W,21,C,,,,,C,N,N,D,1,0,0,0,22106.0,2,37.76563818,-122.47443517,4
2012,2012-08-10,1456,8,2,14,5,N,A,N,A,H,A,A,07,E,03,E,Y,,,,I,N,N,D,2,1,0,0,22350.0,3,37.71810375,-122.42206335,3
2012,2012-04-11,939,4,1,9,3,Y,A,N,A,G,A,D,22,,12,D,,,,,C,Y,N,A,1,0,0,0,21453.0,2,37.78749487,-122.41506309,4
2012,2012-04-12,715,4,1,7,4,N,C,N,B,H,A,I,11,W,08,B,,,,,C,N,N,D,2,0,0,0,22107.0,3,37.78185672,-122.4141008,4
2012,2012-04-12,1221,4,1,12,4,N,A,N,A,H,A,A,07,E,03,C,,,,,C,Y,N,A,2,0,0,0,22350.0,2,,,4
2012,2012-04-10,1404,4,1,14,2,N,C,N,B,H,A,D,22,N,03,C,,,,,C,N,N,D,1,0,0,0,22350.0,2,37.80209849,-122.42810348,4
2012,2012-08-29,1604,8,2,16,3,Y,A,N,A,H,A,D,22,,12,D,,,,,C,Y,N,A,1,0,0,0,22450.0,2,37.74627492,-122.42475313,4
2012,2012-09-07,1611,9,3,16,5,N,A,N,A,H,A,A,01,S,03,B,,,,,E,N,N,D,3,0,0,0,22350.0,3,37.76109389,-122.41933487,3
2012,2012-04-21,1640,4,1,16,6,N,A,N,A,H,A,A,01,E,03,B,,,,,C,Y,N,D,1,0,0,0,22350.0,3,37.74688059,-122.41796451,4
2012,2012-09-02,1320,9,3,13,7,N,A,N,A,H,A,I,11,S,09,H,,,Y,,A,N,N,D,1,0,0,1,21801.0,2,37.74601102,-122.40389882,4