ACCIDENT_YEAR,COLLISION_DATE,COLLISION_TIME,MONTH,SEASON,24HOURS,DAY_OF_WEEK,INTERSECTION,WEATHER_1,STATE_HWY_IND,ROAD_SURFACE,ROAD_COND_1,LIGHTING,STWD_VEHTYPE_AT_FAULT,CHP_VEHTYPE_AT_FAULT,DIRECTION,PCF_VIOL_CATEGORY,TYPE_OF_COLLISION,PEDESTRIAN_ACCIDENT,BICYCLE_ACCIDENT,MOTORCYCLE_ACCIDENT,TRUCK_ACCIDENT,MVIW,TOW_AWAY,HIT_AND_RUN,CONTROL_DEVICE,NUMBER_INJURED,COUNT_PED_INJURED,COUNT_BICYCLIST_INJURED,COUNT_MC_INJURED,PCF_VIOLATION,PARTY_COUNT,POINT_Y,POINT_X,COLLISION_SEVERITY
2012,2012-09-02,2143,9,3,21,7,N,F,N,A,H,C,-,- ,W,- ,C,,,,,C,N,F,D,1,0,0,0,,2,37.77335339,-122.44326972,4
2012,2012-09-01,407,9,3,4,6,N,B,N,A,H,D,A,01,E,08,C,,,,Y,E,Y,N,D,1,0,0,0,22107.0,2,37.74624561,-122.39424158,3
2012,2012-09-06,810,9,3,8,4,N,A,N,A,H,A,A,07,E,08,B,,,,,C,N,N,D,1,0,0,0,22107.0,3,37.72051616,-122.44606642,4
2012,2012-09-12,842,9,3,8,3,N,A,N,A,-,A,A,01,N,07,C,Y,,,,E,Y,N,D,2,1,0,0,21658.0,3,37.7914897,-122.39618102,3
2012,2012-09-12,1340,9,3,13,3,Y,A,N,A,H,A,A,01,,12,D,,,,,C,N,N,A,1,0,0,0,21453.0,2,37.77791489,-122.43001311,4
2012,2012-09-13,1206,9,3,12,4,Y,A,N,A,H,A,A,01,,12,D,,,,Y,C,Y,N,A,1,0,0,0,21453.0,2,37.76803489,-122.42444309,3
2012,2012-09-11,1147,9,3,11,2,N,A,N,A,H,A,D,22,N,21,C,,,,,E,N,N,A,1,0,0,0,22106.0,2,37.75099659,-122.41396321,4
2012,2012-09-11,1600,9,3,16,2,Y,A,N,A,H,A,-,- ,,12,D,,,,,C,N,N,A,1,0,0,0,21453.0,2,37.78956492,-122.42895319,4
2012,2012-09-13,839,9,3,8,4,N,B,N,A,H,A,A,01,S,03,C,,,,,C,N,N,A,1,0,0,0,22350.0,3,37.79337423,-122.40460256,4
2012,2012-09-22,1559,9,3,15,6,Y,B,N,A,H,A,D,22,,12,D,,,,,C,N,N,A,1,0,0,0,22450.0,3,37.765962,-122.4782595,4
2012,2012-09-28,1320,9,3,13,5,Y,A,N,A,H,A,D,22,,12,D,,,,,C,Y,N,A,1,0,0,0,21453.0,3,37.78082491,-122.4707431,3
2012,2012-09-17,1827,9,3,18,1,N,A,N,A,H,A,A,01,E,21,B,,,,,C,N,N,D,1,0,0,0,22106.0,3,37.76093126,-122.43480451,4
2012,2012-09-18,1400,9,3,14,2,Y,A,N,A,H,A,A,08,,12,D,,,,,C,Y,N,A,3,0,0,0,21453.0,3,37.78529484,-122.46248311,4
2012,2012-09-20,1528,9,3,15,4,N,A,N,A,H,A,A,01,W,00,C,,,,,C,Y,N,A,1,0,0,0,23103.0,2,37.74794876,-122.40357488,2
2012,2012-09-27,2240,9,3,22,4,N,E,N,A,H,C,D,22,W,03,C,,,,,C,N,N,D,2,0,0,0,22350.0,2,37.71427906,-122.46842629,4
2012,2012-09-26,2132,9,3,21,3,Y,A,N,A,H,C,D,22,,12,D,,,,,C,Y,N,A,1,0,0,0,21453.0,2,37.77554494,-122.42610315,4
2012,2012-09-19,1045,9,3,10,3,N,A,N,A,H,-,A,01,E,07,C,,,,,C,Y,N,A,1,0,0,0,21658.0,2,37.72491905,-122.46099038,4
2013,2013-06-11,1330,6,2,13,2,N,B,Y,A,H,A,A,07,E,03,C,,,,,C,N,N,D,1,0,0,0,22350.0,2,37.7827492,-122.3953952,4
2013,2013-06-05,1555,6,2,15,3,N,A,Y,A,H,A,A,01,E,03,C,,,,,C,N,N,D,1,0,0,0,22350.0,2,37.7809547,-122.3975692,4
2013,2013-05-31,620,5,1,6,5,N,A,Y,A,H,B,A,07,N,08,B,,,,,C,Y,N,D,1,0,0,0,22107.0,2,37.7639653,-122.3927096,3
2013,2013-06-06,1608,6,2,16,4,N,A,Y,A,H,A,A,01,S,03,C,,,,,C,N,N,D,1,0,0,0,22350.0,2,37.7552245,-122.4030683,4
2013,2013-06-06,1600,6,2,16,4,N,A,Y,A,H,A,A,07,W,04,C,,,,,C,N,N,D,2,0,0,0,21703.0,2,37.8150796,-122.3559689,4
2013,2013-05-19,1630,5,1,16,7,N,A,Y,A,H,A,A,01,N,01,B,,,,,C,Y,N,D,1,0,0,0,23152.0,2,,,3
2012,2012-09-16,2245,9,3,22,7,N,A,N,A,H,C,A,01,W,- ,C,,,,,C,N,N,A,1,0,0,0,,2,37.76593494,-122.40493693,4
2012,2012-09-21,1013,9,3,10,5,N,A,N,A,H,A,A,01,E,08,B,,,,,C,N,N,A,1,0,0,0,22107.0,2,37.72132302,-122.44816124,4
2012,2012-09-16,1304,9,3,13,7,N,A,N,A,H,A,-,- ,E,03,C,,,,,C,N,N,A,1,0,0,0,22350.0,2,37.77502569,-122.45271969,4
2012,2012-09-10,1846,9,3,18,1,N,A,N,A,H,A,A,01,W,03,C,,,,,C,Y,N,D,2,0,0,0,22350.0,3,37.72298494,-122.44591528,4
2012,2012-09-21,1654,9,3,16,5,Y,A,N,A,H,A,A,01,,08,D,,,Y,,C,Y,N,A,1,0,0,1,22101.0,2,37.75222488,-122.41850307,4
2012,2012-09-10,1425,9,3,14,1,Y,A,N,A,H,A,C,02,,06,D,,,Y,,C,N,N,A,1,0,0,1,21755.0,2,37.77992492,-122.42191319,3
2012,2012-09-28,1842,9,3,18,5,Y,B,N,A,H,B,-,- ,,12,D,,,,,C,Y,N,A,2,0,0,0,22450.0,2,37.77928493,-122.4268731,3
2012,2012-09-10,124,9,3,1,1,N,A,N,A,H,C,A,01,N,03,E,,,,,I,Y,N,D,1,0,0,0,22350.0,1,37.74921874,-122.40494284,3
2012,2012-09-28,1757,9,3,17,5,Y,A,N,A,H,A,A,01,,03,C,,,,,C,Y,N,A,1,0,0,0,22350.0,2,37.76579492,-122.47074318,4
2012,2012-09-13,900,9,3,9,4,Y,A,N,A,H,A,A,01,,06,B,,,,,C,Y,N,D,2,0,0,0,21750.0,2,37.72962485,-122.43906315,4
2012,2012-09-30,859,9,3,8,7,Y,A,N,A,H,A,A,07,,01,D,,,,,C,Y,N,A,3,0,0,0,23152.0,2,37.8004949,-122.40144312,2
2012,2012-09-12,826,9,3,8,3,N,A,N,A,H,A,-,- ,E,03,C,,,,,C,Y,N,D,1,0,0,0,22350.0,3,37.8046277,-122.42174303,4
2012,2012-09-28,2200,9,3,22,5,N,A,N,A,H,C,A,01,N,04,C,,,,,C,Y,N,D,1,0,0,0,21703.0,2,37.77804492,-122.42325079,4
2012,2012-09-12,632,9,3,6,3,Y,A,N,A,H,B,-,- ,,12,D,,,,,C,Y,N,A,1,0,0,0,21453.0,2,37.78982494,-122.40387311,4
2012,2012-09-28,1917,9,3,19,5,N,A,N,A,H,C,-,- ,W,09,H,,,,,A,N,N,D,1,0,0,0,21801.0,2,37.77854598,-122.42519063,4
2012,2012-09-11,1740,9,3,17,2,N,A,N,A,H,A,A,01,S,03,C,,,,,C,Y,N,A,2,0,0,0,22350.0,2,37.77744707,-122.39989937,4
2012,2012-09-30,830,9,3,8,7,Y,A,N,A,H,A,A,01,,09,D,,,,,C,Y,N,A,1,0,0,0,21801.0,2,37.72361485,-122.40081314,4
2012,2012-09-11,819,9,3,8,2,Y,B,N,A,H,A,A,01,,08,C,,,Y,,C,N,N,A,1,0,0,1,22107.0,2,37.76795486,-122.4256031,4
2012,2012-09-29,2014,9,3,20,6,Y,B,N,A,H,C,A,01,,01,D,,,,,C,Y,F,A,3,0,0,0,23153.0,2,37.78250485,-122.42412307,4
2012,2012-09-13,1238,9,3,12,4,N,A,N,A,H,A,A,01,E,03,F,,,,,C,Y,N,D,2,0,0,0,22350.0,3,37.74198943,-122.50095443,3
2012,2012-09-29,2018,9,3,20,6,N,B,N,A,H,C,A,01,S,03,C,,,,,C,N,N,A,3,0,0,0,22350.0,2,37.75483908,-122.42095205,4
2012,2012-09-13,1032,9,3,10,4,Y,E,N,A,H,A,A,01,,12,B,,,,,C,Y,N,A,1,0,0,0,22450.0,2,37.7522049,-122.4806831,3
2012,2012-09-29,1800,9,3,18,6,N,A,N,A,H,A,A,01,W,04,C,,Y,,,G,N,F,D,1,0,1,0,21703.0,2,37.76038575,-122.41653728,4
2012,2012-09-14,219,9,3,2,5,N,A,N,A,H,C,A,01,N,03,A,,,,,I,Y,N,D,1,0,0,0,22350.0,1,37.75625667,-122.43568677,2
2012,2012-09-29,1442,9,3,14,6,N,A,N,A,H,A,A,01,N,07,C,,,,,C,Y,N,D,3,0,0,0,21658.0,2,37.71136173,-122.47110322,4
2012,2012-09-12,2311,9,3,23,3,Y,E,N,B,H,C,A,,,03,A,,,,,I,Y,N,D,1,0,0,0,22350.0,1,37.74518489,-122.47041315,3
2012,2012-09-29,1308,9,3,13,6,N,A,Y,A,H,A,A,01,E,03,E,,,,,I,,N,D,1,0,0,0,22350.0,3,,,4
2012,2012-09-12,1834,9,3,18,3,Y,A,N,A,H,A,C,02,,03,E,,,Y,,I,Y,N,D,1,0,0,1,22350.0,1,37.73064487,-122.39226318,4
2012,2012-09-29,1155,9,3,11,6,N,A,N,A,H,A,A,01,W,07,B,,,,,C,N,N,A,1,0,0,0,21658.0,2,37.78114055,-122.46356421,4
2012,2012-09-13,1617,9,3,16,4,Y,A,N,A,H,A,A,01,,08,D,,,,,C,Y,N,A,1,0,0,0,22107.0,2,37.75076494,-122.4161431,4
2012,2012-09-29,1131,9,3,11,6,Y,A,N,A,H,A,A,07,,04,C,,,,,C,N,N,A,2,0,0,0,21703.0,2,37.76544489,-122.47839317,4
2012,2012-09-09,2341,9,3,23,7,Y,A,N,A,H,C,A,01,,08,D,,,Y,,C,Y,M,A,1,0,0,1,22100.0,2,37.71249491,-122.46715309,3
2012,2012-09-29,736,9,3,7,6,N,B,N,A,H,A,A,01,N,08,E,,,,,I,Y,N,D,2,0,0,0,22107.0,1,37.7289304,-122.4344928,4
2012,2012-09-09,1927,9,3,19,7,Y,A,N,A,H,C,A,01,,09,D,,,,,C,Y,N,A,1,0,0,0,21801.0,2,37.78062487,-122.39056308,4
2012,2012-09-29,321,9,3,3,6,Y,A,N,A,H,C,A,01,,12,D,,,,,C,Y,F,A,1,0,0,0,21453.0,2,37.7898449,-122.41891308,4
2012,2012-09-09,1828,9,3,18,7,Y,A,Y,A,H,A,A,01,,12,D,,,,,C,Y,N,A,2,0,0,0,21453.0,3,37.75187487,-122.4252931,3
2012,2012-09-22,1519,9,3,15,6,Y,A,Y,A,H,A,A,01,,07,C,,,Y,,C,Y,N,D,1,0,0,0,21658.0,2,37.71533491,-122.43873311,3
2012,2012-09-07,1800,9,3,18,5,N,A,N,-,-,A,A,01,N,17,H,,,Y,,C,N,F,D,1,0,0,1,22517.0,2,37.78068195,-122.39063821,3
2012,2012-09-25,1748,9,3,17,2,Y,B,N,A,H,A,A,01,,07,C,,,,,C,N,N,D,1,0,0,0,21658.0,2,37.76570484,-122.47297315,4
2012,2012-09-09,1712,9,3,17,7,Y,A,N,A,H,A,A,01,,09,D,,,,,C,Y,N,A,1,0,0,0,21802.0,2,37.80165489,-122.4449431,4
2012,2012-08-26,1822,8,2,18,7,Y,A,N,A,H,A,-,- ,,00,D,,,,,C,Y,N,A,1,0,0,0,,2,37.78798484,-122.41854319,4
2012,2012-08-28,1740,8,2,17,2,Y,A,Y,A,H,A,-,- ,,08,B,,,,,C,,N,A,1,0,0,0,22107.0,2,37.76991499,-122.40867316,4
2012,2012-08-25,1313,8,2,13,6,Y,A,N,A,H,A,-,- ,,09,B,,,,,C,N,N,A,1,0,0,0,21800.0,2,37.77102484,-122.45394313,3
2012,2012-08-28,1033,8,2,10,2,N,A,N,A,H,A,A,01,S,04,C,,,,,C,N,N,A,1,0,0,0,21703.0,2,37.76572016,-122.43548796,4
2012,2012-08-25,1429,8,2,14,6,N,A,N,A,H,A,A,07,W,03,C,,,,,C,N,N,A,1,0,0,0,22350.0,2,37.78504992,-122.42826149,4
2012,2012-08-26,1628,8,2,16,7,N,A,N,A,H,A,A,01,N,03,C,,,,,C,Y,N,A,1,0,0,0,22350.0,4,37.78491872,-122.38819778,4
2012,2012-08-27,1545,8,2,15,1,Y,A,Y,A,H,A,A,01,,09,D,,,Y,,C,N,N,A,1,0,0,1,21802.0,2,37.78438086,-122.47253778,2
2012,2012-08-25,1607,8,2,16,6,Y,A,N,A,H,A,A,01,,07,C,,,,,E,Y,N,A,1,0,0,0,21658.0,2,37.72485483,-122.43715316,4
2012,2012-08-21,1136,8,2,11,2,N,A,N,A,H,A,A,01,N,21,C,,,,,C,N,N,D,1,0,0,0,22106.0,2,37.78733119,-122.40995455,4
2012,2012-08-25,1636,8,2,16,6,N,A,N,A,H,A,A,01,W,08,H,,,Y,,C,Y,N,A,1,0,0,1,22102.0,2,37.77682556,-122.39534698,3
2012,2012-08-25,1808,8,2,18,6,N,A,N,A,H,A,A,01,S,21,B,,,Y,,C,N,N,D,1,0,0,1,22106.0,2,37.7977373,-122.43733348,3
2012,2012-08-07,2247,8,2,22,2,N,A,N,A,H,C,A,08,N,03,F,,,,,E,Y,N,D,1,0,0,0,22350.0,3,37.76165798,-122.43625374,4
2012,2012-08-21,1628,8,2,16,2,Y,A,N,A,H,A,-,- ,,00,D,,,,,C,Y,N,A,3,0,0,0,,2,37.79448485,-122.40483314,4
2012,2012-08-05,117,8,2,1,7,N,B,N,A,H,C,A,01,E,03,C,,,,,E,Y,N,A,1,0,0,0,22350.0,3,37.7483264,-122.41364597,4
2012,2012-08-05,20,8,2,0,7,Y,F,N,A,H,C,-,- ,,12,D,,,,,C,Y,N,A,1,0,0,0,21453.0,2,37.78301491,-122.41245319,4
2012,2012-08-27,1632,8,2,16,1,N,A,N,A,H,A,A,01,S,07,B,,,Y,,C,Y,N,D,2,0,0,1,21658.0,2,37.80633577,-122.40544487,4
2012,2012-08-23,2041,8,2,20,4,Y,A,N,A,H,C,A,01,,12,D,,,Y,,C,N,N,A,2,0,0,2,21453.0,2,37.76734485,-122.4356632,2
2012,2012-08-04,1802,8,2,18,6,N,B,N,A,H,A,A,07,S,03,C,,,,,C,N,N,D,2,0,0,0,22350.0,2,37.80066706,-122.44300277,4
2012,2012-08-23,1235,8,2,12,4,Y,A,N,A,H,A,-,- ,,12,B,,,,,C,Y,N,A,1,0,0,0,21453.0,3,37.76451487,-122.40745317,4
2012,2012-08-03,2341,8,2,23,5,N,A,N,A,H,C,A,01,S,03,C,,,,,E,Y,N,A,2,0,0,0,22350.0,3,37.7902703,-122.38911152,4
2012,2012-08-22,2011,8,2,20,3,Y,A,N,A,H,C,A,01,,01,C,,,,,C,N,N,A,2,0,0,0,23153.0,2,37.74666068,-122.44457066,4
2012,2012-08-03,1400,8,2,14,5,Y,A,N,A,H,A,A,01,,08,D,,,Y,,C,N,N,A,1,0,0,1,22107.0,2,37.78626489,-122.40205312,4
2012,2012-08-24,1520,8,2,15,5,Y,A,N,A,H,A,-,- ,,11,D,,,,,B,,N,A,1,0,0,0,21456.0,2,37.78883487,-122.3894831,3
2012,2012-08-31,1412,8,2,14,5,N,A,N,A,H,A,-,- ,E,03,E,,,,,I,Y,N,A,1,0,0,0,22350.0,1,37.7174545,-122.47268021,4
2012,2012-08-21,2107,8,2,21,2,Y,A,N,A,H,C,A,01,,03,C,,,,,C,N,N,A,1,0,0,0,22350.0,2,37.73408486,-122.40291313,4
2012,2012-08-02,957,8,2,9,4,Y,A,N,A,H,A,A,01,,09,D,,,Y,,C,N,N,A,1,0,0,1,21802.0,2,37.76584489,-122.40660319,3
2012,2012-08-21,1955,8,2,19,2,Y,A,N,A,H,A,A,07,,03,C,,,,,C,N,N,A,1,0,0,0,22350.0,2,37.77377492,-122.41168318,4
2012,2012-08-08,1322,8,2,13,3,Y,A,N,A,H,A,-,- ,,12,D,,,,,C,Y,N,A,1,0,0,0,21453.0,2,37.79592495,-122.40052317,4
2012,2012-08-21,1843,8,2,18,2,N,A,N,A,H,A,A,01,W,17,B,,,,,C,N,N,D,1,0,0,0,21655.0,2,37.7712609,-122.43724359,4
2012,2012-08-01,2221,8,2,22,3,Y,A,Y,A,H,C,C,02,,04,C,,,Y,,C,N,N,A,1,0,0,1,21703.0,2,37.75836489,-122.42353311,4
2012,2012-08-29,1051,8,2,10,3,Y,A,N,A,H,A,A,01,,08,D,,,,,C,Y,N,A,1,0,0,0,22100.0,2,37.77744487,-122.41318316,3
2012,2012-08-02,2030,8,2,20,4,N,E,N,B,H,C,A,01,E,03,E,,,,,I,Y,N,D,1,0,0,0,22350.0,1,37.74190245,-122.45402262,3
2012,2012-08-02,1450,8,2,14,4,N,A,N,A,H,A,A,01,E,09,F,,,,,C,Y,N,A,2,0,0,0,21801.0,2,37.76578,-122.43541735,4
2012,2012-08-28,2210,8,2,22,2,Y,A,N,A,H,C,A,01,,09,D,,,,,C,Y,N,A,4,0,0,0,21801.0,2,37.77631489,-122.48453314,4
2013,2013-05-18,1854,5,1,18,6,N,A,Y,A,H,A,A,01,W,07,F,,,Y,,C,Y,N,D,2,0,0,2,21658.0,2,37.7687664,-122.4054946,3
2013,2013-05-27,2050,5,1,20,1,N,B,Y,B,H,C,A,07,E,08,D,,,,,C,Y,M,D,1,0,0,0,22107.0,2,37.7855444,-122.3914742,4
2013,2013-01-04,1950,1,4,19,5,N,A,N,A,H,C,C,02,E,03,H,,,Y,,A,N,N,A,1,0,0,1,22350.0,1,37.7794705,-122.4403172,3
2013,2013-03-10,1526,3,1,15,7,Y,A,N,A,H,A,A,01,,08,H,,Y,,,G,N,N,A,1,0,1,0,22107.0,2,37.7637149,-122.4151931,4
2013,2013-01-18,1338,1,4,13,5,Y,A,N,A,A,A,-,- ,,00,D,,,,,C,Y,N,A,1,0,0,0,,2,37.7798049,-122.4303932,4
2013,2013-03-09,2013,3,1,20,6,N,A,N,A,H,C,L,04,S,03,H,,Y,,,G,N,N,D,1,0,1,0,22350.0,2,37.7999558,-122.4108101,4
2013,2013-01-03,1229,1,4,12,4,Y,A,N,A,H,A,A,01,,12,D,,,,,C,Y,N,A,3,0,0,0,21453.0,2,37.7979249,-122.4067331,3
2013,2013-03-09,2330,3,1,23,6,N,A,N,A,H,C,L,04,S,05,H,,Y,,,G,N,N,A,1,0,1,0,21202.0,2,37.770855,-122.4224893,4
2013,2013-03-11,725,3,1,7,1,N,A,N,A,H,A,A,01,E,06,H,,Y,,,G,N,N,D,1,0,1,0,21750.0,2,37.7308187,-122.3903831,3
2013,2013-01-12,1241,1,4,12,6,Y,A,N,A,H,A,-,- ,,09,D,,Y,,,G,N,F,A,1,0,1,0,21801.0,2,37.7814949,-122.4049631,4
2013,2013-03-12,1310,3,1,13,2,Y,B,N,A,H,A,L,04,,12,H,,Y,,,G,N,N,D,1,0,1,0,22450.0,2,37.7576549,-122.4843031,3
2013,2013-01-11,530,1,4,5,5,N,A,N,A,H,C,A,01,E,21,E,,,,,I,N,N,A,1,0,0,0,22106.0,1,37.7795364,-122.4574891,2
2013,2013-03-11,1445,3,1,14,1,Y,A,N,A,C,A,-,- ,,18,H,,Y,,,G,N,N,D,1,0,1,0,,1,37.7783649,-122.4266932,4
2013,2013-01-18,1338,1,4,13,5,N,A,N,A,H,A,A,01,E,03,B,,,,,E,Y,N,A,1,0,0,0,22350.0,2,37.801197,-122.4109645,3
2013,2013-03-11,2325,3,1,23,1,Y,A,N,A,H,C,L,04,,12,H,,Y,,,G,N,N,A,1,0,1,0,21453.0,2,37.7789649,-122.4369131,3
2013,2013-01-18,1640,1,4,16,5,N,A,N,A,H,C,A,01,W,07,B,,,Y,,C,N,F,D,1,0,0,1,21658.0,2,37.7743784,-122.4277201,4
2013,2013-03-13,1650,3,1,16,3,Y,A,N,A,H,A,A,01,,06,H,,Y,,,G,N,N,A,1,0,1,0,21755.0,2,37.7873249,-122.3945131,3
2013,2013-01-18,1740,1,4,17,5,N,A,N,A,H,A,A,07,S,08,D,,,,,C,Y,N,D,1,0,0,0,22102.0,2,37.727524,-122.4327153,4
2013,2013-03-13,858,3,1,8,3,N,A,N,A,H,A,A,01,N,17,H,,Y,,,G,N,N,D,1,0,1,0,22517.0,2,37.7762864,-122.4246239,4
2013,2013-01-18,1515,1,4,15,5,N,A,N,A,A,A,-,- ,S,18,H,,,Y,,A,N,N,D,1,0,0,1,,1,37.7468968,-122.4036988,3
2013,2013-02-08,1720,2,4,17,5,N,A,N,A,H,B,A,01,W,09,D,,,,,C,N,N,D,1,0,0,0,21802.0,2,37.7475917,-122.5008984,4
2013,2013-01-14,1405,1,4,14,1,N,A,N,A,H,A,A,07,W,03,C,,,,,C,N,N,A,2,0,0,0,22350.0,2,37.7808713,-122.4697692,4
2013,2013-02-18,638,2,4,6,1,Y,B,N,A,H,B,A,01,,17,D,,,,,C,Y,N,A,1,0,0,0,21451.0,2,37.7456049,-122.4518232,4
2013,2013-01-05,1950,1,4,19,6,Y,C,N,B,H,C,-,- ,,08,B,,,,,C,Y,N,A,2,0,0,0,22100.0,2,37.7885649,-122.3960531,4
2013,2013-02-20,2315,2,4,23,3,N,A,N,A,H,C,A,01,N,04,C,,,,,C,N,N,D,1,0,0,0,21703.0,2,37.7817105,-122.4052301,4
2013,2013-01-05,1420,1,4,14,6,N,C,N,B,H,A,A,01,N,08,B,,,Y,,C,N,N,D,1,0,0,1,22107.0,3,37.7994405,-122.4258809,4
2013,2013-02-26,1658,2,4,16,2,N,A,N,A,H,A,A,01,N,21,B,,,,,C,N,N,D,1,0,0,0,22106.0,2,37.7811729,-122.4089632,4
2013,2013-01-04,2108,1,4,21,5,Y,A,N,A,H,C,A,01,,08,D,,,,,C,Y,F,A,1,0,0,0,22100.0,2,37.7809749,-122.4087231,4
2013,2013-01-17,1215,1,4,12,4,Y,A,N,A,H,A,A,01,,03,C,,,,,C,N,F,D,1,0,0,0,22350.0,2,37.7366049,-122.4435731,4
2013,2013-01-16,1240,1,4,12,3,N,A,N,A,H,A,A,01,S,03,E,,,,,I,Y,N,A,1,0,0,0,22350.0,1,37.7639305,-122.5104305,3
2013,2013-02-09,1930,2,4,19,6,Y,A,N,A,H,C,-,- ,,09,D,,,,,C,Y,N,A,1,0,0,0,21801.0,2,37.7721249,-122.4304932,4
2013,2013-01-17,109,1,4,1,4,N,A,N,A,H,C,A,01,E,00,A,,,,,E,Y,N,A,3,0,0,0,2800.0,3,37.7697164,-122.4058277,3
2013,2013-02-14,715,2,4,7,4,Y,A,N,A,-,A,A,01,,12,D,,,,,C,N,N,A,2,0,0,0,22450.0,2,37.7779648,-122.4524531,4
2013,2013-01-04,2022,1,4,20,5,Y,A,N,A,H,C,A,01,,09,D,,,,,C,N,N,D,2,0,0,0,21801.0,2,37.7282249,-122.4351132,4
2013,2013-02-08,930,2,4,9,5,Y,A,N,A,H,A,A,01,,12,D,,,,,I,Y,N,B,2,0,0,0,22450.0,2,37.7370849,-122.4925432,4
2013,2013-05-20,1650,5,1,16,1,N,A,Y,A,H,A,A,01,N,04,C,,,,,C,N,N,D,1,0,0,0,21703.0,2,37.7558143,-122.4031295,4
2013,2013-05-20,1908,5,1,19,1,N,A,Y,A,H,A,A,01,E,03,C,,,,,C,Y,N,D,1,0,0,0,22350.0,2,37.788185,-122.3885832,3
2013,2013-05-20,2036,5,1,20,1,N,A,Y,A,H,C,A,01,W,07,F,,,Y,,I,Y,N,D,1,0,0,1,21658.0,2,37.7679748,-122.4050758,4
2012,2012-09-24,634,9,3,6,1,N,A,N,A,H,B,D,22,W,08,D,,,Y,,C,Y,N,D,2,0,0,1,22103.0,2,37.73781324,-122.3843015,4
2012,2012-09-03,1527,9,3,15,1,N,A,N,A,H,A,A,01,N,05,A,,,,,C,Y,N,D,1,0,0,0,21650.0,2,37.76484014,-122.42872537,4
2012,2012-04-08,1632,4,1,16,7,Y,A,N,A,H,A,A,01,,08,D,,,,,J,Y,N,A,3,0,0,0,22101.0,2,37.789497,-122.3886105,4
2012,2012-04-06,1255,4,1,12,5,Y,A,N,A,H,A,D,22,,12,D,,,,,C,Y,N,A,2,0,0,0,21453.0,2,37.78885493,-122.41197314,4
2012,2012-04-30,1716,4,1,17,1,Y,A,N,A,H,A,A,01,,05,B,,,,,C,Y,N,A,1,0,0,0,21651.0,3,37.78571489,-122.40589316,4
2012,2012-04-20,1750,4,1,17,5,N,A,N,A,H,A,A,08,N,17,B,,,,,E,N,N,D,2,0,0,0,22517.0,2,37.77618447,-122.43806905,4
2012,2012-04-09,1727,4,1,17,1,N,A,Y,A,H,A,A,01,S,08,A,,,,,E,Y,N,D,1,0,0,0,22107.0,2,37.78629927,-122.46901782,3
2012,2012-04-09,840,4,1,8,1,N,A,N,A,A,A,A,01,N,06,B,,,,,C,Y,N,A,1,0,0,0,21755.0,2,37.74981042,-122.39630376,4
2012,2012-04-28,1708,4,1,17,6,N,A,N,A,H,A,-,- ,N,18,C,,,,,E,Y,N,D,1,0,0,0,,2,37.75153942,-122.47068994,3
2012,2012-04-20,2005,4,1,20,5,Y,A,N,A,H,C,A,01,,09,D,,,,,C,Y,N,A,1,0,0,0,21801.0,2,37.75201483,-122.42295312,4
2012,2012-04-27,1339,4,1,13,5,N,A,N,A,H,A,C,02,S,06,B,,,Y,,C,N,N,A,1,0,0,1,21754.0,2,37.78148326,-122.45418069,3
2012,2012-04-08,2010,4,1,20,7,N,A,N,A,H,C,A,01,S,03,C,,,,,A,Y,N,A,1,0,0,0,22350.0,2,37.79430609,-122.40479578,3
2012,2012-04-27,1758,4,1,17,5,N,A,N,A,H,A,-,- ,W,00,E,,,,,I,Y,N,D,1,0,0,0,,1,,,4
2012,2012-04-10,842,4,1,8,2,Y,B,N,B,H,A,A,01,,09,D,,,,,C,Y,N,A,2,0,0,0,21801.0,2,37.76358493,-122.41739309,4
2012,2012-04-28,950,4,1,9,6,Y,A,N,A,H,A,A,01,,12,D,,,,,C,N,N,A,2,0,0,0,21453.0,2,37.766043,-122.477382,4
2012,2012-04-10,1045,4,1,10,2,N,C,N,B,H,A,-,- ,E,04,C,,,,,C,N,N,D,1,0,0,0,21703.0,2,37.77561153,-122.41551078,4
2012,2012-04-28,948,4,1,9,6,Y,A,N,A,H,A,-,- ,,- ,D,,,,,C,Y,N,A,1,0,0,0,,2,37.77999493,-122.38973314,4
2012,2012-04-01,2021,4,1,20,7,Y,A,N,A,H,C,A,01,,07,C,Y,,,,E,Y,N,D,4,3,0,0,21658.0,6,37.73370483,-122.42648307,3
2012,2012-04-28,1130,4,1,11,6,Y,A,N,A,H,A,A,01,,12,D,,,Y,,C,N,N,A,1,0,0,1,21453.0,2,37.76613493,-122.42889308,3
2012,2012-04-01,1550,4,1,15,7,Y,A,N,A,H,A,C,03,,12,D,,,Y,,C,Y,N,A,1,0,0,1,22450.0,2,37.78515483,-122.46354318,4
2012,2012-04-28,1430,4,1,14,6,Y,A,N,A,H,A,A,01,,08,D,,,,,C,Y,N,A,2,0,0,0,22107.0,2,37.7847249,-122.43134318,4
2012,2012-04-01,1240,4,1,12,7,N,A,N,A,H,A,A,01,E,07,H,,,,,A,N,N,A,1,0,0,0,21658.0,2,37.7883868,-122.40794986,4
2012,2012-04-30,1454,4,1,14,1,Y,A,N,A,H,A,A,01,,12,D,,,,,C,Y,N,A,1,0,0,0,21453.0,2,37.78156485,-122.42395317,2
2012,2012-04-01,1138,4,1,11,7,Y,A,N,A,H,A,C,02,,03,C,,,Y,,C,N,N,D,1,0,0,1,22350.0,2,37.76613484,-122.46004318,2
2012,2012-04-30,914,4,1,9,1,N,A,N,A,H,A,-,- ,S,18,D,,,,,E,Y,N,D,1,0,0,0,,3,37.77841207,-122.47499686,3
2012,2012-04-01,207,4,1,2,7,Y,B,N,A,H,C,-,- ,,03,C,,,,,C,N,N,A,1,0,0,0,22350.0,2,37.78625494,-122.39897321,4
2012,2012-04-30,829,4,1,8,1,Y,A,N,A,H,A,-,- ,,09,H,,,Y,,C,N,M,A,1,0,0,1,21802.0,2,37.71159488,-122.46707316,3