ACCIDENT_YEAR,COLLISION_DATE,COLLISION_TIME,MONTH,SEASON,24HOURS,DAY_OF_WEEK,INTERSECTION,WEATHER_1,STATE_HWY_IND,ROAD_SURFACE,ROAD_COND_1,LIGHTING,STWD_VEHTYPE_AT_FAULT,CHP_VEHTYPE_AT_FAULT,DIRECTION,PCF_VIOL_CATEGORY,TYPE_OF_COLLISION,PEDESTRIAN_ACCIDENT,BICYCLE_ACCIDENT,MOTORCYCLE_ACCIDENT,TRUCK_ACCIDENT,MVIW,TOW_AWAY,HIT_AND_RUN,CONTROL_DEVICE,NUMBER_INJURED,COUNT_PED_INJURED,COUNT_BICYCLIST_INJURED,COUNT_MC_INJURED,PCF_VIOLATION,PARTY_COUNT,POINT_Y,POINT_X,COLLISION_SEVERITY
2012,2012-04-21,1543,4,1,15,6,N,A,N,A,H,A,A,01,E,03,C,,,,,E,N,N,A,1,0,0,0,22350.0,2,37.78069858,-122.42321476,4
2012,2012-09-26,1727,9,3,17,3,N,A,N,A,H,A,A,07,S,03,C,,,,,C,Y,N,A,2,0,0,0,22350.0,3,37.72660344,-122.43623221,4
2012,2012-08-10,2032,8,2,20,5,Y,A,N,A,H,C,A,01,,08,E,,,,,I,Y,N,A,1,0,0,0,22107.0,1,37.75515486,-122.3919532,3
2012,2012-04-22,30,4,1,0,7,Y,A,N,A,H,C,A,01,,09,D,,,,,C,Y,N,A,1,0,0,0,21801.0,2,37.77178491,-122.40167316,4
2012,2012-09-14,1715,9,3,17,5,Y,A,N,A,H,A,A,01,,08,D,,,Y,,C,N,N,D,1,0,0,1,22107.0,2,37.76619486,-122.46115322,4
2012,2012-08-10,2028,8,2,20,5,N,E,N,B,H,C,A,01,N,21,D,,,,,C,N,N,D,1,0,0,0,22106.0,2,37.7823961,-122.48603785,4
2012,2012-08-23,1503,8,2,15,4,Y,A,N,A,H,A,A,01,,12,D,,,,,C,Y,N,A,1,0,0,0,22450.0,4,37.76584489,-122.40660319,3
2012,2012-04-21,2030,4,1,20,6,N,A,N,A,H,C,A,01,W,04,C,,,,,C,N,N,D,2,0,0,0,21703.0,2,37.76539777,-122.4796368,2
2012,2012-09-16,1157,9,3,11,7,N,A,N,A,H,A,A,01,S,03,C,,,,,C,N,N,A,1,0,0,0,22350.0,2,37.7854788,-122.39664149,4
2012,2012-08-10,1620,8,2,16,5,N,A,N,A,H,A,C,02,W,03,C,,,Y,,C,N,N,A,1,0,0,1,22350.0,2,37.77233874,-122.48990016,3
2012,2012-08-25,200,8,2,2,6,N,B,N,A,H,C,A,01,E,03,A,,,,,E,Y,N,A,3,0,0,0,22350.0,5,37.75443687,-122.40645468,3
2012,2012-04-22,27,4,1,0,7,N,A,N,A,H,C,A,01,E,08,D,,,,,C,Y,N,A,1,0,0,0,22101.0,2,37.76767926,-122.4288941,4
2012,2012-09-16,307,9,3,3,7,Y,A,N,A,H,C,A,01,,12,D,,,,,C,N,N,A,2,0,0,0,21453.0,2,37.78079487,-122.39965311,4
2012,2012-08-10,1514,8,2,15,5,N,A,N,A,-,A,-,- ,E,18,B,,,,,E,Y,N,A,1,0,0,0,,3,37.79570938,-122.41665905,3
2012,2012-08-26,1115,8,2,11,7,Y,A,N,A,H,A,A,01,,12,D,,,,,C,N,F,D,1,0,0,0,22450.0,2,37.73723489,-122.42778315,4
2012,2012-04-10,1220,4,1,12,2,Y,C,N,B,H,A,A,01,,09,D,Y,,,,C,N,N,A,1,1,0,0,21801.0,4,37.72878485,-122.43136307,4
2012,2012-09-16,30,9,3,0,7,Y,A,N,A,H,C,A,01,,01,B,,,,,E,Y,N,D,2,0,0,0,23153.0,4,37.72595487,-122.4051331,4
2012,2012-08-10,1300,8,2,13,5,N,A,N,A,H,A,A,01,S,03,E,,,,,I,Y,N,A,1,0,0,0,22350.0,1,37.78049055,-122.47516323,4
2012,2012-08-25,2350,8,2,23,6,Y,A,N,A,H,C,A,07,,12,D,,,,,C,Y,N,A,2,0,0,0,21453.0,2,37.76371489,-122.41519314,4
2012,2012-04-10,1305,4,1,13,2,N,B,N,B,H,A,A,01,N,04,C,,,,,C,Y,N,D,1,0,0,0,21703.0,2,37.76351608,-122.47931613,4
2012,2012-09-30,2102,9,3,21,7,Y,A,N,A,H,C,A,01,,09,A,,,,,C,Y,N,A,1,0,0,0,21801.0,2,37.77395492,-122.44612314,4
2012,2012-08-10,930,8,2,9,5,N,A,N,A,H,A,A,01,E,03,E,,,,,I,Y,N,D,1,0,0,0,22350.0,1,37.79014595,-122.4318045,3
2012,2012-08-25,2317,8,2,23,6,Y,A,N,A,H,C,A,01,,09,A,,,,,C,Y,N,A,1,0,0,0,21801.0,2,37.7834049,-122.43952316,3
2012,2012-04-10,2110,4,1,21,2,Y,C,N,B,H,C,A,01,,08,D,,,,,C,Y,N,A,2,0,0,0,22107.0,2,37.76502485,-122.44845307,4
2012,2012-09-30,1502,9,3,15,7,Y,A,N,A,H,A,A,07,,12,D,,,,,C,Y,N,A,2,0,0,0,21453.0,2,37.7798049,-122.43039318,4
2012,2012-08-09,1802,8,2,18,4,N,A,N,A,H,A,A,01,N,04,C,,,,,C,N,N,A,1,0,0,0,21703.0,2,37.79207669,-122.40260508,4
2012,2012-04-11,1304,4,1,13,3,Y,A,N,A,H,A,A,01,,12,D,,,,,C,Y,N,A,1,0,0,0,22450.0,2,37.72523489,-122.5031431,4
2012,2012-08-03,1348,8,2,13,5,N,A,N,A,H,A,C,02,W,03,C,,,Y,,C,N,N,A,1,0,0,1,22350.0,2,37.77124866,-122.45231555,4
2012,2012-08-08,940,8,2,9,3,Y,A,N,A,H,A,A,01,,12,D,,,,,C,Y,N,A,2,0,0,0,21453.0,2,37.78726485,-122.4167232,4
2012,2012-04-11,505,4,1,5,3,Y,C,N,B,G,C,A,07,,03,F,,,,,I,Y,N,A,1,0,0,0,22350.0,1,37.800837,-122.3992215,3
2013,2013-01-14,1435,1,4,14,1,N,A,N,A,H,A,A,01,S,09,D,,Y,,,G,N,N,A,1,0,1,0,21801.0,2,37.7348397,-122.3907851,3
2012,2012-08-03,1213,8,2,12,5,N,A,N,A,G,A,-,- ,W,03,C,,,,,C,Y,N,D,4,0,0,0,22350.0,3,37.79086444,-122.39942861,4
2012,2012-09-10,2145,9,3,21,1,Y,C,N,B,H,C,-,99,,12,B,,,,,C,N,F,A,1,0,0,0,22450.0,2,37.72168482,-122.4681232,4
2013,2013-01-18,1600,1,4,16,5,Y,A,N,A,H,A,L,04,,03,D,,Y,,,G,N,N,A,1,0,1,0,22350.0,2,37.7730349,-122.4219932,4
2012,2012-08-17,820,8,2,8,5,Y,A,N,A,H,A,A,01,,12,D,,,,,C,Y,N,A,1,0,0,0,21453.0,2,37.78796487,-122.43369314,4
2012,2012-08-29,1614,8,2,16,3,Y,A,N,A,H,A,A,01,,08,B,,,Y,,C,Y,N,A,1,0,0,1,22100.0,3,37.7802549,-122.40340311,4
2012,2012-04-12,132,4,1,1,4,-,C,N,B,H,C,A,01,W,03,C,,,,,C,N,N,A,1,0,0,0,22350.0,2,37.78975623,-122.39763045,4
2013,2013-01-17,1824,1,4,18,4,Y,A,N,A,H,C,A,01,,09,A,,Y,,,G,N,N,A,1,0,1,0,21801.0,2,37.7743149,-122.4208131,3
2012,2012-04-12,939,4,1,9,4,N,A,N,A,H,A,N,60,E,11,G,Y,,,,B,N,N,A,1,1,0,0,21453.0,2,37.73571911,-122.3903271,3
2013,2013-01-18,1108,1,4,11,5,N,A,N,A,G,A,L,04,E,- ,H,,Y,,,A,N,N,D,1,0,1,0,,1,37.7432335,-122.4723048,3
2012,2012-08-24,1310,8,2,13,5,N,A,N,A,H,A,A,07,E,03,C,,,,,C,N,N,A,2,0,0,0,22350.0,2,37.80529144,-122.4165482,4
2012,2012-04-12,1922,4,1,19,4,Y,C,N,B,F,C,A,01,,09,D,,,,,C,Y,N,A,2,0,0,0,21801.0,2,37.72692489,-122.4761031,4
2013,2013-01-16,1451,1,4,14,3,N,A,N,A,H,A,L,04,S,05,D,,Y,,,G,N,N,A,1,0,1,0,21460.0,2,37.7821093,-122.4101192,3
2012,2012-04-12,1938,4,1,19,4,Y,C,N,B,H,C,A,01,,09,A,,,,,C,Y,N,A,2,0,0,0,21801.0,2,37.75401487,-122.41649316,4
2013,2013-01-17,1420,1,4,14,4,N,A,N,A,H,A,A,01,E,08,D,,Y,,,G,N,N,A,1,0,1,0,22107.0,2,37.7750244,-122.4100888,3
2012,2012-08-16,1556,8,2,15,4,N,A,Y,A,H,A,A,01,W,03,E,,,,,I,Y,N,D,1,0,0,0,22350.0,1,,,3
2012,2012-04-06,1818,4,1,18,5,N,A,N,A,H,A,-,- ,W,18,H,,,,,A,N,N,D,1,0,0,0,,1,37.78236116,-122.42523346,4
2013,2013-01-23,1735,1,4,17,3,Y,B,N,B,-,B,A,01,,09,D,,Y,,,G,N,N,A,1,0,1,0,21801.0,2,37.7483249,-122.4137531,3
2012,2012-08-30,754,8,2,7,4,Y,A,N,A,H,A,C,02,,06,B,,,Y,,C,N,N,A,1,0,0,1,21750.0,3,37.77739486,-122.45690316,3
2012,2012-04-06,1930,4,1,19,5,Y,A,N,A,H,A,A,01,,09,B,,,,,C,N,N,D,1,0,0,0,21804.0,2,37.77200493,-122.49712313,4
2013,2013-01-21,1751,1,4,17,1,N,A,N,A,H,C,A,01,N,17,E,,Y,,,G,N,N,D,1,0,1,0,22517.0,2,37.750171,-122.4183014,3
2012,2012-08-30,740,8,2,7,4,N,A,N,A,H,A,A,01,N,03,C,,,,,C,N,N,D,3,0,0,0,22350.0,3,37.71906576,-122.48512073,3
2012,2012-04-07,916,4,1,9,6,N,A,N,A,H,A,-,- ,E,18,B,,,,,C,Y,N,D,1,0,0,0,,2,37.79302127,-122.43759531,4
2013,2013-01-02,1649,1,4,16,3,N,A,N,A,H,A,L,04,E,- ,D,,Y,,,G,N,N,A,1,0,1,0,,2,37.7731006,-122.4186757,4
2012,2012-08-30,624,8,2,6,4,N,A,N,A,H,B,A,01,S,12,H,,,Y,,A,Y,N,A,1,0,0,1,21453.0,2,37.78277698,-122.41408546,4
2012,2012-08-28,713,8,2,7,2,N,A,N,A,H,A,-,- ,E,03,C,,,,,C,Y,N,D,2,0,0,0,22350.0,2,37.73138401,-122.42173516,4
2012,2012-04-07,1411,4,1,14,6,Y,A,N,A,H,A,A,01,,12,D,,,,,C,Y,N,A,1,0,0,0,21453.0,2,37.78281487,-122.41409309,4
2013,2013-01-04,701,1,4,7,5,N,A,N,A,H,B,L,04,N,03,D,,Y,,,G,N,N,D,1,0,1,0,22350.0,3,37.73100049,-122.44429529,3
2012,2012-08-31,2031,8,2,20,5,N,A,N,A,H,C,C,02,S,06,B,,,Y,,E,N,N,A,1,0,0,1,21750.0,2,37.73002012,-122.39248856,3
2013,2013-01-13,942,1,4,9,7,N,A,N,C,H,A,-,- ,E,18,F,,Y,,,G,N,N,D,1,0,1,0,,1,37.77106104,-122.45751411,3
2013,2013-01-07,2003,1,4,20,1,N,A,N,A,H,C,L,04,S,03,C,,Y,,,G,N,N,A,1,0,1,0,22350.0,2,37.761611,-122.4216062,3
2013,2013-01-07,1730,1,4,17,1,N,A,N,A,H,B,-,- ,W,07,B,,Y,,,G,,F,D,1,0,1,0,21658.0,2,37.7637312,-122.4732882,3
2013,2013-01-08,1750,1,4,17,2,Y,A,N,A,H,C,-,- ,,02,H,,Y,,,G,N,M,D,1,0,1,0,22400.0,2,37.7797548,-122.4071632,4
2013,2013-01-08,1846,1,4,18,2,Y,A,N,A,H,C,L,04,,12,D,,Y,,,G,N,N,A,1,0,1,0,21453.0,2,37.7887148,-122.4203631,2
2013,2013-01-05,1410,1,4,14,6,N,B,N,A,H,A,A,01,W,17,H,,Y,,,G,N,N,D,1,0,1,0,22517.0,3,37.7867103,-122.4136229,3
2012,2012-08-17,1302,8,2,13,5,N,A,N,A,H,A,A,01,W,03,C,,,,,C,N,N,A,1,0,0,0,22350.0,2,37.8048372,-122.42026775,4
2012,2012-08-24,2156,8,2,21,5,N,A,N,A,H,C,A,07,N,07,B,,,,,C,Y,N,D,1,0,0,0,21658.0,2,37.77510908,-122.3898983,4
2013,2013-01-08,2204,1,4,22,2,N,A,N,A,H,C,A,01,E,07,D,,Y,,,G,N,N,D,1,0,1,0,21658.0,2,37.7977805,-122.407843,3
2012,2012-08-17,915,8,2,9,5,N,A,N,D,B,A,A,01,W,03,E,,,,,J,Y,N,D,3,0,0,0,22350.0,1,37.74378541,-122.4107936,4
2012,2012-09-30,2236,9,3,22,7,Y,A,N,A,H,C,B,07,,12,D,,,,,D,Y,N,A,1,0,0,0,22450.0,2,37.79908492,-122.42749316,4
2013,2013-01-08,2230,1,4,22,2,N,A,N,A,H,C,L,04,E,06,B,,Y,,,G,N,N,D,1,0,1,0,21750.0,2,37.7376059,-122.4272268,4
2012,2012-08-17,214,8,2,2,5,N,A,N,A,H,C,A,01,E,03,C,,,,,C,N,N,A,1,0,0,0,22350.0,2,37.78128811,-122.39905099,4
2012,2012-08-13,1239,8,2,12,1,Y,A,N,A,H,A,-,- ,,00,D,,,,,C,N,N,A,2,0,0,0,,2,37.73110483,-122.42966311,4
2013,2013-01-10,1600,1,4,16,4,Y,A,N,A,H,A,A,01,,17,B,,Y,,,G,N,N,A,1,0,1,0,22517.0,2,37.7801949,-122.4077132,3
2012,2012-08-16,1830,8,2,18,4,Y,A,N,A,H,A,A,01,,08,D,,,Y,,C,Y,N,D,1,0,0,1,22107.0,2,37.74940488,-122.4028831,3
2012,2012-08-13,908,8,2,9,1,N,A,N,A,H,A,A,07,N,13,E,,,,,I,N,N,D,1,0,0,0,22515.0,2,37.76020763,-122.39826751,3
2013,2013-01-07,1733,1,4,17,1,N,A,N,A,H,C,-,- ,N,00,H,,Y,,,A,N,N,D,1,0,1,0,,1,37.7793379,-122.3933982,4
2013,2013-02-01,2217,2,4,22,5,Y,A,N,A,H,C,A,01,,21,D,,,,,C,N,F,A,1,0,0,0,22106.0,2,37.7888449,-122.4019731,4
2013,2013-06-04,2210,6,2,22,2,N,A,Y,A,H,C,A,07,S,04,C,,,,,C,Y,N,D,1,0,0,0,21703.0,4,37.769038,-122.4092923,4
2013,2013-06-12,2239,6,2,22,3,N,A,Y,A,H,C,A,01,S,07,B,,,,,C,N,N,D,1,0,0,0,21658.0,2,37.724565,-122.4014432,4
2013,2013-06-17,2300,6,2,23,1,N,B,Y,B,H,C,A,01,S,03,C,,,,,C,Y,N,D,1,0,0,0,22350.0,2,37.7268073,-122.4456234,4
2013,2013-03-22,1724,3,1,17,5,Y,A,N,A,H,A,-,- ,,09,D,,,Y,,C,N,N,A,1,0,0,1,21800.0,2,37.7916349,-122.4125231,3
2013,2013-03-22,1946,3,1,19,5,Y,A,N,A,H,C,A,01,,03,C,,,Y,,C,N,N,A,1,0,0,1,22350.0,2,37.7785349,-122.4056531,4
2013,2013-03-22,1814,3,1,18,5,Y,A,N,A,H,A,A,01,,03,C,,,,,C,,N,D,2,0,0,0,22350.0,2,37.7312049,-122.4827531,3
2013,2013-03-30,2028,3,1,20,6,Y,C,N,B,H,C,A,01,,04,C,,,,,C,N,N,D,1,0,0,0,21703.0,2,37.7633849,-122.4814531,4
2013,2013-03-30,1845,3,1,18,6,Y,C,N,B,H,B,A,01,,12,D,,,,,C,Y,N,A,1,0,0,0,21453.0,3,37.7885649,-122.3960531,4
2013,2013-03-30,1836,3,1,18,6,Y,C,N,B,H,A,A,01,,09,D,,,,,C,Y,N,A,2,0,0,0,21801.0,2,37.7536249,-122.4231132,4
2013,2013-03-19,1652,3,1,16,2,N,A,N,A,H,A,A,07,W,21,D,,,,,C,Y,N,D,1,0,0,0,22106.0,4,37.7120129,-122.4199899,4
2013,2013-03-20,1730,3,1,17,3,Y,C,N,B,H,A,A,07,,09,D,,,,,D,N,N,A,1,0,0,0,21802.0,2,37.7200449,-122.4582331,4
2013,2013-03-20,1545,3,1,15,3,N,C,N,B,H,A,A,01,N,03,E,,,,,I,Y,N,D,1,0,0,0,22350.0,1,37.7562776,-122.4410641,3
2013,2013-03-21,2048,3,1,20,4,Y,A,N,A,H,C,A,,,09,D,,,Y,,C,Y,N,A,1,0,0,1,21801.0,2,37.7786349,-122.4470831,4
2013,2013-03-21,1736,3,1,17,4,Y,A,N,A,H,A,A,01,,03,C,,,,,C,N,N,A,2,0,0,0,22350.0,2,37.7971248,-122.4055832,4
2013,2013-03-22,825,3,1,8,5,N,A,N,A,H,A,C,03,W,03,D,,,Y,,C,Y,N,D,1,0,0,1,22350.0,2,37.7749485,-122.3977319,4
2013,2013-03-22,1615,3,1,16,5,N,A,N,A,H,-,A,01,E,21,B,,,,,C,,N,D,1,0,0,0,22106.0,2,37.7448923,-122.4768078,4
2013,2013-03-06,2203,3,1,22,3,N,A,N,A,H,C,A,01,S,08,D,,Y,,,G,,N,A,1,0,1,0,22107.0,2,37.7682995,-122.4200326,4
2013,2013-03-21,1503,3,1,15,4,N,A,N,A,H,A,A,01,W,09,D,,Y,,,G,Y,F,D,1,0,1,0,21801.0,3,37.7644713,-122.4293731,3
2013,2013-03-15,907,3,1,9,5,N,A,N,A,H,A,A,01,W,21,B,,Y,,,G,N,N,D,1,0,1,0,22106.0,2,37.7651092,-122.3978868,3
2013,2013-03-14,1854,3,1,18,4,Y,A,N,A,H,A,-,- ,,00,D,,Y,,,G,N,N,A,1,0,1,0,,2,37.7339949,-122.4261931,2
2013,2013-03-04,1234,3,1,12,1,N,A,N,A,H,A,A,07,E,03,C,,,,,C,Y,N,D,1,0,0,0,22350.0,3,37.7734611,-122.4349743,4
2013,2013-03-06,1725,3,1,17,3,Y,A,N,A,H,A,C,,,06,B,,,Y,,C,N,N,A,1,0,0,1,21750.0,2,37.7762349,-122.4147231,4
2013,2013-03-07,1807,3,1,18,4,N,B,N,B,A,B,-,- ,S,18,H,,,,,I,N,N,D,1,0,0,0,,1,37.7628994,-122.3878154,4
2013,2013-03-06,915,3,1,9,3,N,A,N,B,H,A,A,01,W,07,B,,,Y,,C,N,N,A,1,0,0,1,21658.0,2,37.7731077,-122.4726678,4
2013,2013-03-10,816,3,1,8,7,Y,A,N,A,H,B,-,- ,,12,D,,,,,D,Y,N,A,1,0,0,0,21453.0,2,37.7762349,-122.4147231,4
2013,2013-03-04,758,3,1,7,1,Y,A,N,A,H,A,A,08,,12,D,,,Y,,C,N,N,A,1,0,0,1,21453.0,2,37.7883249,-122.4084632,4
2013,2013-03-05,1926,3,1,19,2,Y,B,N,A,H,C,A,01,,17,A,,,,,F,Y,N,A,1,0,0,0,21658.0,1,37.7307048,-122.4356931,4
2013,2013-03-05,1535,3,1,15,2,Y,A,N,A,H,A,A,01,,09,A,,,,,C,Y,N,A,1,0,0,0,21453.0,2,37.7692848,-122.4079132,4
2013,2013-03-03,1936,3,1,19,7,Y,A,N,A,H,C,A,07,,09,D,,,,,D,Y,N,A,1,0,0,0,21801.0,2,37.7647949,-122.4241432,4
2013,2013-03-08,810,3,1,8,5,N,A,N,A,H,A,A,01,N,03,C,,,,,C,N,N,D,1,0,0,0,22350.0,2,37.7120536,-122.4030121,4
2013,2013-03-01,2156,3,1,21,5,N,A,N,A,H,C,A,08,E,08,B,,,,,C,Y,F,D,1,0,0,0,22107.0,2,37.780116,-122.4067175,4
2013,2013-03-16,1543,3,1,15,6,N,A,N,A,H,A,A,07,S,08,D,,Y,,,G,N,N,A,1,0,1,0,22101.0,2,37.77181794,-122.42342502,4
2013,2013-03-01,2347,3,1,23,5,Y,A,N,A,H,C,A,01,,03,D,,,,,C,Y,N,A,3,0,0,0,22350.0,2,37.7131449,-122.4338031,4
2013,2013-06-05,1825,6,2,18,3,N,A,Y,A,H,A,A,01,W,07,B,,,Y,,C,N,M,D,1,0,0,1,21658.0,2,37.8028319,-122.3727886,4
2013,2013-06-04,1710,6,2,17,2,N,A,Y,A,H,A,A,08,S,04,C,,,,,C,N,N,D,1,0,0,0,21703.0,3,37.7433922,-122.4063337,4
2013,2013-06-04,1615,6,2,16,2,N,A,Y,A,H,A,A,01,S,03,C,,,,,C,Y,N,A,3,0,0,0,22350.0,4,37.77607,-122.3942471,4
2013,2013-05-30,623,5,1,6,4,N,A,Y,A,H,A,C,02,W,03,F,,,Y,,A,Y,N,D,1,0,0,1,22350.0,1,37.810007,-122.3652923,4
2011,2011-04-30,1400,4,1,14,6,N,F,N,-,G,A,-,- ,E,00,B,,,,,C,N,N,D,2,0,0,0,,2,,,3
2013,2013-06-07,600,6,2,6,5,N,B,Y,A,H,A,D,22,E,04,C,,,,,C,Y,N,D,1,0,0,0,21703.0,5,37.8101101,-122.3651818,3
2013,2013-06-20,1300,6,2,13,4,N,A,Y,A,H,A,A,01,N,07,B,,,,,C,Y,N,D,2,0,0,0,21658.0,2,37.7189137,-122.4483455,3
2013,2013-06-22,1335,6,2,13,6,N,A,N,A,H,A,L,04,S,22,F,,Y,,,A,N,N,D,1,0,1,0,,1,37.809589,-122.47742236,4
2013,2013-06-11,1400,6,2,14,2,N,A,Y,A,H,A,A,01,W,03,C,,,,,C,N,N,D,2,0,0,0,22350.0,2,37.7780268,-122.401301,4
2013,2013-06-19,1430,6,2,14,3,N,A,Y,A,H,A,A,01,E,03,C,,,,,C,N,N,D,1,0,0,0,22350.0,2,37.8106467,-122.3645903,4
2013,2013-07-01,25,7,2,0,1,N,A,Y,A,H,C,A,01,S,03,C,,,,,C,Y,N,B,1,0,0,0,22350.0,2,37.7728374,-122.4185718,4
2013,2013-07-02,2220,7,2,22,2,N,A,Y,A,H,D,C,02,S,01,E,,,Y,,I,Y,N,D,1,0,0,1,23152.0,1,37.7688128,-122.4081946,2
2013,2013-07-02,1840,7,2,18,2,N,A,Y,A,H,A,A,01,W,07,B,,,Y,,C,N,M,D,1,0,0,1,21658.0,2,37.7715027,-122.4061273,4
2013,2013-06-19,1742,6,2,17,3,N,A,Y,A,H,A,A,01,E,07,B,,,Y,,C,Y,N,D,1,0,0,1,21658.0,2,37.8122573,-122.3626659,3
2013,2013-06-23,1730,6,2,17,7,N,B,Y,A,H,A,A,01,N,01,E,,,,,I,Y,N,D,1,0,0,0,23152.0,1,37.7108224,-122.395673,3
2013,2013-06-26,950,6,2,9,3,N,A,Y,A,H,A,A,01,N,08,B,,,,,C,N,F,D,1,0,0,0,22107.0,2,37.7842661,-122.3879841,4
2013,2013-06-25,2045,6,2,20,2,N,A,Y,A,H,C,A,01,W,07,B,,,,,C,N,N,D,1,0,0,0,21658.0,2,37.7852264,-122.3920107,4
2013,2013-06-15,610,6,2,6,6,N,A,Y,A,H,A,C,02,E,16,F,,,Y,,A,N,N,A,1,0,0,1,24002.0,1,37.8113132,-122.3638378,3
2013,2013-06-16,335,6,2,3,7,N,A,Y,A,H,D,A,01,E,03,C,,,,,C,Y,M,D,3,0,0,0,22350.0,2,37.8160434,-122.3529858,3
2013,2013-06-18,1425,6,2,14,2,N,A,Y,A,H,A,A,01,S,03,C,,,,,C,N,N,D,1,0,0,0,22350.0,2,37.7478296,-122.4041508,4
2013,2013-06-27,1740,6,2,17,4,N,A,Y,A,H,A,A,01,W,03,C,,,,,C,N,N,D,2,0,0,0,22350.0,2,37.8101101,-122.3651818,3
2013,2013-06-26,920,6,2,9,3,N,A,Y,A,H,A,A,01,W,04,C,,,,,C,Y,N,D,1,0,0,0,21703.0,2,37.8034934,-122.3722301,4
2013,2013-07-03,900,7,2,9,3,N,A,Y,A,H,A,A,01,N,08,B,,,,Y,I,Y,N,D,2,0,0,0,22107.0,2,37.7284194,-122.4032525,4
2013,2013-06-18,557,6,2,5,2,N,B,Y,A,H,B,C,02,N,03,B,,,Y,,C,Y,N,D,1,0,0,1,22350.0,2,37.7338288,-122.4061181,2
2013,2013-07-09,1535,7,2,15,2,N,A,Y,A,H,A,A,01,N,04,C,,,,,C,Y,N,D,1,0,0,0,21703.0,2,37.758935,-122.4059432,4
2012,2012-06-03,1025,6,2,10,7,N,A,N,A,H,A,D,22,S,03,C,,,,,C,Y,N,A,1,0,0,0,22350.0,3,37.76443275,-122.40744557,3
2012,2012-06-04,1700,6,2,17,1,Y,A,N,A,A,A,I,11,,09,D,,,,,C,Y,N,A,1,0,0,0,21801.0,2,37.74228493,-122.42438315,4
2012,2012-06-20,1457,6,2,14,3,N,A,N,A,H,A,-,- ,N,18,C,,,,,C,N,N,A,4,0,0,0,,2,37.79498582,-122.40813519,4
2012,2012-06-13,935,6,2,9,3,Y,A,N,A,H,A,C,02,,05,A,,,Y,Y,C,Y,N,A,1,0,0,1,21650.0,2,37.74512488,-122.39226316,4
2012,2012-07-09,1445,7,2,14,1,N,A,N,A,H,A,A,01,W,03,C,,,,,C,Y,N,D,1,0,0,0,22350.0,2,37.76172685,-122.42102737,4
2012,2012-07-07,1400,7,2,14,6,Y,A,N,A,H,A,A,08,,04,C,,,,,C,Y,N,A,1,0,0,0,21703.0,2,37.77351493,-122.46487308,4
2013,2013-07-05,225,7,2,2,5,N,A,Y,A,H,C,A,01,E,01,B,,,,Y,C,Y,N,D,1,0,0,0,23152.0,2,37.783229,-122.3948335,3
2013,2013-07-06,1054,7,2,10,6,N,A,Y,A,H,A,F,26,S,08,E,,,,Y,I,N,N,D,1,0,0,0,22107.0,1,37.811562,-122.4774999,3
2013,2013-05-30,2500,5,1,25,4,Y,A,N,A,H,A,A,01,,- ,C,,,,,C,Y,N,D,1,0,0,0,,2,37.7339949,-122.4261931,4
2013,2013-02-18,1004,2,4,10,1,Y,A,Y,A,H,A,A,01,,09,D,,,,,C,Y,N,A,2,0,0,0,21801.0,2,37.7957491,-122.4233563,3
2013,2013-03-15,2038,3,1,20,5,Y,A,Y,A,H,C,D,22,,09,A,,,Y,,C,Y,N,A,1,0,0,1,21801.0,2,37.7659925,-122.4773343,2
2013,2013-03-09,2027,3,1,20,6,Y,A,Y,A,H,C,D,22,,12,D,,,,,C,Y,N,A,2,0,0,0,21453.0,2,37.790339,-122.422262,3
2012,2012-06-16,1827,6,2,18,6,N,A,N,A,H,A,D,22,W,08,F,,,Y,,C,Y,N,D,1,0,0,0,22102.0,2,37.76986806,-122.42247582,3
2012,2012-05-09,1146,5,1,11,3,Y,A,N,A,H,A,A,01,,07,B,,,,,C,Y,N,A,1,0,0,0,21658.0,2,37.78734484,-122.43860312,3
2012,2012-05-09,159,5,1,1,3,Y,A,N,A,H,C,A,01,,12,D,,,,,C,Y,N,A,4,0,0,0,21453.0,3,37.76190489,-122.43737317,4
2012,2012-07-12,1335,7,2,13,4,N,A,N,A,H,A,D,22,S,03,C,,,,Y,C,Y,N,A,1,0,0,0,22350.0,2,37.79068351,-122.40404728,4
2012,2012-06-15,815,6,2,8,5,Y,A,N,A,H,A,A,01,,12,D,,,,,C,N,N,A,1,0,0,0,21453.0,2,37.78437485,-122.40935308,3
2012,2012-07-11,2226,7,2,22,3,Y,A,N,A,H,C,-,- ,,09,A,,,Y,,C,Y,N,A,1,0,0,1,21801.0,2,37.78677494,-122.39207321,3
2012,2012-06-14,721,6,2,7,4,Y,A,N,A,H,A,A,01,,12,D,,,,,C,Y,N,A,1,0,0,0,21453.0,2,37.77341488,-122.46593313,4
2012,2012-05-06,837,5,1,8,7,N,A,Y,A,H,A,D,22,S,03,C,,,,,C,N,N,A,2,0,0,0,22350.0,2,37.71999009,-122.47521232,4
2012,2012-07-30,1044,7,2,10,1,Y,A,Y,A,H,A,A,01,,12,G,Y,,,,B,Y,N,A,1,1,0,0,21453.0,2,37.77638796,-122.41961976,3
2012,2012-06-11,1555,6,2,15,1,Y,A,N,A,D,A,A,07,,08,D,,,,,C,Y,N,A,3,0,0,0,22107.0,2,37.74821489,-122.4203631,4
2013,2013-06-29,1220,6,2,12,6,N,A,Y,A,H,A,L,04,N,03,F,,Y,,,A,N,N,D,1,0,1,0,22350.0,1,37.8128162,-122.4777824,3
2012,2012-06-26,1709,6,2,17,2,Y,A,N,A,H,A,A,07,,09,B,,,,,C,Y,N,D,1,0,0,0,21801.0,2,37.76560486,-122.47511321,4
2012,2012-06-22,25,6,2,0,5,Y,A,N,A,H,C,A,01,,03,C,,,,,C,Y,N,A,1,0,0,0,22350.0,2,37.75299486,-122.40632318,4
2012,2012-06-25,1942,6,2,19,1,Y,A,N,A,H,B,-,- ,,12,D,,,,,C,Y,N,A,2,0,0,0,21453.0,2,37.72856486,-122.39301316,3