ACCIDENT_YEAR,COLLISION_DATE,COLLISION_TIME,MONTH,SEASON,24HOURS,DAY_OF_WEEK,INTERSECTION,WEATHER_1,STATE_HWY_IND,ROAD_SURFACE,ROAD_COND_1,LIGHTING,STWD_VEHTYPE_AT_FAULT,CHP_VEHTYPE_AT_FAULT,DIRECTION,PCF_VIOL_CATEGORY,TYPE_OF_COLLISION,PEDESTRIAN_ACCIDENT,BICYCLE_ACCIDENT,MOTORCYCLE_ACCIDENT,TRUCK_ACCIDENT,MVIW,TOW_AWAY,HIT_AND_RUN,CONTROL_DEVICE,NUMBER_INJURED,COUNT_PED_INJURED,COUNT_BICYCLIST_INJURED,COUNT_MC_INJURED,PCF_VIOLATION,PARTY_COUNT,POINT_Y,POINT_X,COLLISION_SEVERITY
2012,2012-06-25,1549,6,2,15,1,Y,A,N,A,H,A,C,02,,08,D,,,Y,,C,N,N,A,1,0,0,1,22107.0,2,37.78736485,-122.42345314,4
2012,2012-06-12,1503,6,2,15,2,N,A,N,A,H,A,C,02,N,03,B,,,Y,,C,N,N,D,1,0,0,1,22350.0,2,37.78153964,-122.46652435,3
2012,2012-06-05,1520,6,2,15,2,N,A,N,A,H,A,A,01,E,12,D,,,,,C,Y,N,A,1,0,0,0,21453.0,2,37.77315685,-122.43744608,4
2012,2012-06-24,1347,6,2,13,7,N,A,N,A,-,A,A,01,E,03,C,,,,,C,Y,N,A,2,0,0,0,22350.0,2,37.75215817,-122.48168414,4
2012,2012-06-21,201,6,2,2,4,Y,A,N,A,H,C,-,- ,,03,F,,,,,J,Y,N,D,1,0,0,0,22350.0,1,37.72963482,-122.49366317,3
2013,2013-06-16,330,6,2,3,7,N,A,Y,A,H,C,A,01,S,01,E,,,,,I,Y,N,D,1,0,0,0,23152.0,1,,,2
2013,2013-06-19,830,6,2,8,3,N,A,Y,A,H,A,A,01,N,03,C,,,,,C,Y,N,D,3,0,0,0,22350.0,5,37.7173678,-122.3990268,4
2013,2013-07-07,2310,7,2,23,7,N,B,Y,A,H,C,A,01,N,08,E,,,,,I,Y,N,D,1,0,0,0,22107.0,1,37.7317048,-122.4265884,4
2013,2013-07-02,1850,7,2,18,2,N,A,Y,A,H,A,A,07,N,07,B,,,Y,,C,Y,N,D,1,0,0,1,21658.0,2,37.7642781,-122.4048897,3
2013,2013-07-07,218,7,2,2,7,N,A,Y,A,H,E,A,01,S,01,E,,,,,I,Y,N,D,1,0,0,0,23152.0,1,37.7318962,-122.4283879,3
2012,2012-05-11,1737,5,1,17,5,Y,A,N,A,H,A,A,01,,03,C,,,,,C,N,N,A,1,0,0,0,22350.0,2,37.73471489,-122.47054308,4
2012,2012-05-11,1805,5,1,18,5,Y,A,N,A,H,A,C,02,,03,H,,,Y,,J,N,N,D,1,0,0,1,22350.0,1,37.75253492,-122.39266309,4
2012,2012-05-11,1920,5,1,19,5,Y,A,N,A,H,A,A,07,,04,C,,,,,C,Y,N,A,1,0,0,0,21703.0,2,37.77468494,-122.39637308,4
2012,2012-05-11,1629,5,1,16,5,Y,A,N,A,H,A,-,- ,,07,B,,,Y,,C,N,F,A,1,0,0,1,21658.0,2,37.78753494,-122.40052319,4
2012,2012-05-11,2052,5,1,20,5,N,A,N,A,H,C,A,01,S,03,C,,,,,C,Y,N,D,1,0,0,0,22350.0,2,37.76468309,-122.41965304,4
2012,2012-05-04,1226,5,1,12,5,N,A,N,A,H,A,A,01,S,03,C,,,Y,,C,N,N,D,1,0,0,1,22350.0,2,37.77645644,-122.42630109,4
2012,2012-05-05,1706,5,1,17,6,Y,A,N,A,H,A,-,- ,,09,A,,,,,C,Y,N,A,5,0,0,0,21801.0,2,37.72361485,-122.40081314,3
2012,2012-05-03,1710,5,1,17,4,Y,A,N,A,H,A,A,01,,09,D,,,,,C,Y,N,A,1,0,0,0,21801.0,2,37.74706491,-122.44493312,4
2012,2012-05-03,1449,5,1,14,4,N,A,N,A,H,A,A,01,E,03,C,,,,,C,Y,N,D,1,0,0,0,22350.0,2,37.76491514,-122.43244455,4
2012,2012-05-03,1541,5,1,15,4,N,A,N,A,H,A,A,01,S,04,C,,,,,C,N,N,A,1,0,0,0,21703.0,2,37.73839147,-122.4942853,4
2012,2012-04-19,1548,4,1,15,4,Y,A,Y,A,H,A,N,60,,11,D,Y,,,,C,N,N,A,1,1,0,0,21954.0,2,37.79048133,-122.42229174,4
2012,2012-05-02,1736,5,1,17,3,N,B,N,A,H,A,-,- ,E,18,H,,,,,F,N,N,A,2,0,0,0,,2,37.79339032,-122.39866652,4
2012,2012-05-10,1132,5,1,11,4,N,A,N,A,H,A,L,04,S,05,H,,Y,,,G,N,N,D,1,0,1,0,21202.0,2,37.78650492,-122.42166555,3
2012,2012-05-03,830,5,1,8,4,Y,A,N,A,H,A,A,01,,12,D,,,,,C,N,N,A,1,0,0,0,21453.0,2,37.75715483,-122.49562317,3
2012,2012-05-08,1820,5,1,18,2,N,A,N,A,H,A,-,- ,N,03,C,,,,,C,N,F,A,1,0,0,0,22350.0,2,37.78962102,-122.38868929,4
2012,2012-05-02,950,5,1,9,3,N,A,N,A,D,A,L,04,S,03,H,,Y,,,G,N,M,A,1,0,1,0,22350.0,2,37.73053132,-122.43165532,3
2012,2012-05-12,1417,5,1,14,6,Y,A,N,A,H,A,A,01,,12,D,,,,,C,N,N,A,1,0,0,0,22450.0,2,37.78241484,-122.47636313,4
2012,2012-05-01,1322,5,1,13,2,Y,A,N,A,H,A,A,01,,12,D,,,,,C,Y,F,A,2,0,0,0,22450.0,4,37.74344484,-122.43115319,3
2012,2012-05-12,1620,5,1,16,6,N,A,N,A,H,A,A,01,E,08,B,,,,,C,Y,N,A,2,0,0,0,22100.0,2,37.7776289,-122.45514089,4
2012,2012-05-04,1815,5,1,18,5,Y,A,N,A,H,A,A,01,,12,D,,,,,C,Y,N,A,4,0,0,0,21453.0,3,37.78529484,-122.46248311,4
2012,2012-05-11,1246,5,1,12,5,N,A,N,A,H,A,A,01,E,04,C,,,,,D,N,N,A,1,0,0,0,21703.0,2,37.78120699,-122.50308791,4
2012,2012-05-04,1624,5,1,16,5,Y,A,N,A,H,A,A,01,,09,D,,,,,C,N,N,A,1,0,0,0,21802.0,2,37.77513494,-122.51126314,4
2012,2012-05-12,2359,5,1,23,6,Y,A,N,A,H,C,A,07,,08,B,,,Y,,C,N,N,A,1,0,0,0,22100.0,2,37.78864494,-122.4135832,2
2012,2012-05-10,2115,5,1,21,4,Y,A,N,A,H,C,-,- ,,03,C,,,,,C,N,N,A,1,0,0,0,22350.0,3,37.77887484,-122.39277314,4
2012,2012-05-12,42,5,1,0,6,N,A,N,A,G,C,-,- ,N,03,B,Y,,,,J,N,F,D,1,1,0,0,22350.0,2,37.7902884,-122.4071399,4
2012,2012-05-10,1525,5,1,15,4,Y,A,N,A,H,A,A,01,,09,A,,,,,C,Y,N,D,4,0,0,0,21801.0,2,37.77672492,-122.40341307,4
2012,2012-05-12,742,5,1,7,6,Y,B,N,A,H,A,A,01,,12,D,,,,,C,Y,N,A,2,0,0,0,21453.0,2,37.78685492,-122.41997319,4
2012,2012-05-10,1436,5,1,14,4,Y,A,N,A,H,A,A,01,,03,E,,,,,I,Y,N,A,1,0,0,0,22350.0,1,37.7315649,-122.49906309,2
2012,2012-05-11,1635,5,1,16,5,N,A,N,A,H,A,A,07,E,17,B,,,Y,,E,Y,N,D,1,0,0,1,22517.0,3,37.77674384,-122.42443873,3
2012,2012-05-09,1842,5,1,18,3,Y,A,N,A,H,A,A,08,,12,D,,,,,C,Y,N,A,1,0,0,0,22450.0,4,37.75913488,-122.41076314,4
2012,2012-05-09,1331,5,1,13,3,Y,A,N,A,H,A,A,01,,12,D,,,Y,,C,Y,N,A,1,0,0,1,21453.0,2,37.75557488,-122.41665317,3
2012,2012-06-05,641,6,2,6,2,-,A,N,A,H,A,-,- ,,08,D,,,,,C,N,N,D,2,0,0,0,22101.0,2,37.78218979,-122.44159341,4
2012,2012-05-09,1347,5,1,13,3,N,A,N,A,H,A,A,01,E,04,C,,,,,C,Y,N,A,2,0,0,0,21703.0,3,37.77235901,-122.48945796,4
2012,2012-06-12,1411,6,2,14,2,N,A,N,A,H,A,-,- ,E,18,H,,,,,A,N,N,D,1,0,0,0,,1,37.74742998,-122.40734091,3
2012,2012-05-10,1005,5,1,10,4,Y,A,N,A,H,A,-,- ,,09,A,,,,,C,N,N,-,1,0,0,0,21801.0,2,37.79640483,-122.39695316,4
2012,2012-06-06,1705,6,2,17,3,Y,A,N,A,H,A,A,01,,12,D,,,,,C,Y,N,A,1,0,0,0,22450.0,2,37.75215484,-122.41961315,4
2012,2012-05-12,1301,5,1,13,6,Y,A,N,A,H,A,C,02,,03,H,,,Y,,J,N,N,A,1,0,0,1,22350.0,1,37.7172349,-122.47271319,3
2012,2012-06-20,2025,6,2,20,3,N,A,N,A,H,A,A,01,S,03,C,,,,,C,Y,N,D,1,0,0,0,22350.0,2,37.75888943,-122.50976443,4
2012,2012-06-04,1454,6,2,14,1,Y,B,N,A,H,A,A,01,,12,D,,,,,C,Y,M,A,1,0,0,0,21453.0,2,37.77970487,-122.42357318,3
2012,2012-06-04,1222,6,2,12,1,N,C,N,A,H,A,B,01,E,03,D,,,,,C,Y,N,D,1,0,0,0,22350.0,3,37.78874848,-122.43524654,4
2012,2012-06-19,1346,6,2,13,2,Y,A,N,A,H,A,A,01,,09,B,,,Y,,C,N,N,A,1,0,0,1,21801.0,2,37.78605485,-122.39298307,4
2012,2012-06-04,1150,6,2,11,1,Y,B,N,A,H,A,A,01,,12,D,,,,,C,N,N,A,1,0,0,0,21453.0,2,37.79890489,-122.39872311,3
2012,2012-06-04,655,6,2,6,1,Y,C,N,B,H,A,-,- ,,12,D,,,,,C,Y,N,A,3,0,0,0,21453.0,5,37.78736485,-122.42345314,4
2012,2012-06-18,1943,6,2,19,1,Y,A,N,A,H,B,A,01,,06,H,,,,,C,N,F,D,1,0,0,0,21750.0,2,37.76408484,-122.46529312,4
2012,2012-06-13,2100,6,2,21,3,Y,A,N,A,H,C,A,01,,12,A,,,,,C,Y,N,A,2,0,0,0,21453.0,4,37.79555484,-122.42510309,4
2012,2012-06-16,1632,6,2,16,6,N,A,Y,A,H,A,N,60,N,11,G,Y,,,,B,N,N,D,1,1,0,0,21954.0,2,37.79062332,-122.42232227,4
2012,2012-06-03,1150,6,2,11,7,Y,A,N,A,H,-,A,01,,10,H,,Y,,,G,N,N,D,1,0,1,0,21950.0,2,37.73398488,-122.49446314,4
2012,2012-06-04,1650,6,2,16,1,Y,A,N,A,H,A,A,01,,12,D,,,,,C,Y,N,A,3,0,0,0,21453.0,2,37.7845149,-122.43298314,4
2012,2012-07-29,1130,7,2,11,7,Y,A,N,A,H,A,-,- ,,07,B,,,,,C,N,N,A,1,0,0,0,21658.0,2,37.78326493,-122.40275307,4
2012,2012-06-04,1648,6,2,16,1,N,A,N,A,H,A,C,02,S,07,H,,,Y,,A,N,N,-,1,0,0,1,21658.0,1,37.77633637,-122.4173317,3
2012,2012-06-06,935,6,2,9,3,Y,A,N,A,H,A,-,- ,,09,D,,,,,C,Y,N,A,1,0,0,0,21801.0,2,37.75299486,-122.40632318,2
2012,2012-08-19,1502,8,2,15,7,N,A,Y,A,H,A,A,01,S,03,C,,,,,C,N,N,A,2,0,0,0,22350.0,2,37.77208342,-122.47903489,4
2012,2012-06-06,731,6,2,7,3,Y,A,N,A,H,A,A,01,,- ,B,,,,,C,Y,N,A,1,0,0,0,,5,37.77771489,-122.43161309,4
2012,2012-06-05,1325,6,2,13,2,Y,A,N,A,H,A,A,01,,04,C,,,,,C,Y,N,D,1,0,0,0,21703.0,3,37.76427494,-122.43325315,4
2012,2012-06-05,658,6,2,6,2,Y,A,N,A,H,A,C,02,,12,D,,,Y,,C,N,N,A,1,0,0,1,21453.0,2,37.78497492,-122.43476308,4
2013,2013-06-28,1702,6,2,17,5,N,A,Y,A,H,A,A,01,S,03,C,,,,,C,N,N,D,1,0,0,0,22350.0,2,37.7603065,-122.4063206,4
2013,2013-06-30,1545,6,2,15,7,N,A,Y,A,H,A,A,01,N,08,E,,,,,I,Y,N,D,1,0,0,0,22107.0,1,,,3
2013,2013-07-08,850,7,2,8,1,N,A,Y,A,H,A,-,99,N,08,B,,,,,C,N,F,D,1,0,0,0,22107.0,2,37.7329062,-122.4128554,4
2013,2013-07-10,954,7,2,9,3,N,A,Y,A,H,A,A,01,S,08,E,,,,,I,Y,N,D,1,0,0,0,22107.0,1,37.7339416,-122.4112968,3
2012,2012-05-09,1015,5,1,10,3,Y,A,N,A,B,A,-,- ,,18,F,,,,,A,N,N,A,1,0,0,0,,1,37.77128494,-122.40546316,4
2012,2012-05-23,803,5,1,8,3,Y,A,N,A,H,A,A,01,,09,D,,,,,C,Y,N,D,1,0,0,0,21800.0,2,37.7800249,-122.41197314,4
2012,2012-05-11,1735,5,1,17,5,N,A,N,A,H,A,A,07,W,21,C,,,,,C,N,N,D,1,0,0,0,22106.0,2,37.72768794,-122.38319299,4
2012,2012-07-18,618,7,2,6,3,Y,A,N,A,H,A,A,01,,09,D,,,,Y,C,Y,N,A,2,0,0,0,21800.0,2,37.77819494,-122.39193316,4
2012,2012-05-22,1905,5,1,19,2,Y,A,N,A,H,A,A,01,,09,D,,,,,C,Y,N,A,1,0,0,0,21806.0,2,37.77132494,-122.40860319,4
2012,2012-05-05,1404,5,1,14,6,N,A,N,A,H,A,D,22,S,03,C,,,Y,,C,N,N,A,1,0,0,1,22350.0,3,37.76452362,-122.42648821,3
2012,2012-05-05,203,5,1,2,6,Y,A,N,A,H,C,D,22,,12,D,,,,,C,Y,N,A,1,0,0,0,21453.0,3,37.78915483,-122.43224314,4
2012,2012-05-01,1115,5,1,11,2,Y,A,N,A,H,A,A,01,,09,D,,,,,C,Y,N,D,2,0,0,0,21802.0,3,37.767321,-122.4243405,4
2012,2012-05-05,1038,5,1,10,6,N,A,N,A,H,A,A,01,N,03,E,,,,,I,Y,N,D,1,0,0,0,22350.0,2,37.73328794,-122.38349148,4
2012,2012-04-15,1800,4,1,18,7,N,A,N,A,H,A,A,07,E,21,D,,,,,C,N,N,D,1,0,0,0,22106.0,2,37.80754686,-122.41374316,4
2012,2012-04-14,1423,4,1,14,6,N,A,N,A,H,A,D,22,S,03,C,,,,,C,Y,M,D,1,0,0,0,22350.0,2,37.7134235,-122.40024465,4
2012,2012-12-18,1605,12,4,16,2,Y,A,Y,A,H,A,D,22,,09,D,,Y,,,G,N,N,A,1,0,1,0,21801.0,2,37.7764104,-122.41946062,4
2012,2012-04-16,1812,4,1,18,1,Y,A,N,A,H,A,D,22,,17,D,,,,,C,N,N,A,1,0,0,0,21657.0,2,37.8050349,-122.40351307,4
2012,2012-08-16,1138,8,2,11,4,N,A,N,A,H,A,A,01,W,05,A,,,,,C,Y,N,D,1,0,0,0,21460.0,2,37.79175023,-122.39509235,4
2012,2012-05-07,1244,5,1,12,1,Y,A,N,A,H,A,A,01,,12,D,,,,,C,N,N,A,2,0,0,0,21453.0,2,37.77258494,-122.48426316,4
2012,2012-05-29,1843,5,1,18,2,Y,A,N,A,H,A,A,01,,09,D,,,,,C,Y,N,A,1,0,0,0,21801.0,2,37.71127487,-122.45590312,4
2012,2012-12-22,1041,12,4,10,6,N,C,Y,B,H,A,D,22,S,03,A,,,,,C,Y,N,D,4,0,0,0,22350.0,3,37.74459499,-122.40523316,4
2012,2012-09-07,1628,9,3,16,5,N,A,Y,A,H,A,-,- ,N,00,B,,Y,,,G,N,F,D,1,0,1,0,,2,37.79231006,-122.4228367,3
2012,2012-05-21,1430,5,1,14,1,N,A,N,A,H,A,A,07,E,21,D,,,,,C,Y,N,D,1,0,0,0,22106.0,2,37.72064619,-122.39076409,4
2012,2012-07-01,2041,7,2,20,7,N,A,N,A,H,A,A,01,E,03,B,,,,,E,N,N,D,1,0,0,0,22350.0,3,37.73261771,-122.39306978,3
2012,2012-05-23,1440,5,1,14,3,Y,A,N,A,H,A,D,22,,09,D,,,,Y,C,N,N,D,1,0,0,0,21801.0,2,37.7753449,-122.39725314,4
2012,2012-07-01,1115,7,2,11,7,N,A,N,A,H,A,A,01,W,03,D,,,,,C,Y,F,A,1,0,0,0,22350.0,2,37.72889539,-122.37028688,4
2013,2013-06-27,1640,6,2,16,4,N,A,Y,A,H,A,L,04,S,22,F,,Y,,,A,N,N,D,1,0,1,0,,1,37.8107963,-122.4775096,2
2012,2012-07-29,753,7,2,7,7,Y,B,N,A,H,A,A,01,,12,D,,,,,C,Y,N,A,1,0,0,0,21453.0,3,37.79229489,-122.39979312,4
2012,2012-07-30,621,7,2,6,1,Y,A,N,A,H,A,-,- ,,00,D,,,,,C,Y,N,A,3,0,0,0,,2,37.7736449,-122.44097311,4
2012,2012-07-30,640,7,2,6,1,Y,A,N,A,H,A,-,- ,,09,-,,,Y,,-,N,N,D,1,0,0,1,21801.0,2,37.76985492,-122.40306314,4
2012,2012-07-28,2107,7,2,21,6,N,A,N,A,H,C,D,22,,21,B,,,,,C,Y,F,D,1,0,0,0,22106.0,2,37.71715534,-122.49835879,4
2012,2012-03-27,1209,3,1,12,2,Y,A,N,A,D,A,D,22,,08,A,,,Y,,C,N,N,D,1,0,0,1,22101.0,2,37.780938,-122.413599,2
2012,2012-08-24,1345,8,2,13,5,Y,A,N,A,H,A,-,- ,,00,D,,,,,C,Y,N,A,1,0,0,0,,2,37.73477484,-122.47524321,4
2012,2012-04-22,1746,4,1,17,7,Y,A,N,A,H,A,A,01,,12,D,,,,,C,,N,A,1,0,0,0,21453.0,2,37.77992492,-122.42191319,3
2012,2012-04-22,2200,4,1,22,7,Y,B,N,A,H,C,A,01,,12,D,,,,,C,Y,N,A,2,0,0,0,21453.0,2,37.77302491,-122.44593318,3
2012,2012-04-13,2259,4,1,22,5,N,A,N,A,H,C,D,22,W,03,B,,,,,E,Y,N,D,1,0,0,0,22350.0,4,37.80364767,-122.40689662,4
2012,2012-05-15,1545,5,1,15,2,N,A,N,A,H,A,C,02,S,03,C,,,Y,,E,N,N,D,1,0,0,1,22350.0,3,37.79257855,-122.42613405,3
2012,2012-04-13,1050,4,1,10,5,Y,B,N,A,H,A,D,22,,12,D,,,,Y,C,Y,N,A,1,0,0,0,21453.0,2,37.78091485,-122.46862314,4
2012,2012-05-11,1955,5,1,19,5,Y,F,N,A,H,B,D,22,,12,B,,,,,C,N,F,A,2,0,0,0,21453.0,2,37.72556486,-122.39431308,4
2012,2012-04-25,1026,4,1,10,3,N,B,N,A,H,A,F,26,E,03,C,,,,Y,C,Y,N,D,1,0,0,0,22350.0,3,37.7449733,-122.40035318,4
2012,2012-05-15,1207,5,1,12,2,Y,B,N,A,H,A,D,22,,09,A,,,,,C,Y,N,D,3,0,0,0,21801.0,2,37.73126489,-122.49817314,2
2012,2012-04-18,1108,4,1,11,3,N,A,N,A,H,A,A,08,E,08,B,,,,,C,Y,N,A,1,0,0,0,22107.0,2,37.78301547,-122.40610255,4
2012,2012-05-12,1330,5,1,13,6,N,A,N,A,H,A,-,- ,S,00,E,,,,,I,Y,N,D,1,0,0,0,,1,37.73088353,-122.43565462,3
2012,2012-04-18,854,4,1,8,3,Y,A,N,A,H,A,D,22,,08,D,,Y,,,G,N,N,A,1,0,1,0,22107.0,2,37.77853486,-122.40565312,4
2012,2012-04-18,802,4,1,8,3,N,A,N,A,H,A,A,07,E,03,C,,,Y,,C,Y,N,D,1,0,0,1,22350.0,4,37.78875054,-122.41277368,4
2012,2012-04-17,1030,4,1,10,2,N,A,N,A,H,A,A,07,E,03,C,,,,,C,N,N,D,1,0,0,0,22350.0,2,37.77713703,-122.4211819,4
2012,2012-04-17,543,4,1,5,2,Y,A,N,A,H,B,A,01,,12,D,,,,,C,Y,N,A,3,0,0,0,21453.0,2,37.71053489,-122.45499312,4
2013,2013-07-04,1445,7,2,14,4,N,A,Y,A,H,A,A,01,S,07,F,,,,,-,Y,N,D,2,0,0,0,21658.0,3,37.7144175,-122.3974136,4
2013,2013-03-08,47,3,1,0,5,Y,A,Y,B,H,C,A,01,,17,D,,,,,C,Y,N,A,2,0,0,0,21451.0,2,37.7947309,-122.4233235,4
2013,2013-03-17,1326,3,1,13,7,Y,-,Y,-,-,A,A,01,,12,-,,,,,C,Y,N,-,1,0,0,0,21453.0,2,37.7965913,-122.4236958,4
2013,2013-03-18,4,3,1,0,1,Y,A,Y,A,H,C,-,- ,,12,A,,,,,C,N,N,A,1,0,0,0,21453.0,2,37.7874896,-122.421692,3
2013,2013-03-09,1832,3,1,18,6,Y,A,Y,A,H,C,A,01,,09,A,,,,,C,N,N,A,1,0,0,0,21801.0,2,37.7957491,-122.4233563,4
2013,2013-03-11,1956,3,1,19,1,Y,A,Y,A,H,C,A,01,,09,A,,,,,C,Y,N,A,1,0,0,0,21801.0,2,37.7957491,-122.4233563,4
2013,2013-03-09,2144,3,1,21,6,Y,A,Y,A,H,C,A,07,,10,G,Y,,,,B,N,N,A,1,1,0,0,21950.0,2,37.779429,-122.4202332,4
2013,2013-03-07,1547,3,1,15,4,Y,B,Y,B,H,A,A,07,,03,C,,,,,C,N,N,A,1,0,0,0,22350.0,2,37.7321089,-122.4749167,4
2013,2013-03-23,1937,3,1,19,6,Y,A,Y,A,H,C,A,01,,12,D,,,Y,,C,Y,F,A,1,0,0,1,21453.0,2,37.8012765,-122.4247061,3
2013,2013-03-17,1114,3,1,11,7,Y,A,Y,A,H,A,A,01,,12,D,,,,,C,Y,N,A,1,0,0,0,21453.0,4,37.776388,-122.4196198,2
2013,2013-03-01,1245,3,1,12,5,N,A,Y,A,H,A,A,01,S,03,C,,,,,C,Y,N,A,1,0,0,0,22350.0,3,37.7728704,-122.4717597,4
2013,2013-03-14,1919,3,1,19,4,Y,A,Y,A,H,C,A,01,,09,D,,,,,C,Y,N,A,1,0,0,0,21801.0,2,37.7659925,-122.4773343,4
2013,2013-03-20,1759,3,1,17,3,Y,A,Y,B,H,A,A,01,,09,A,,,,,D,Y,N,A,2,0,0,0,21801.0,2,37.7595661,-122.476788,3
2013,2013-03-13,1802,3,1,18,3,N,A,Y,A,H,A,A,01,N,07,H,,,Y,,C,Y,F,A,1,0,0,1,21658.0,4,37.7836329,-122.4210592,3
2013,2013-03-21,608,3,1,6,4,Y,A,Y,A,H,C,A,07,,12,D,,,,,C,Y,N,A,2,0,0,0,21453.0,2,37.779429,-122.4202332,4
2013,2013-03-30,1915,3,1,19,6,N,C,Y,B,H,B,A,01,N,03,C,,,,,C,Y,N,A,1,0,0,0,22350.0,2,37.7714792,-122.4795971,4
2013,2013-03-30,1533,3,1,15,6,Y,A,Y,A,H,A,A,08,,09,A,,,,,C,Y,N,A,4,0,0,0,21453.0,2,37.7713424,-122.4794832,4
2013,2013-03-24,918,3,1,9,7,Y,A,Y,A,H,A,A,01,,12,D,,,,,C,Y,N,A,1,0,0,0,21453.0,2,37.7834626,-122.4208761,3
2013,2013-03-20,1148,3,1,11,3,Y,A,Y,A,H,A,A,01,,12,D,,,,,D,Y,N,A,1,0,0,0,21453.0,2,37.788343,-122.4218736,3
2013,2013-02-11,215,2,4,2,1,N,A,Y,A,H,C,A,08,S,03,C,,,,,C,Y,F,A,1,0,0,0,22350.0,2,37.7910493,-122.4224139,4
2013,2013-02-05,2010,2,4,20,2,N,A,Y,A,H,C,A,01,W,03,C,,,,,C,Y,N,A,2,0,0,0,22350.0,3,37.801009,-122.4266952,4
2013,2013-02-10,1103,2,4,11,7,N,A,Y,A,H,A,A,01,S,03,C,,,,,C,Y,N,A,2,0,0,0,22350.0,2,37.7708218,-122.4792156,4
2013,2013-01-22,1943,1,4,19,2,Y,B,Y,A,H,C,A,01,,09,D,,,Y,,C,N,N,A,1,0,0,1,21801.0,2,37.7772727,-122.4197967,4
2013,2013-02-23,1829,2,4,18,6,N,A,Y,A,H,C,-,- ,,03,F,,,,,A,Y,N,A,1,0,0,0,22350.0,1,37.8011912,-122.4246246,3
2013,2013-02-06,1056,2,4,10,3,Y,A,Y,A,H,A,A,01,,12,D,,,,,-,Y,N,A,1,0,0,0,21453.0,2,37.786315,-122.4727632,4
2013,2013-01-26,923,1,4,9,6,N,A,Y,A,H,A,A,01,S,03,C,,,,,C,Y,N,A,2,0,0,0,22350.0,2,37.7824344,-122.4724128,4
2013,2013-01-27,845,1,4,8,7,Y,A,N,A,G,A,A,07,,09,D,,,,,C,Y,N,A,1,0,0,0,21801.0,2,37.7356149,-122.5068732,4
2013,2013-01-25,738,1,4,7,5,Y,B,Y,A,H,A,A,01,,08,D,,,Y,,C,N,N,A,1,0,0,1,22100.0,2,37.7772955,-122.4196469,4
2013,2013-01-05,2135,1,4,21,6,N,B,Y,B,H,C,-,- ,N,04,C,,,,,C,N,N,D,1,0,0,0,21703.0,2,37.7377898,-122.4754334,4
2013,2013-01-30,1410,1,4,14,3,Y,A,Y,A,H,A,A,01,,12,D,,,,,C,Y,N,A,2,0,0,0,21453.0,2,37.7975959,-122.4239033,4
2013,2013-01-24,1521,1,4,15,4,N,A,Y,A,H,A,-,- ,N,00,H,,,Y,,A,N,N,A,1,0,0,1,,1,37.7784724,-122.4198744,3
2013,2013-01-26,2308,1,4,23,6,Y,A,Y,A,H,C,C,02,,03,E,,,Y,,J,N,N,A,2,0,0,2,22350.0,1,37.7823289,-122.4206356,3
2013,2013-01-09,2315,1,4,23,3,Y,A,Y,A,H,C,L,04,,12,D,,Y,,,G,N,F,A,1,0,1,0,21453.0,2,37.7485546,-122.4760348,4
2013,2013-06-19,1310,6,2,13,3,N,A,Y,A,H,A,A,01,W,03,C,,,,,C,Y,N,D,1,0,0,0,22350.0,2,37.786025,-122.3908032,3
2013,2013-07-09,640,7,2,6,2,N,B,Y,A,H,A,A,01,S,08,B,,,,,C,Y,N,D,4,0,0,0,22107.0,3,37.7173628,-122.4485669,4
2013,2013-07-11,815,7,2,8,4,N,B,Y,A,H,A,A,01,E,08,E,,,,,I,N,N,D,1,0,0,0,22107.0,1,37.7780765,-122.4011966,4
2013,2013-07-10,1830,7,2,18,3,N,A,Y,A,H,A,A,01,N,07,B,,,Y,,C,Y,N,D,1,0,0,1,21658.0,3,37.7580499,-122.4046107,4
2013,2013-07-12,1925,7,2,19,5,N,B,Y,A,H,A,A,01,S,03,C,,,,,C,N,M,D,1,0,0,0,22350.0,2,37.7427724,-122.4066159,4
2012,2012-04-17,1949,4,1,19,2,Y,A,N,A,H,B,A,01,,08,A,,,Y,,C,N,N,A,2,0,0,2,22107.0,2,37.76563484,-122.41047316,4
2012,2012-04-18,207,4,1,2,3,Y,A,N,A,D,C,C,02,,05,E,,,Y,,J,N,N,D,1,0,0,1,21650.0,1,37.74655464,-122.42016435,3
2012,2012-04-18,1715,4,1,17,3,Y,A,N,A,H,A,A,01,,09,D,,,,,C,Y,N,A,2,0,0,0,21802.0,2,37.75299486,-122.40632318,3
2012,2012-04-18,1805,4,1,18,3,Y,A,N,A,H,A,A,01,,03,C,,,,,C,N,N,D,1,0,0,0,22350.0,2,37.71560484,-122.44176312,4
2012,2012-04-25,1340,4,1,13,3,N,A,N,A,H,A,A,07,E,03,C,,,,,C,N,N,D,1,0,0,0,22350.0,3,37.71282023,-122.47131964,4
2012,2012-04-24,815,4,1,8,2,N,A,N,A,-,A,A,01,S,08,D,,,,,J,Y,N,A,1,0,0,0,22100.0,2,37.77442217,-122.38993049,4
2012,2012-04-02,639,4,1,6,1,Y,A,Y,A,H,A,-,- ,,12,D,,,,,C,Y,N,A,1,0,0,0,21453.0,2,37.7268459,-122.47499812,4
2012,2012-04-22,1225,4,1,12,7,Y,A,N,A,H,A,D,22,,08,D,,,,,C,N,N,A,2,0,0,0,22100.0,2,37.76775489,-122.42900314,4
2012,2012-06-02,1330,6,2,13,6,Y,B,N,A,H,A,N,60,,11,G,Y,,,,B,N,N,D,1,1,0,0,21954.0,2,37.72384485,-122.43557309,4
2012,2012-05-16,1551,5,1,15,3,N,B,N,A,H,A,A,01,W,03,E,,,,,I,Y,N,D,1,0,0,0,22350.0,1,37.73095494,-122.42459324,4
2012,2012-07-27,1618,7,2,16,5,Y,B,N,A,H,A,A,01,,09,D,,,Y,,C,Y,N,A,1,0,0,1,21801.0,2,37.72485483,-122.43715316,4
2012,2012-05-17,1645,5,1,16,4,N,A,N,A,H,A,-,- ,W,04,C,,,,,C,N,N,A,1,0,0,0,21705.0,2,37.78317914,-122.39667052,4