ACCIDENT_YEAR,COLLISION_DATE,COLLISION_TIME,MONTH,SEASON,24HOURS,DAY_OF_WEEK,INTERSECTION,WEATHER_1,STATE_HWY_IND,ROAD_SURFACE,ROAD_COND_1,LIGHTING,STWD_VEHTYPE_AT_FAULT,CHP_VEHTYPE_AT_FAULT,DIRECTION,PCF_VIOL_CATEGORY,TYPE_OF_COLLISION,PEDESTRIAN_ACCIDENT,BICYCLE_ACCIDENT,MOTORCYCLE_ACCIDENT,TRUCK_ACCIDENT,MVIW,TOW_AWAY,HIT_AND_RUN,CONTROL_DEVICE,NUMBER_INJURED,COUNT_PED_INJURED,COUNT_BICYCLIST_INJURED,COUNT_MC_INJURED,PCF_VIOLATION,PARTY_COUNT,POINT_Y,POINT_X,COLLISION_SEVERITY
2013,2013-05-17,1935,5,1,19,5,Y,A,N,A,H,B,A,01,,03,A,,,,,C,N,N,A,1,0,0,0,22350.0,2,37.7896249,-122.4205531,3
2013,2013-05-22,1610,5,1,16,3,Y,A,N,A,-,A,A,01,,10,G,Y,,,,B,N,N,A,1,1,0,0,21950.0,2,37.7830149,-122.4124532,4
2013,2013-05-09,1255,5,1,12,4,N,A,N,A,H,A,A,01,S,03,C,,,,,C,N,N,D,1,0,0,0,22350.0,2,37.789517,-122.4205274,4
2013,2013-05-04,2130,5,1,21,6,N,A,N,A,H,C,A,01,W,03,C,,,,,C,N,F,A,1,0,0,0,22350.0,2,37.7741034,-122.422549,4
2013,2013-05-31,1819,5,1,18,5,Y,A,N,A,H,A,L,04,,12,D,,Y,,,G,N,N,A,1,0,1,0,22450.0,2,37.7445649,-122.4844531,4
2013,2013-05-15,347,5,1,3,3,N,A,N,A,H,C,A,01,E,03,A,,,,,I,Y,N,A,1,0,0,0,22350.0,1,37.7188968,-122.5001185,4
2013,2013-05-04,1533,5,1,15,6,Y,-,N,A,H,A,A,01,,07,B,,,Y,,C,N,N,A,2,0,0,1,21658.0,2,37.7718648,-122.4140431,4
2013,2013-05-02,2122,5,1,21,4,N,A,N,A,H,C,-,- ,E,03,C,,,,,E,N,N,A,1,0,0,0,22350.0,2,37.7572591,-122.4156611,3
2013,2013-05-09,930,5,1,9,4,N,A,Y,A,H,A,A,01,E,04,C,,,,,C,N,N,A,1,0,0,0,21703.0,2,37.7997177,-122.4376378,4
2013,2013-05-09,842,5,1,8,4,N,B,N,A,H,A,A,07,W,08,B,,Y,,,G,N,N,A,1,0,1,0,22107.0,2,37.7657698,-122.408022,3
2013,2013-05-18,1644,5,1,16,6,N,A,N,A,H,A,-,- ,W,17,B,,Y,,,G,N,N,D,1,0,1,0,22517.0,2,37.7968074,-122.4378468,3
2013,2013-05-04,336,5,1,3,6,N,A,N,A,H,C,A,01,E,01,E,,,,,I,Y,N,D,2,0,0,0,23153.0,1,37.7313989,-122.425347,4
2013,2013-05-26,1818,5,1,18,7,Y,A,N,A,H,A,-,- ,,10,G,Y,,,,B,N,N,A,1,1,0,0,21950.0,2,37.7731549,-122.4374632,4
2013,2013-05-02,1036,5,1,10,4,Y,A,N,A,H,A,A,01,,09,D,,Y,,,G,N,N,A,1,0,1,0,21801.0,2,37.7649449,-122.4219232,4
2013,2013-05-18,1130,5,1,11,6,Y,A,N,A,H,A,L,04,,07,D,,Y,,,G,N,N,A,1,0,1,0,21658.0,2,37.7677649,-122.4287832,4
2013,2013-05-06,1108,5,1,11,1,N,A,N,A,H,A,A,01,E,10,G,Y,,,,B,N,N,A,1,1,0,0,21950.0,2,37.75924073,-122.43485928,4
2013,2013-05-27,410,5,1,4,1,Y,A,N,A,H,C,A,07,,03,F,,,,,I,Y,N,D,1,0,0,0,22350.0,1,37.7203049,-122.3968232,4
2013,2013-05-02,958,5,1,9,4,N,A,N,A,H,A,A,01,W,08,D,,Y,,,G,Y,N,D,1,0,1,0,22107.0,2,37.7878916,-122.3937733,3
2013,2013-05-19,1132,5,1,11,7,Y,A,N,A,H,A,N,60,,11,G,Y,,,,B,N,N,D,1,1,0,0,21956.0,2,37.7805049,-122.4170031,3
2013,2013-05-27,522,5,1,5,1,Y,B,N,A,H,A,A,08,,12,D,,,,,C,N,N,A,1,0,0,0,21453.0,2,37.7845649,-122.4228832,4
2013,2013-05-02,910,5,1,9,4,N,A,N,A,H,A,-,- ,N,17,B,,Y,,,G,N,N,-,1,0,1,0,22517.0,2,37.7736102,-122.4358112,3
2013,2013-05-17,2136,5,1,21,5,Y,A,N,A,H,A,L,04,,03,C,,Y,,,G,N,N,D,1,0,1,0,22350.0,2,37.7876048,-122.3992831,4
2013,2013-05-19,630,5,1,6,7,N,A,N,A,H,B,A,01,W,03,C,,,,,C,N,N,A,1,0,0,0,22350.0,3,37.7712692,-122.40867,4
2013,2013-05-27,1302,5,1,13,1,Y,B,N,B,H,A,-,- ,,12,D,,,,,C,Y,N,A,1,0,0,0,21453.0,2,37.7872649,-122.4167232,4
2013,2013-05-02,2000,5,1,20,4,N,A,N,A,H,A,A,07,W,- ,E,,,,,I,Y,N,A,1,0,0,0,,1,37.728602,-122.3931059,3
2013,2013-05-21,822,5,1,8,2,N,A,N,A,H,A,A,01,N,09,D,,,,,C,Y,N,D,2,0,0,0,21804.0,2,37.7245064,-122.4011641,4
2013,2013-05-19,332,5,1,3,7,N,A,N,A,H,C,A,01,W,03,E,,,,,I,Y,N,A,1,0,0,0,22350.0,1,37.7818733,-122.4108055,4
2013,2013-05-27,1340,5,1,13,1,Y,B,N,A,H,A,A,01,,08,B,,,Y,,C,N,N,A,1,0,0,1,22100.0,2,37.7996449,-122.4158032,4
2013,2013-05-02,1136,5,1,11,4,N,A,N,A,A,A,C,02,E,03,H,,,Y,,I,Y,N,D,1,0,0,1,22350.0,1,37.7841736,-122.4078884,4
2013,2013-05-21,1716,5,1,17,2,N,A,N,A,H,A,A,01,W,08,D,,,,,C,Y,N,D,1,0,0,0,22107.0,2,37.7927449,-122.4113817,4
2013,2013-05-19,255,5,1,2,7,N,A,N,A,H,C,A,07,W,05,A,,,,,C,Y,N,D,1,0,0,0,21650.0,2,37.7810182,-122.435698,4
2013,2013-05-27,1337,5,1,13,1,Y,A,N,A,H,A,A,01,,08,D,,,Y,,C,N,N,A,1,0,0,1,22107.0,2,37.7730249,-122.4459332,4
2013,2013-05-24,1505,5,1,15,5,Y,A,Y,A,H,A,A,01,,08,D,,,Y,,D,Y,N,D,1,0,0,1,22100.0,2,37.7856392,-122.421318,3
2013,2013-05-24,2119,5,1,21,5,Y,A,N,A,H,C,L,04,,03,D,,Y,,,G,N,F,A,1,0,1,0,22350.0,2,37.7795949,-122.4320031,3
2013,2013-05-19,35,5,1,0,7,N,A,N,A,G,C,A,01,W,08,E,,,Y,,A,N,N,A,1,0,0,1,22107.0,2,37.7731777,-122.4124422,3
2013,2013-05-11,1337,5,1,13,6,Y,A,N,A,H,A,A,07,,12,D,,,,,C,Y,N,A,3,0,0,0,21453.0,3,37.7806348,-122.4237732,4
2013,2013-05-24,1549,5,1,15,5,Y,A,N,A,H,A,A,01,,09,D,,Y,,,G,N,N,A,1,0,1,0,21802.0,2,37.7984949,-122.4473432,4
2013,2013-05-31,2240,5,1,22,5,Y,A,N,A,H,C,A,01,,04,C,,,,,C,Y,N,A,1,0,0,0,21703.0,2,37.7204349,-122.4753232,4
2013,2013-05-19,34,5,1,0,7,Y,A,N,A,H,C,A,01,,09,A,,,Y,,C,Y,N,D,1,0,0,1,21801.0,2,37.7656049,-122.4751132,2
2013,2013-05-11,1221,5,1,12,6,Y,A,N,A,H,A,A,01,,08,D,,,Y,,C,N,N,A,1,0,0,1,22100.0,2,37.7812449,-122.4188532,4
2013,2013-05-24,1623,5,1,16,5,Y,A,N,A,-,A,A,08,,12,D,,,,,C,N,N,A,1,0,0,0,22450.0,2,37.7145849,-122.4065631,4
2013,2013-05-31,1559,5,1,15,5,Y,A,Y,A,H,A,N,60,,- ,G,Y,,,,B,N,N,A,1,1,0,0,,2,37.7233649,-122.4411031,3
2013,2013-05-24,1732,5,1,17,5,Y,A,N,A,H,A,A,01,,09,H,,,Y,,C,N,N,A,1,0,0,1,21801.0,2,37.7946549,-122.3966031,4
2013,2013-05-31,1450,5,1,14,5,Y,A,N,A,H,A,A,01,,- ,D,,,,,C,Y,N,A,1,0,0,0,,2,37.7993049,-122.4258532,4
2013,2013-05-06,1719,5,1,17,1,N,A,N,A,H,A,A,08,S,03,E,,,,,I,N,N,D,1,0,0,0,22350.0,1,37.7356305,-122.4348754,4
2013,2013-05-11,1033,5,1,10,6,Y,A,N,A,H,A,A,01,,12,D,,,,,C,Y,N,A,1,0,0,0,21453.0,2,37.7693849,-122.4109031,3
2013,2013-05-06,1745,5,1,17,1,N,A,N,A,H,A,C,02,S,06,F,,,Y,,E,N,N,D,1,0,0,1,21754.0,2,37.7681703,-122.4107315,3
2013,2013-05-31,1412,5,1,14,5,-,A,N,A,H,A,A,01,,08,D,,,,,C,Y,N,D,2,0,0,0,22102.0,2,37.74489184,-122.4001801,4
2013,2013-05-06,1530,5,1,15,1,N,A,N,A,H,A,A,01,N,03,C,,,,,C,N,F,A,1,0,0,0,22350.0,2,37.7484834,-122.4203893,4
2013,2013-05-11,2,5,1,0,6,N,A,N,A,H,C,C,02,W,03,E,,,Y,,I,,N,D,1,0,0,1,22350.0,1,37.7836987,-122.4084797,4
2013,2013-05-08,645,5,1,6,3,Y,B,N,A,H,A,-,- ,,18,D,,,,,C,Y,N,A,2,0,0,0,,2,37.7900649,-122.3910231,4
2013,2013-05-19,2008,5,1,20,7,Y,A,N,A,H,B,A,,,12,D,,,,,C,Y,N,A,4,0,0,0,21453.0,3,37.7747749,-122.4546831,3
2013,2013-05-06,1418,5,1,14,1,N,A,N,A,H,A,A,01,N,03,G,Y,,,,B,N,F,A,1,1,0,0,22350.0,2,37.7470802,-122.419001,4
2013,2013-05-05,1407,5,1,14,7,N,A,N,A,H,A,A,01,N,03,C,,,,,C,Y,N,A,2,0,0,0,22350.0,2,37.7231911,-122.4523854,4
2013,2013-05-08,340,5,1,3,3,N,A,Y,A,H,C,A,01,N,01,A,,,,,I,Y,N,A,1,0,0,0,23152.0,1,37.7271319,-122.474978,4
2013,2013-05-20,1521,5,1,15,1,Y,A,N,A,H,A,A,01,,03,C,,,,,C,Y,M,A,1,0,0,0,22350.0,2,37.7267448,-122.4839931,3
2013,2013-05-16,1536,5,1,15,4,N,A,N,A,H,A,N,60,E,11,G,Y,,,,B,N,N,D,1,1,0,0,21954.0,2,37.7528695,-122.4081942,3
2013,2013-05-19,1345,5,1,13,7,Y,A,N,A,H,A,A,01,,12,D,,,,,C,Y,N,A,1,0,0,0,22450.0,4,37.7769948,-122.4694032,4
2013,2013-05-08,824,5,1,8,3,N,A,N,A,H,A,A,01,N,08,B,,Y,,,G,N,N,A,1,0,1,0,22107.0,3,37.7624018,-122.4150716,4
2013,2013-05-20,1148,5,1,11,1,Y,A,N,A,H,A,A,01,,03,D,,Y,,,G,N,N,A,1,0,1,0,22350.0,2,37.7732349,-122.4442231,4
2013,2013-05-17,1906,5,1,19,5,N,A,N,A,H,A,D,22,W,10,G,Y,,,,B,N,N,A,1,1,0,0,21950.0,2,37.7845107,-122.4330174,4
2013,2013-05-21,1700,5,1,17,2,Y,A,N,A,H,A,A,01,,09,D,,Y,,,G,,N,A,1,0,1,0,21801.0,2,37.7743148,-122.4171332,2
2013,2013-05-07,1851,5,1,18,2,Y,A,N,A,H,A,L,04,,03,C,,Y,,,G,N,N,A,1,0,1,0,22350.0,2,37.7870649,-122.4030732,2
2013,2013-05-20,1105,5,1,11,1,Y,A,N,A,H,A,A,01,,09,D,,,,,C,Y,N,A,2,0,0,0,21802.0,2,37.7236148,-122.4008131,4
2013,2013-06-17,1655,6,2,16,1,N,A,N,A,H,A,A,07,S,04,C,,,,,C,N,N,A,1,0,0,0,21703.0,3,37.7528028,-122.4063125,4
2013,2013-05-31,807,5,1,8,5,N,A,N,A,H,A,-,- ,W,03,A,,,,,E,Y,N,D,1,0,0,0,22350.0,2,37.7980727,-122.4431066,3
2013,2013-05-07,1644,5,1,16,2,N,A,N,A,H,A,A,01,E,03,C,,,,,C,Y,F,A,2,0,0,0,22350.0,2,37.7567208,-122.44203418,4
2013,2013-05-07,1850,5,1,18,2,Y,A,N,A,H,A,L,04,,- ,D,,Y,,,G,N,N,D,1,0,1,0,,2,37.7770849,-122.3950132,2
2013,2013-05-17,1630,5,1,16,5,N,A,Y,A,H,A,A,01,N,09,B,,,,,D,Y,N,A,2,0,0,0,21800.0,2,37.734585,-122.4063332,4
2013,2013-05-30,2100,5,1,21,4,N,A,Y,A,H,C,-,- ,E,09,A,,Y,,,G,N,N,A,1,0,1,0,21801.0,2,37.8003284,-122.4244532,4
2013,2013-05-07,1433,5,1,14,2,N,A,N,A,H,A,A,01,N,21,D,,,,,D,Y,N,D,1,0,0,0,22106.0,3,37.7614278,-122.4910069,4
2013,2013-05-08,1833,5,1,18,3,Y,A,N,A,H,A,-,- ,,11,B,,,,,C,N,N,A,1,0,0,0,21453.0,2,37.7830949,-122.3936532,4
2013,2013-05-03,1615,5,1,16,5,N,A,N,A,H,A,A,01,N,21,G,Y,,,,B,N,N,D,1,1,0,0,22106.0,2,37.7731809,-122.4033489,4
2013,2013-05-30,1733,5,1,17,4,Y,A,N,A,H,A,L,04,,12,B,,Y,,,G,N,N,A,1,0,1,0,21453.0,2,37.7865249,-122.4300231,3
2013,2013-05-06,915,5,1,9,1,Y,A,N,A,H,A,A,07,,10,H,Y,,,,J,N,N,A,1,1,0,0,21950.0,2,37.7831849,-122.4412231,3
2013,2013-05-08,1757,5,1,17,3,Y,A,N,A,H,A,A,01,,12,D,,,,,D,Y,N,A,1,0,0,0,22450.0,2,37.734264,-122.499243,3
2013,2013-05-16,1245,5,1,12,4,N,B,N,A,H,A,A,01,N,17,H,,Y,,,G,N,N,D,1,0,1,0,22517.0,2,37.7789649,-122.4061932,2
2013,2013-05-30,1703,5,1,17,4,Y,A,N,A,H,A,A,01,,10,G,Y,,,,B,N,N,A,1,1,0,0,21950.0,2,37.7843449,-122.3951832,4
2013,2013-05-18,2240,5,1,22,6,Y,A,N,A,H,C,A,01,,09,D,,,,,C,Y,N,A,1,0,0,0,21802.0,2,37.7717149,-122.4338031,4
2013,2013-05-08,1710,5,1,17,3,N,A,N,A,H,A,A,01,S,17,D,,Y,,,G,N,N,D,1,0,1,0,22517.0,2,37.7622902,-122.4216744,3
2013,2013-05-13,1615,5,1,16,1,N,A,N,A,H,A,A,01,N,21,G,Y,,,,B,N,N,D,1,1,0,0,22106.0,2,37.7731809,-122.4033489,4
2013,2013-05-28,14,5,1,0,2,Y,C,N,B,H,C,N,60,,11,G,Y,,,,B,N,N,A,1,1,0,0,21950.0,2,37.7844649,-122.4161132,4
2013,2013-05-18,2107,5,1,21,6,N,A,N,A,H,C,A,01,E,10,G,Y,,,,B,,N,D,1,1,0,0,21950.0,2,37.7729663,-122.4756287,4
2013,2013-05-04,2346,5,1,23,6,N,A,N,A,H,C,L,04,S,- ,B,,Y,,,E,N,F,D,1,0,1,0,,2,37.7876524,-122.4201224,4
2013,2013-05-26,1900,5,1,19,7,Y,A,N,A,H,A,A,01,,09,B,,Y,,,G,N,N,A,1,0,1,0,21800.0,2,37.7325748,-122.4792931,4
2013,2013-05-29,1121,5,1,11,3,Y,A,N,A,H,A,-,- ,,12,D,,,,,C,Y,N,A,1,0,0,0,21453.0,3,37.7887949,-122.4271231,4
2013,2013-05-29,855,5,1,8,3,N,A,N,A,H,A,-,- ,E,09,D,,Y,,,G,N,N,D,1,0,1,0,21804.0,2,37.7813319,-122.4181697,3
2013,2013-05-12,2345,5,1,23,7,N,B,N,A,H,C,A,01,N,03,C,,,,,C,N,N,D,4,0,0,0,22350.0,2,37.73223298,-122.4186793,4
2013,2013-05-08,1443,5,1,14,3,N,A,N,A,H,A,A,01,E,03,B,,,,,E,Y,N,D,2,0,0,0,22350.0,3,37.7313688,-122.3781496,4
2013,2013-05-01,1245,5,1,12,3,N,A,N,A,H,A,C,02,W,04,H,,,Y,,I,N,N,A,1,0,0,1,21703.0,1,37.7849971,-122.4647498,3
2013,2013-05-28,2305,5,1,23,2,Y,A,Y,A,H,C,A,01,,12,D,,,Y,,D,Y,N,A,1,0,0,1,21453.0,2,37.7864933,-122.421491,3
2013,2013-05-10,1453,5,1,14,5,N,A,N,A,H,A,A,01,W,03,A,,,,,C,Y,F,A,1,0,0,0,22350.0,2,37.7132758,-122.4144687,3
2013,2013-05-08,1044,5,1,10,3,N,B,N,A,H,A,A,08,E,06,G,Y,,,,B,,N,D,1,1,0,0,21756.0,2,37.7431837,-122.4734267,4
2013,2013-05-01,1018,5,1,10,3,N,A,N,A,H,A,A,01,W,03,C,,,,,C,Y,N,A,2,0,0,0,22350.0,4,37.7829474,-122.4429599,4
2013,2013-05-28,1912,5,1,19,2,Y,A,N,A,H,A,A,01,,12,D,,,,,D,Y,N,A,1,0,0,0,21453.0,2,37.7761948,-122.4211932,4
2013,2013-05-12,1741,5,1,17,7,Y,A,N,A,H,A,A,01,,08,D,,,Y,,C,N,N,D,1,0,0,1,22102.0,2,37.7691149,-122.4201031,3
2013,2013-05-09,2153,5,1,21,4,Y,A,N,A,H,C,A,01,,08,A,,,,,I,Y,N,A,1,0,0,0,22107.0,1,37.7675949,-122.4290032,3
2013,2013-05-01,839,5,1,8,3,Y,A,Y,A,H,A,A,01,,10,G,Y,,,,B,N,N,A,1,1,0,0,21950.0,2,37.7246869,-122.4472726,4
2013,2013-05-28,1703,5,1,17,2,Y,A,N,A,H,A,A,01,,08,D,,Y,,,G,N,N,A,1,0,1,0,22107.0,2,37.7521149,-122.4206931,3
2013,2013-05-23,1533,5,1,15,4,N,A,N,A,H,A,A,01,S,21,G,Y,,,,B,N,N,A,1,1,0,0,22106.0,2,37.7727873,-122.5100237,4
2013,2013-05-09,2150,5,1,21,4,Y,A,N,A,H,C,A,01,,10,G,Y,,,,B,N,N,A,1,1,0,0,21950.0,2,37.7124949,-122.4671531,4
2013,2013-05-27,2024,5,1,20,1,Y,B,N,B,H,C,A,01,,12,D,,,,,C,Y,N,A,1,0,0,0,22450.0,2,37.7519049,-122.4871131,4
2013,2013-05-28,1127,5,1,11,2,N,B,N,B,H,A,A,01,S,21,G,Y,,,,B,N,N,D,1,1,0,0,22106.0,2,37.7466633,-122.5007585,4
2013,2013-05-10,2024,5,1,20,5,Y,A,N,A,H,C,A,01,,09,A,,,,,C,Y,N,A,1,0,0,0,21801.0,2,37.7730749,-122.4032131,2
2013,2013-05-02,325,5,1,3,4,N,A,N,A,H,C,C,02,E,03,E,,,Y,,I,Y,N,A,1,0,0,1,22350.0,1,37.7834402,-122.4392219,2
2013,2013-05-29,1422,5,1,14,3,N,A,N,A,H,A,N,60,N,11,G,Y,,,,B,Y,N,A,1,1,0,0,21453.0,2,37.7683406,-122.4200363,3
2013,2013-05-24,1030,5,1,10,5,Y,A,N,A,H,A,-,- ,,12,D,,,,,C,N,N,A,1,0,0,0,22450.0,2,37.7340549,-122.4065632,4
2013,2013-05-10,1653,5,1,16,5,N,A,N,A,H,A,A,01,W,03,F,,,,,I,Y,F,D,1,0,0,0,22350.0,1,37.7185515,-122.4129677,3
2013,2013-05-01,1711,5,1,17,3,N,A,N,A,H,A,N,60,E,11,G,Y,,,,B,N,N,D,1,1,0,0,21950.0,2,37.7719546,-122.4318158,3
2013,2013-05-29,1600,5,1,16,3,Y,A,N,A,H,A,A,01,,12,D,,,,,C,Y,N,A,1,0,0,0,21453.0,2,37.7824749,-122.4393431,3
2013,2013-05-15,1940,5,1,19,3,N,B,N,A,H,B,L,04,E,05,D,,Y,,,G,N,N,D,1,0,1,0,21202.0,2,37.7806167,-122.4314877,2
2013,2013-05-25,1649,5,1,16,6,N,A,N,A,G,A,C,02,E,- ,D,,,Y,,C,N,N,D,1,0,0,1,,2,37.7868457,-122.4612882,4
2013,2013-05-17,745,5,1,7,5,N,A,N,A,H,A,-,- ,E,21,D,,,,,C,Y,N,A,1,0,0,0,22106.0,3,37.7856459,-122.4444075,4
2013,2013-05-30,1300,5,1,13,4,-,A,N,A,H,A,-,- ,,21,H,,Y,,,G,N,N,D,1,0,1,0,22106.0,2,37.80633885,-122.4188143,3
2013,2013-05-16,935,5,1,9,4,N,B,N,A,H,A,A,07,S,03,D,,,,,C,Y,N,D,1,0,0,0,22350.0,2,37.7860919,-122.4316033,4
2013,2013-05-25,1759,5,1,17,6,N,A,N,A,H,A,-,- ,S,04,C,,,,,C,Y,N,D,2,0,0,0,21703.0,2,37.7800104,-122.4473512,4
2013,2013-05-17,708,5,1,7,5,N,A,N,A,H,A,N,60,S,11,A,Y,,,,B,N,N,A,1,1,0,0,21955.0,2,37.7968191,-122.4220023,3
2013,2013-05-30,1307,5,1,13,4,Y,A,N,A,H,A,A,07,,12,B,,,,,C,Y,N,A,1,0,0,0,21453.0,2,37.7798049,-122.4303932,4
2013,2013-05-23,2130,5,1,21,4,Y,A,N,A,H,C,A,01,,04,C,,,,,C,Y,N,A,2,0,0,0,21703.0,2,37.7603448,-122.4170931,4
2013,2013-05-25,2050,5,1,20,6,Y,A,N,A,H,C,A,01,,07,B,,,Y,,C,Y,N,A,1,0,0,1,21658.0,2,37.7867149,-122.4435932,4
2013,2013-05-17,855,5,1,8,5,Y,A,Y,A,H,A,L,04,,05,D,,Y,,,G,Y,N,A,1,0,1,0,21650.0,2,37.7826049,-122.4157332,4
2013,2013-05-30,1011,5,1,10,4,Y,A,N,A,H,A,A,01,,- ,C,,,,,C,N,N,A,2,0,0,0,,4,37.749177,-122.4048195,3
2013,2013-05-23,2030,5,1,20,4,N,A,N,A,H,C,A,01,S,01,E,,,,,I,Y,N,A,1,0,0,0,23152.0,1,37.7355758,-122.3905457,4
2013,2013-05-26,215,5,1,2,7,Y,A,N,A,H,C,A,01,,03,C,,,,,C,N,N,A,1,0,0,0,22350.0,2,37.7601049,-122.4214632,3
2013,2013-05-04,216,5,1,2,6,N,A,N,A,H,C,A,01,S,01,E,,,,,I,Y,N,A,3,0,0,0,23152.0,1,37.78939559,-122.3885411,3
2013,2013-05-30,835,5,1,8,4,N,A,N,A,H,A,A,01,N,10,G,Y,,,,B,N,N,A,1,1,0,0,21950.0,2,37.7889012,-122.4036865,4
2013,2013-05-12,1635,5,1,16,7,-,A,N,A,H,A,N,60,,11,G,Y,,,,B,N,N,A,1,1,0,0,21955.0,2,37.78428278,-122.40998805,4
2013,2013-05-26,133,5,1,1,7,Y,-,N,A,H,C,A,01,,03,C,,,,,C,Y,N,A,1,0,0,0,22350.0,2,37.7785349,-122.4056531,4
2013,2013-05-03,2313,5,1,23,5,Y,A,N,A,H,C,A,01,,09,D,,Y,,,G,N,F,A,1,0,1,0,21801.0,2,37.7653449,-122.4153432,4
2013,2013-05-30,745,5,1,7,4,N,A,N,A,-,A,A,07,N,10,G,Y,,,,B,N,N,A,1,1,0,0,21950.0,2,37.7845866,-122.4228882,4
2013,2013-04-12,150,4,1,1,5,Y,A,N,A,H,C,A,01,,12,D,,,,,C,N,N,A,1,0,0,0,21453.0,2,37.7892148,-122.4238231,3
2013,2013-05-10,1338,5,1,13,5,Y,A,N,A,H,A,N,,,11,D,Y,,,,B,N,N,A,1,1,0,0,21453.0,2,37.7712849,-122.4370731,4
2013,2013-05-03,2005,5,1,20,5,Y,A,N,A,H,B,A,01,,09,D,,,,,C,Y,N,A,4,0,0,0,21800.0,2,37.7618249,-122.4201731,4
2013,2013-05-29,2221,5,1,22,3,Y,A,N,A,H,C,A,01,,12,D,,,,,C,Y,N,A,5,0,0,0,21453.0,2,37.7268349,-122.4724332,4
2013,2013-05-12,37,5,1,0,7,-,A,N,A,H,C,N,60,,11,G,Y,,,,B,N,N,A,1,1,0,0,21453.0,2,37.7874549,-122.4454332,3
2013,2013-05-11,1340,5,1,13,6,Y,A,N,A,H,A,A,,,03,G,Y,,,,B,N,M,D,1,1,0,0,22350.0,2,37.7731549,-122.4374632,4
2013,2013-05-03,2113,5,1,21,5,N,A,N,A,H,C,N,60,E,11,G,Y,,,,B,N,F,D,1,1,0,0,21954.0,2,37.7708904,-122.4401671,2
2013,2013-05-14,1415,5,1,14,2,N,A,N,A,H,A,A,01,S,07,H,,Y,,,G,N,N,D,1,0,1,0,21658.0,2,37.7582896,-122.4212822,3
2013,2013-05-23,2252,5,1,22,4,Y,A,N,A,H,C,A,01,,12,D,,,,,C,Y,N,D,1,0,0,0,22450.0,3,37.7611949,-122.3983831,4
2013,2013-05-10,1351,5,1,13,5,N,A,N,A,H,A,N,60,E,- ,G,Y,,,,B,N,N,A,1,1,0,0,,2,37.761354,-122.4277539,4
2013,2013-05-03,1715,5,1,17,5,N,A,N,A,H,A,A,01,W,21,C,,,,,C,N,N,D,1,0,0,0,22106.0,2,37.8000053,-122.4129915,4
2013,2013-05-14,705,5,1,7,2,N,A,N,B,H,A,A,01,S,03,F,,,,,I,Y,N,D,1,0,0,0,22350.0,1,37.7296348,-122.4936632,3
2013,2013-05-24,1530,5,1,15,5,Y,A,N,A,H,A,A,01,,- ,B,Y,,,,B,N,M,A,1,1,0,0,,2,37.7980849,-122.4205931,3
2013,2013-05-09,1820,5,1,18,4,Y,A,N,A,H,A,A,01,,12,D,,,,,C,Y,N,A,1,0,0,0,21453.0,2,37.7621649,-122.4662231,4
2013,2013-05-03,1930,5,1,19,5,N,A,N,A,H,A,A,07,W,04,C,,,,,C,N,N,A,1,0,0,0,21703.0,2,37.7865337,-122.4149486,4
2013,2013-05-23,1434,5,1,14,4,N,A,N,A,H,A,-,- ,W,17,B,,Y,,,G,N,N,D,1,0,1,0,22517.0,2,37.7892192,-122.4089945,3
2013,2013-05-24,1755,5,1,17,5,Y,A,N,A,H,A,A,01,,08,D,,,,,C,N,N,A,1,0,0,0,22100.0,2,37.7966749,-122.3956332,4
2013,2013-05-09,1640,5,1,16,4,Y,-,N,-,-,-,A,01,,10,-,Y,,,,-,N,F,-,1,1,0,0,21950.0,2,37.7916949,-122.4042532,4
2013,2013-05-05,1430,5,1,14,7,N,A,N,A,H,A,A,01,S,21,G,Y,,,,B,N,N,A,1,1,0,0,22106.0,2,37.7802631,-122.4783558,4
2013,2013-05-23,1140,5,1,11,4,N,A,N,A,H,A,N,60,W,11,G,Y,,,,B,N,N,D,1,1,0,0,21955.0,2,37.7788645,-122.4083563,4
2013,2013-05-24,1856,5,1,18,5,Y,A,N,A,H,A,C,02,,06,D,,,Y,,C,N,N,A,1,0,0,1,21750.0,2,37.7944249,-122.4265632,3
2013,2013-05-09,1724,5,1,17,4,N,A,N,A,H,A,A,01,W,03,B,,,Y,,C,Y,N,D,1,0,0,1,22350.0,2,37.7858667,-122.4025402,3
2013,2013-05-05,1936,5,1,19,7,Y,A,N,A,H,A,A,01,,12,D,,,,,C,Y,N,A,3,0,0,0,21453.0,3,37.7725349,-122.4101131,3
2013,2013-05-23,840,5,1,8,4,N,A,N,A,H,A,A,01,S,21,C,,,,,C,N,N,A,1,0,0,0,22106.0,2,37.7123049,-122.4023631,4
2013,2013-05-24,1830,5,1,18,5,N,A,N,A,H,A,A,01,N,01,C,,,,,C,N,N,A,2,0,0,0,23153.0,2,37.790036,-122.4408521,4
2013,2013-05-09,1659,5,1,16,4,N,A,N,A,H,A,A,01,W,03,E,,,,,I,Y,N,A,1,0,0,0,22350.0,1,37.77973,-122.493453,4
2013,2013-05-06,915,5,1,9,1,Y,A,N,A,H,A,N,60,,11,G,Y,,,,B,N,N,A,1,1,0,0,21955.0,2,37.7812449,-122.4188532,3
2013,2013-05-13,1246,5,1,12,1,Y,B,N,A,H,A,A,01,,12,D,,,,,C,Y,N,A,3,0,0,0,21453.0,3,37.7272249,-122.4667232,4
2013,2013-05-25,214,5,1,2,6,Y,A,N,A,H,C,A,01,,21,D,,,,,C,Y,N,A,1,0,0,0,22106.0,2,37.7559849,-122.4232932,3
2013,2013-05-09,1505,5,1,15,4,N,B,N,A,H,A,A,01,W,10,G,Y,,,,B,N,M,A,1,1,0,0,21950.0,2,37.7856788,-122.4059406,4
2013,2013-05-06,926,5,1,9,1,Y,A,Y,A,H,A,L,04,,12,D,,Y,,,G,N,N,A,1,0,1,0,21453.0,2,37.7752749,-122.4159432,3
2013,2013-05-13,808,5,1,8,1,N,B,N,A,H,A,A,01,,21,B,,,,,C,N,N,D,3,0,0,0,22106.0,2,,,3
2013,2013-05-08,1714,5,1,17,3,Y,A,N,A,H,A,L,04,,08,C,,Y,,,G,N,N,A,1,0,1,0,22107.0,2,37.7693849,-122.4109031,4