ACCIDENT_YEAR,COLLISION_DATE,COLLISION_TIME,MONTH,SEASON,24HOURS,DAY_OF_WEEK,INTERSECTION,WEATHER_1,STATE_HWY_IND,ROAD_SURFACE,ROAD_COND_1,LIGHTING,STWD_VEHTYPE_AT_FAULT,CHP_VEHTYPE_AT_FAULT,DIRECTION,PCF_VIOL_CATEGORY,TYPE_OF_COLLISION,PEDESTRIAN_ACCIDENT,BICYCLE_ACCIDENT,MOTORCYCLE_ACCIDENT,TRUCK_ACCIDENT,MVIW,TOW_AWAY,HIT_AND_RUN,CONTROL_DEVICE,NUMBER_INJURED,COUNT_PED_INJURED,COUNT_BICYCLIST_INJURED,COUNT_MC_INJURED,PCF_VIOLATION,PARTY_COUNT,POINT_Y,POINT_X,COLLISION_SEVERITY
2013,2013-05-09,1512,5,1,15,4,N,A,N,A,H,A,D,,S,10,A,Y,,,,B,N,N,A,1,1,0,0,21950.0,2,37.7768695,-122.4382121,3
2013,2013-05-12,902,5,1,9,7,N,B,N,A,H,A,A,01,W,10,G,Y,,,,B,N,N,A,1,1,0,0,21950.0,2,37.7644136,-122.5009478,3
2013,2013-05-18,2333,5,1,23,6,Y,A,Y,A,H,C,C,02,,12,D,,,Y,,C,N,N,A,1,0,0,1,21453.0,2,37.7947309,-122.4233235,4
2013,2013-05-06,800,5,1,8,1,N,A,N,A,H,A,A,01,S,03,D,,,,,C,N,N,D,1,0,0,0,22350.0,3,37.7496587,-122.4317544,4
2013,2013-05-01,2238,5,1,22,3,Y,A,N,A,-,C,L,04,,- ,H,,Y,,,G,N,N,A,1,0,1,0,,1,37.7718149,-122.4236531,4
2013,2013-05-07,1600,5,1,16,2,Y,-,N,-,-,-,C,03,,03,C,,,Y,,C,N,F,-,1,0,0,0,22350.0,2,37.7973948,-122.4187432,4
2013,2013-05-06,1948,5,1,19,1,N,B,N,A,H,B,N,60,E,11,G,Y,,,,B,N,N,D,1,1,0,0,21955.0,2,37.7902451,-122.4084421,4
2013,2013-06-07,1510,6,2,15,5,N,A,N,A,H,A,A,01,N,03,B,,,,,E,Y,N,D,1,0,0,0,22350.0,2,37.782849,-122.4687588,4
2013,2013-06-04,2108,6,2,21,2,N,A,N,A,H,C,A,07,E,09,D,,Y,,,G,N,N,D,1,0,1,0,21804.0,2,37.7796159,-122.3918468,3
2013,2013-06-07,2115,6,2,21,5,Y,A,N,A,H,C,A,01,,04,C,,,,,C,N,N,D,1,0,0,0,21703.0,2,37.7540949,-122.4797432,4
2013,2013-06-04,1832,6,2,18,2,Y,A,N,A,H,A,A,01,,10,B,Y,,,,B,N,N,A,1,1,0,0,21950.0,2,37.7715948,-122.4225531,3
2013,2013-06-06,957,6,2,9,4,N,A,N,A,H,A,A,01,N,03,C,,,,,C,N,F,D,1,0,0,0,22350.0,2,37.7168291,-122.4343508,4
2013,2013-06-04,1527,6,2,15,2,Y,A,N,A,H,A,A,01,,17,E,,,,,I,N,N,A,2,0,0,0,21663.0,1,37.7121249,-122.4426732,3
2013,2013-06-06,1025,6,2,10,4,N,A,N,A,H,A,A,07,E,10,G,Y,,,,B,N,F,A,1,1,0,0,21950.0,2,37.7746284,-122.4259059,4
2013,2013-06-04,2225,6,2,22,2,N,A,Y,A,H,C,-,- ,E,11,G,,,,,B,N,F,A,1,0,0,0,21453.0,2,37.7997177,-122.4376378,2
2013,2013-06-08,1745,6,2,17,6,Y,A,N,A,H,A,A,01,,06,G,Y,,,,B,N,N,D,1,1,0,0,21756.0,2,37.7419149,-122.5025432,4
2013,2013-06-04,1835,6,2,18,2,N,A,N,A,H,A,A,07,S,03,C,,,,,C,N,F,A,2,0,0,0,22350.0,3,37.78089242,-122.41297066,4
2013,2013-06-08,1855,6,2,18,6,Y,A,N,A,H,B,A,01,,08,D,,Y,,,G,N,F,D,1,0,1,0,22101.0,2,37.7718149,-122.4236531,4
2013,2013-06-05,934,6,2,9,3,N,A,N,A,H,A,L,04,E,06,B,,Y,,,G,N,N,D,1,0,1,0,21750.0,2,37.7543412,-122.4101889,3
2013,2013-06-05,2104,6,2,21,3,N,B,N,A,H,C,A,01,S,09,D,,,,,C,N,N,A,2,0,0,0,21802.0,2,37.7121591,-122.446844,4
2013,2013-06-04,854,6,2,8,2,Y,A,Y,A,H,A,A,01,,07,B,,,,,C,N,N,A,2,0,0,0,21658.0,2,37.7845956,-122.4211053,4
2013,2013-06-04,1350,6,2,13,2,N,A,N,A,H,A,A,01,N,05,E,,,,,I,Y,N,D,1,0,0,0,21650.0,2,37.7447758,-122.492005,3
2013,2013-06-06,845,6,2,8,4,Y,B,N,A,H,A,A,07,,09,D,,,,,C,N,N,A,1,0,0,0,21802.0,2,37.709658,-122.4117495,4
2013,2013-06-06,704,6,2,7,4,N,A,Y,A,H,A,A,07,N,03,C,,,,,C,N,N,D,1,0,0,0,22350.0,2,37.8007089,-122.4474912,4
2013,2013-06-07,2030,6,2,20,5,N,A,N,A,H,C,-,- ,N,- ,B,,,Y,,C,N,N,D,1,0,0,1,,2,37.7872229,-122.4096399,3
2013,2013-06-06,1230,6,2,12,4,Y,A,N,A,H,A,A,08,,10,G,Y,,,,B,N,N,A,1,1,0,0,21950.0,2,37.7652049,-122.4175531,4
2013,2013-06-06,2214,6,2,22,4,N,A,N,A,H,C,A,01,E,09,B,,,Y,,C,N,N,D,1,0,0,1,21801.0,2,37.7656753,-122.4097344,3
2013,2013-06-20,2347,6,2,23,4,Y,A,N,A,H,C,A,01,,03,D,,,,,C,Y,N,A,2,0,0,0,22350.0,2,37.7806348,-122.4237732,3
2013,2013-06-06,1727,6,2,17,4,N,A,N,A,H,A,-,,E,03,C,,,,,C,N,N,A,2,0,0,0,22350.0,3,37.7719083,-122.4472508,4
2013,2013-06-08,2241,6,2,22,6,Y,A,N,A,H,C,N,60,,11,G,Y,,,,B,Y,N,A,1,1,0,0,21950.0,2,37.7966749,-122.3956332,3
2013,2013-06-06,1655,6,2,16,4,Y,A,N,A,H,A,A,01,,21,H,Y,,,,I,Y,N,D,1,1,0,0,22106.0,3,37.8029649,-122.4198531,4
2013,2013-06-08,2253,6,2,22,6,N,A,N,A,H,C,A,01,W,03,C,,,,,C,Y,N,A,1,0,0,0,22350.0,2,37.7661711,-122.4622769,4
2013,2013-06-08,2350,6,2,23,6,Y,A,Y,A,H,C,A,01,,03,C,,,,,C,N,N,A,1,0,0,0,22350.0,2,37.7863504,-122.4214642,4
2013,2013-06-06,1340,6,2,13,4,Y,A,N,A,H,A,N,60,,11,G,Y,,,,B,N,F,D,1,1,0,0,21956.0,2,37.7295749,-122.3864631,4
2013,2013-06-07,915,6,2,9,5,N,A,N,A,H,A,A,01,N,05,E,,,,,I,Y,N,D,1,0,0,0,21651.0,1,37.74648394,-122.44013876,4
2013,2013-06-05,2244,6,2,22,3,Y,A,N,A,H,C,-,- ,,12,D,,,,,C,N,M,A,1,0,0,0,22450.0,2,37.7239748,-122.4289232,4
2013,2013-06-07,1025,6,2,10,5,N,A,N,A,H,A,-,- ,W,18,E,Y,,,,B,N,N,D,4,3,0,0,,5,37.7930638,-122.3966833,3
2013,2013-06-04,520,6,2,5,2,N,A,N,A,H,A,A,07,S,01,E,,,,,I,Y,N,D,1,0,0,0,23152.0,1,37.7329265,-122.3862469,3
2013,2013-06-07,1515,6,2,15,5,N,A,N,A,H,A,N,60,E,11,G,Y,,,,B,N,N,A,1,1,0,0,21955.0,2,37.7906865,-122.4048827,4
2013,2013-06-04,2237,6,2,22,2,N,B,N,A,H,C,N,60,S,11,D,Y,,,,B,N,N,A,1,1,0,0,21453.0,2,37.7757806,-122.4464633,2
2014,2014-05-04,845,5,1,8,7,N,B,Y,A,H,A,A,01,S,07,B,,,,,C,N,M,D,1,0,0,0,21658.0,2,37.71975209,-122.39992279,4
2014,2014-05-10,1040,5,1,10,6,N,A,Y,A,H,A,A,07,N,03,C,,,,,C,Y,N,D,1,0,0,0,22350.0,3,37.79314101,-122.46964136,4
2013,2013-05-28,1031,5,1,10,2,Y,A,Y,A,H,A,A,01,,09,D,,,,,C,Y,N,A,1,0,0,0,21806.0,2,37.790339,-122.422262,4
2013,2013-02-14,1546,2,4,15,4,N,A,N,A,H,A,A,01,W,03,C,,,,,C,Y,N,A,2,0,0,0,22350.0,2,37.7349086,-122.44016826,4
2013,2013-03-16,1433,3,1,14,6,N,A,N,D,F,A,-,- ,E,18,H,,,Y,,A,N,N,D,1,0,0,1,,1,37.7859045,-122.4056007,4
2013,2013-04-21,1446,4,1,14,7,Y,A,N,A,H,A,A,01,,12,D,,,,,C,N,N,A,1,0,0,0,21453.0,2,37.7765649,-122.3987832,4
2013,2013-04-13,27,4,1,0,6,N,A,N,A,H,C,-,- ,W,18,E,,,,,I,Y,N,D,1,0,0,0,,1,37.7797586,-122.4307484,4
2013,2013-08-14,1650,8,2,16,3,N,A,N,A,H,A,A,01,W,08,B,,,,,C,,N,D,1,0,0,0,22107.0,2,37.7890658,-122.4016968,3
2013,2013-05-14,2215,5,1,22,2,Y,A,N,A,H,C,A,07,,01,C,,,,,C,N,N,A,1,0,0,0,23153.0,2,37.7547749,-122.3987531,4
2013,2013-05-19,2222,5,1,22,7,Y,A,N,A,H,C,L,04,,09,D,,Y,,,G,N,M,A,1,0,1,0,21801.0,2,37.7616849,-122.4216131,4
2013,2013-06-04,1354,6,2,13,2,Y,A,N,A,H,A,-,- ,,12,D,,,,,C,Y,N,A,3,0,0,0,21453.0,3,37.7725248,-122.4069831,4
2013,2013-07-12,1400,7,2,14,5,Y,A,N,A,H,A,A,01,,17,C,,Y,,,G,N,N,A,1,0,1,0,21701.0,2,37.7843748,-122.4093531,4
2013,2013-07-14,1400,7,2,14,7,Y,A,N,A,H,A,L,04,,03,D,,Y,,,G,N,N,D,1,0,1,0,22350.0,2,37.8059548,-122.4187732,4
2013,2013-07-15,2226,7,2,22,1,Y,A,N,A,H,C,N,60,,11,G,Y,,,,B,N,N,A,1,1,0,0,21954.0,2,37.7913149,-122.3925532,3
2013,2013-08-09,1444,8,2,14,5,Y,B,N,A,H,A,J,48,,- ,D,,,,,C,Y,N,A,2,0,0,0,,2,37.7618749,-122.4194032,4
2013,2013-08-04,1757,8,2,17,7,N,A,N,A,H,A,J,48,S,08,B,,,Y,,C,N,N,D,1,0,0,1,22103.0,2,37.7462164,-122.410583,4
2013,2013-08-26,859,8,2,8,1,Y,B,N,A,H,A,-,- ,,06,D,,,,,C,Y,N,A,1,0,0,0,21750.0,2,37.7359848,-122.4245831,4
2013,2013-08-19,1816,8,2,18,1,N,A,N,A,H,A,J,48,S,06,B,,,,,C,N,N,A,1,0,0,0,21750.0,2,37.7324199,-122.4056416,4
2013,2013-09-14,1546,9,3,15,6,N,A,N,A,H,A,A,01,E,10,G,Y,,,,B,N,N,D,1,1,0,0,21950.0,2,37.8051879,-122.4473293,3
2013,2013-09-07,1630,9,3,16,6,Y,A,N,A,G,A,-,- ,,18,H,,,,,I,N,N,A,1,0,0,0,,1,37.8050749,-122.4253932,4
2013,2013-09-29,436,9,3,4,7,N,A,N,A,H,C,-,- ,,03,D,,,,,C,Y,M,D,2,0,0,0,22350.0,3,37.7742849,-122.4047631,2
2013,2013-09-04,805,9,3,8,3,N,A,N,A,H,A,L,04,W,03,H,,Y,,,I,N,N,B,1,0,1,0,22350.0,1,37.78643449,-122.40499109,3
2013,2013-09-05,1826,9,3,18,4,N,A,N,A,G,A,L,04,S,03,E,,Y,,,I,N,N,D,1,0,1,0,22350.0,1,37.7635227,-122.4286164,3
2013,2013-10-28,1100,10,3,11,1,N,A,N,A,E,A,D,22,E,03,C,,,,,C,N,N,D,1,0,0,0,22350.0,2,37.7948968,-122.4228179,4
2013,2013-10-29,1337,10,3,13,2,Y,A,N,A,H,A,A,01,,03,C,,,,,C,Y,N,D,1,0,0,0,22350.0,2,37.7767249,-122.4034131,4
2013,2013-04-13,2014,4,1,20,6,N,A,N,A,H,B,N,60,S,- ,G,Y,Y,,,B,N,N,A,2,1,1,0,,2,37.756883,-122.421151,3
2013,2013-04-08,940,4,1,9,1,N,A,Y,A,H,A,N,60,S,11,G,Y,,,,B,Y,N,A,1,1,0,0,21453.0,2,37.779946,-122.4203388,4
2013,2013-04-27,2328,4,1,23,6,N,A,Y,A,H,C,N,60,W,11,G,Y,,,,B,N,F,D,1,1,0,0,21954.0,2,37.8009604,-122.4270572,2
2013,2013-04-26,1215,4,1,12,5,N,B,N,A,H,A,-,- ,S,00,C,,,,,C,Y,N,A,1,0,0,0,,2,37.74781,-122.4949103,4
2013,2013-05-16,738,5,1,7,4,N,C,N,B,H,A,-,- ,N,18,-,,,Y,,E,N,N,D,1,0,0,1,,2,37.7850882,-122.423003,4
2013,2013-06-09,1322,6,2,13,7,Y,B,N,A,H,A,A,01,,10,B,Y,,,,B,N,N,A,1,1,0,0,21950.0,2,37.7833149,-122.4327431,3
2013,2013-06-15,1812,6,2,18,6,Y,A,N,A,H,A,A,07,,09,D,,,Y,,C,N,N,A,1,0,0,1,21802.0,2,37.7939149,-122.4163532,2
2013,2013-06-15,1141,6,2,11,6,Y,B,N,A,H,A,-,- ,,10,G,Y,,,,B,N,N,A,1,1,0,0,21950.0,2,37.7127948,-122.4319631,4
2013,2013-06-09,1712,6,2,17,7,Y,A,N,A,H,A,A,01,,11,G,Y,,,,B,N,N,A,2,2,0,0,21953.0,3,37.7727248,-122.4810632,4
2013,2013-06-15,1150,6,2,11,6,Y,B,N,A,H,A,-,- ,,10,G,Y,,,,B,N,N,A,1,1,0,0,21950.0,2,37.7909149,-122.4258532,4
2013,2013-04-08,951,4,1,9,1,Y,A,N,A,D,A,D,23,,08,B,,,,,C,N,N,A,1,0,0,0,22107.0,2,37.7795649,-122.3981232,4
2013,2013-04-14,1948,4,1,19,7,N,A,N,A,H,B,L,04,E,07,B,,Y,,,G,N,N,D,1,0,1,0,21658.0,2,37.7662662,-122.4307335,2
2013,2013-04-22,1308,4,1,13,1,Y,A,N,A,H,A,A,01,,09,D,,,,,C,N,N,A,1,0,0,0,21802.0,2,37.7451949,-122.4291631,4
2013,2013-06-15,1425,6,2,14,6,N,A,N,A,H,A,N,60,E,11,G,Y,,,,B,N,N,D,1,1,0,0,21955.0,3,37.7874395,-122.4079642,3
2013,2013-04-30,1500,4,1,15,2,N,A,N,A,H,A,-,- ,S,18,G,Y,,,,B,N,N,D,1,1,0,0,,2,37.7552439,-122.4187857,4
2013,2013-04-14,2030,4,1,20,7,Y,A,N,A,H,C,A,,,03,B,,,,,I,Y,N,A,1,0,0,0,22350.0,1,37.7660749,-122.4643832,4
2013,2013-04-13,1835,4,1,18,6,Y,A,N,A,H,A,A,01,,12,D,,,Y,,C,N,N,A,1,0,0,1,21453.0,2,37.7470649,-122.4449331,3
2013,2013-06-15,327,6,2,3,6,Y,A,N,A,H,C,A,01,,03,C,,,Y,,C,N,N,A,1,0,0,1,22350.0,2,37.7660149,-122.4310531,4
2013,2013-04-30,1620,4,1,16,2,N,A,N,A,H,A,L,04,W,03,B,,Y,,,G,N,N,D,1,0,1,0,22350.0,2,37.7675396,-122.4290753,2
2013,2013-04-13,1235,4,1,12,6,N,A,N,A,H,A,A,01,W,03,E,,,,,E,N,N,D,1,0,0,0,22350.0,2,,,3
2013,2013-04-28,1856,4,1,18,7,N,B,N,A,H,A,A,01,E,03,C,,,,,C,N,N,A,1,0,0,0,22350.0,2,37.7784164,-122.4488409,4
2013,2013-06-15,930,6,2,9,6,N,A,N,A,H,A,-,- ,E,03,C,,,,,C,N,M,A,1,0,0,0,22350.0,3,37.72123603,-122.44791627,3
2013,2013-04-10,1618,4,1,16,3,Y,A,N,A,H,A,A,01,,09,D,,,,,C,Y,N,A,2,0,0,0,21801.0,2,37.7881349,-122.3903531,4
2013,2013-04-12,1235,4,1,12,5,N,A,N,A,H,A,A,01,N,03,E,,,,,I,Y,N,D,2,0,0,0,22350.0,1,,,3
2013,2013-04-23,1730,4,1,17,2,Y,A,N,A,H,A,N,60,,11,G,Y,,,,B,N,N,A,1,1,0,0,21950.0,2,37.7097049,-122.4160331,4
2013,2013-06-15,45,6,2,0,6,N,A,N,A,H,C,A,01,W,03,C,,,,,E,N,N,D,1,0,0,0,22350.0,4,37.711481,-122.4274915,4
2013,2013-04-10,2047,4,1,20,3,Y,A,N,A,H,C,A,01,,12,D,,,,,D,Y,N,A,1,0,0,0,21453.0,2,37.7856249,-122.4146732,4
2013,2013-04-13,1956,4,1,19,6,N,A,N,A,H,C,A,01,E,07,B,,,,,C,Y,N,D,1,0,0,0,21658.0,2,37.790053,-122.4249698,4
2013,2013-04-22,1221,4,1,12,1,Y,A,N,A,H,A,I,11,,12,D,,,,,C,N,N,A,1,0,0,0,21453.0,2,37.7423348,-122.4233532,4
2013,2013-04-06,230,4,1,2,6,N,F,N,B,H,C,N,60,E,11,G,Y,,,,B,N,N,A,1,1,0,0,21954.0,2,37.7962576,-122.4201041,3
2013,2013-04-10,2157,4,1,21,3,N,A,N,A,H,C,N,60,W,11,G,Y,,,,B,N,N,A,1,1,0,0,21955.0,2,37.7848283,-122.413305,4
2013,2013-04-13,1745,4,1,17,6,Y,A,Y,A,H,A,A,01,,12,D,,,,,D,Y,N,A,1,0,0,0,21453.0,3,37.7668249,-122.4176731,4
2013,2013-04-19,1320,4,1,13,5,N,A,N,A,G,A,A,01,W,08,D,,,Y,,C,Y,N,D,1,0,0,1,22103.0,2,37.7653375,-122.4420166,3
2013,2013-04-29,834,4,1,8,1,Y,A,N,A,G,A,L,04,,03,B,,Y,Y,,G,N,N,A,2,0,1,1,22350.0,2,37.7626949,-122.4352132,3
2013,2013-04-05,1924,4,1,19,5,Y,A,N,A,H,A,N,60,,11,G,Y,,,,B,N,N,A,1,1,0,0,21456.0,2,37.7876949,-122.4034231,3
2013,2013-04-13,1438,4,1,14,6,Y,A,N,A,H,A,A,01,,10,G,Y,,,,B,N,F,A,1,1,0,0,21950.0,2,37.7874049,-122.4082831,4
2013,2013-04-08,1830,4,1,18,1,N,A,N,A,H,A,A,01,W,08,D,,,Y,,C,Y,N,D,1,0,0,1,22102.0,2,37.7768893,-122.3952658,4
2013,2013-04-04,625,4,1,6,4,N,A,N,A,H,C,N,60,S,11,G,Y,,,,B,N,N,D,1,1,0,0,21954.0,2,37.7571457,-122.3911618,4
2013,2013-04-05,2024,4,1,20,5,N,A,N,A,H,C,A,01,E,10,G,Y,,,,B,N,N,D,1,1,0,0,21950.0,2,37.8006572,-122.4227761,4
2013,2013-04-22,1358,4,1,13,1,N,A,N,A,H,A,-,- ,E,18,E,,,,,C,N,N,D,2,0,0,0,,3,37.7832442,-122.4407654,4
2013,2013-04-23,1735,4,1,17,2,-,A,N,A,H,A,A,01,,04,C,,,,,C,N,N,D,1,0,0,0,21703.0,3,37.73301998,-122.42707104,4
2013,2013-04-05,1815,4,1,18,5,N,A,N,A,H,A,A,01,N,10,G,Y,,,,B,N,N,D,1,1,0,0,21954.0,2,37.78263072,-122.38835245,4
2013,2013-04-19,1542,4,1,15,5,Y,A,N,A,H,A,C,02,,04,B,,,Y,,C,Y,N,A,1,0,0,1,21703.0,2,37.7748249,-122.4242632,4
2013,2013-04-05,1517,4,1,15,5,N,A,N,A,H,A,A,01,S,03,C,,,,,C,N,N,D,3,0,0,0,22350.0,2,37.7799925,-122.4320836,4
2013,2013-04-28,2002,4,1,20,7,Y,A,N,A,H,D,A,01,,03,C,,,,,C,Y,N,D,2,0,0,0,22350.0,2,37.7340649,-122.4890232,4
2013,2013-04-11,1520,4,1,15,4,Y,A,N,A,H,A,L,04,,03,D,,Y,,,G,N,N,A,1,0,1,0,22350.0,2,37.789497,-122.3886105,3
2013,2013-04-12,1011,4,1,10,5,N,A,N,A,H,A,N,60,,11,G,Y,,,,B,N,N,A,1,1,0,0,21453.0,2,37.7826049,-122.4157332,4
2013,2013-04-05,1617,4,1,16,5,N,A,N,A,H,A,A,07,N,03,C,,,,,C,N,N,D,1,0,0,0,22350.0,2,37.7752204,-122.413517,4
2013,2013-04-29,825,4,1,8,1,N,A,N,A,H,A,A,01,S,10,D,Y,,,,B,N,N,A,1,1,0,0,21950.0,2,37.7751898,-122.4361556,4
2013,2013-04-29,1800,4,1,18,1,N,A,N,A,H,-,A,01,W,03,B,,,,,E,Y,N,D,2,0,0,0,22350.0,3,37.7653896,-122.479858,3
2013,2013-04-30,700,4,1,7,2,Y,-,N,-,-,B,-,- ,,00,-,,,,,C,Y,N,-,1,0,0,0,,2,37.7859249,-122.3994032,4
2013,2013-04-29,1315,4,1,13,1,N,A,N,A,H,A,F,26,S,03,C,,,,Y,C,N,N,A,1,0,0,0,22350.0,2,37.7540466,-122.4765515,4
2013,2013-04-28,1432,4,1,14,7,Y,A,Y,A,H,A,A,01,,07,D,,,,,C,Y,N,A,1,0,0,0,21658.0,3,37.7348248,-122.4751067,4
2013,2013-04-29,1615,4,1,16,1,N,A,N,A,H,A,N,60,W,11,A,Y,,,,B,N,N,A,1,1,0,0,21955.0,2,37.7842837,-122.434711,4
2013,2013-04-20,120,4,1,1,6,-,A,N,A,H,C,L,04,,14,A,,Y,,,G,N,N,D,1,0,1,0,21201.0,2,37.77173667,-122.435444,4
2013,2013-04-13,1931,4,1,19,6,N,A,N,A,H,B,A,01,S,22,B,,,,,E,Y,N,D,1,0,0,0,,3,37.8001882,-122.4091971,3
2013,2013-04-23,1615,4,1,16,2,Y,A,N,A,H,A,L,04,,12,D,,Y,,,G,N,N,A,1,0,1,0,21453.0,2,37.7359848,-122.4245831,4
2013,2013-04-11,1204,4,1,12,4,Y,A,N,A,H,A,A,07,,03,C,,,,,C,N,N,A,2,0,0,0,22350.0,3,37.795176,-122.3938215,4
2013,2013-04-28,740,4,1,7,7,Y,A,N,A,H,A,-,- ,,12,D,,,,,C,,N,A,1,0,0,0,21453.0,2,37.7938149,-122.4029631,4
2013,2013-04-26,1125,4,1,11,5,Y,A,N,A,H,A,A,01,,10,G,Y,,,,B,N,N,A,1,1,0,0,21950.0,2,37.766844,-122.390829,4
2013,2013-04-11,1241,4,1,12,4,N,A,N,A,H,A,N,60,N,11,G,Y,,,,B,N,N,A,1,1,0,0,21955.0,2,37.7755012,-122.4192902,4
2013,2013-04-27,2252,4,1,22,6,Y,A,Y,A,H,C,A,08,,03,C,,,,,C,Y,N,A,6,0,0,0,22350.0,3,37.7252886,-122.4466423,3
2013,2013-04-14,1630,4,1,16,7,Y,A,N,A,H,A,A,07,,09,B,,Y,,,G,N,N,A,1,0,1,0,21801.0,2,37.7743148,-122.4171332,3
2013,2013-04-11,1454,4,1,14,4,Y,A,N,A,H,A,A,01,,09,D,,,,,D,Y,N,A,1,0,0,0,21802.0,2,37.7196648,-122.4717232,4
2013,2013-04-23,2330,4,1,23,2,N,A,N,A,H,C,A,08,W,03,C,,,,,C,Y,N,A,1,0,0,0,22350.0,2,37.7752965,-122.4280909,3
2013,2013-04-14,1001,4,1,10,7,N,A,N,A,H,A,C,02,W,03,C,,,Y,,C,N,N,A,1,0,0,1,22350.0,2,37.7631794,-122.4240725,4
2013,2013-04-27,1742,4,1,17,6,Y,A,N,A,H,A,A,07,,08,D,,Y,,,G,N,N,D,1,0,1,0,22107.0,2,37.8042749,-122.4318931,4
2013,2013-04-28,2315,4,1,23,7,Y,A,N,A,H,C,-,- ,,05,A,,,,,C,N,N,A,1,0,0,0,21460.0,2,37.7718648,-122.4140431,4
2013,2013-04-14,723,4,1,7,7,N,A,N,A,H,A,A,01,S,05,D,,,,,C,Y,N,A,4,0,0,0,21651.0,2,37.7842377,-122.4177487,3
2013,2013-04-27,1519,4,1,15,6,N,A,N,A,H,A,D,22,W,06,B,,Y,,,G,N,F,A,1,0,1,0,21751.0,2,37.77094089,-122.49091387,3
2013,2013-04-28,1651,4,1,16,7,N,A,N,A,H,A,L,04,N,11,D,,Y,,,G,N,N,A,1,0,1,0,21456.0,2,37.7785505,-122.4056728,4
2013,2013-04-14,1821,4,1,18,7,N,A,N,A,H,A,L,04,S,- ,H,,Y,,,A,N,N,A,1,0,1,0,,1,37.7616329,-122.4216083,2
2013,2013-04-10,1542,4,1,15,3,Y,A,N,A,H,A,A,01,,21,D,,,,,C,N,N,D,1,0,0,0,22106.0,2,37.7846848,-122.4678131,4
2013,2013-04-28,1151,4,1,11,7,N,A,N,A,H,A,N,60,E,11,G,Y,,Y,,B,N,N,A,1,1,0,0,21954.0,2,37.7505136,-122.4203879,3
2013,2013-04-27,1850,4,1,18,6,Y,A,N,A,H,B,A,01,,03,C,,,,,C,N,N,A,1,0,0,0,22350.0,2,37.7269349,-122.4749931,4
2013,2013-04-27,2054,4,1,20,6,N,A,N,A,H,C,L,04,N,03,B,,Y,,,G,N,N,D,1,0,1,0,22350.0,2,37.747085,-122.4189976,2
2013,2013-04-10,1835,4,1,18,3,N,A,N,A,G,A,A,01,W,10,G,Y,,,,B,N,N,A,1,1,0,0,21950.0,2,37.7626525,-122.4330077,4
2013,2013-04-12,2028,4,1,20,5,N,A,N,A,H,C,-,- ,S,01,B,,,,,E,Y,N,D,1,0,0,0,23152.0,2,37.78030591,-122.42198199,4
2013,2013-04-27,2001,4,1,20,6,N,A,N,A,H,B,-,99,N,00,B,,,Y,,C,N,F,D,1,0,0,1,20001.0,2,,,3
2013,2013-04-24,1002,4,1,10,3,N,A,N,A,H,A,A,01,S,21,E,,,,,I,Y,N,D,1,0,0,0,22106.0,2,37.7813381,-122.4323369,4
2013,2013-04-10,950,4,1,9,3,N,A,N,A,H,A,A,01,W,03,C,,,,,C,Y,N,D,4,0,0,0,22350.0,3,37.8055792,-122.444283,4
2013,2013-07-24,1030,7,2,10,3,Y,-,N,-,-,-,D,22,,12,D,,,,,C,Y,N,A,2,0,0,0,21453.0,2,37.7319349,-122.4938932,3
2013,2013-07-24,1500,7,2,15,3,N,A,N,A,H,A,I,09,E,04,C,,,,,C,Y,N,A,1,0,0,0,21703.0,2,37.7789393,-122.4145556,4
2013,2013-07-31,1445,7,2,14,3,Y,A,N,A,H,A,I,11,,12,D,,,,,C,,N,A,4,0,0,0,21453.0,2,37.7306449,-122.3922632,4
2013,2013-07-23,1718,7,2,17,2,N,B,N,A,H,A,L,04,W,05,H,,Y,,,G,N,N,D,1,0,1,0,21650.0,2,37.7654687,-122.4135524,4
2013,2013-07-17,1815,7,2,18,3,Y,A,Y,A,H,A,A,01,,00,C,,,,,C,N,N,A,1,0,0,0,20002.0,3,37.7801824,-122.4724177,4
2013,2013-07-29,905,7,2,9,1,Y,A,N,A,H,A,D,22,,01,B,,Y,,,G,N,N,A,1,0,1,0,23153.0,2,37.7801949,-122.4077132,3
2013,2013-06-30,300,6,2,3,7,Y,A,N,A,H,C,D,22,,21,C,,,,,C,Y,F,A,1,0,0,0,22106.0,2,37.7832349,-122.4108332,4
2013,2013-07-17,1350,7,2,13,3,Y,A,N,A,H,A,A,01,,12,D,,,,,C,Y,N,A,1,0,0,0,22450.0,3,37.7162149,-122.4348231,4
2013,2013-07-30,1719,7,2,17,2,N,B,N,A,H,A,A,07,W,04,C,,,,,C,Y,N,D,1,0,0,0,21703.0,3,37.765966,-122.4667117,3
2013,2013-07-16,1712,7,2,17,2,N,A,N,A,H,A,D,22,N,03,C,,,,,C,N,F,A,1,0,0,0,22350.0,2,37.7568781,-122.4067114,4
2013,2013-07-10,1633,7,2,16,3,N,A,N,A,H,A,A,01,W,08,D,,,Y,,C,N,N,D,1,0,0,1,22102.0,3,37.7804507,-122.3907842,3
2013,2013-07-02,906,7,2,9,2,Y,A,N,A,H,A,D,22,,10,G,Y,,,,B,N,N,A,1,1,0,0,21950.0,2,37.7388449,-122.4240531,3
2013,2013-07-29,1030,7,2,10,1,N,A,N,A,H,A,I,11,S,17,B,Y,,,,C,N,N,D,1,1,0,0,23114.0,3,37.7215113,-122.3961611,4
2013,2013-06-27,1550,6,2,15,4,N,A,N,A,H,A,-,- ,S,11,G,Y,,,,B,N,N,D,1,1,0,0,21956.0,2,37.7285336,-122.4316099,3
2013,2013-06-25,928,6,2,9,2,Y,C,N,B,H,A,A,01,,12,D,,,,,C,Y,N,A,1,0,0,0,21453.0,4,37.7816849,-122.4542331,3
2013,2013-07-30,910,7,2,9,2,N,B,N,A,H,A,C,03,S,03,B,,,Y,,C,Y,N,D,1,0,0,1,22350.0,2,37.7798151,-122.3940114,2
2013,2013-06-19,1050,6,2,10,3,Y,A,N,A,H,A,A,01,,03,C,,,,,C,N,N,A,4,0,0,0,22350.0,2,37.7864749,-122.3934931,4