ACCIDENT_YEAR,COLLISION_DATE,COLLISION_TIME,MONTH,SEASON,24HOURS,DAY_OF_WEEK,INTERSECTION,WEATHER_1,STATE_HWY_IND,ROAD_SURFACE,ROAD_COND_1,LIGHTING,STWD_VEHTYPE_AT_FAULT,CHP_VEHTYPE_AT_FAULT,DIRECTION,PCF_VIOL_CATEGORY,TYPE_OF_COLLISION,PEDESTRIAN_ACCIDENT,BICYCLE_ACCIDENT,MOTORCYCLE_ACCIDENT,TRUCK_ACCIDENT,MVIW,TOW_AWAY,HIT_AND_RUN,CONTROL_DEVICE,NUMBER_INJURED,COUNT_PED_INJURED,COUNT_BICYCLIST_INJURED,COUNT_MC_INJURED,PCF_VIOLATION,PARTY_COUNT,POINT_Y,POINT_X,COLLISION_SEVERITY
2013,2013-08-16,1000,8,2,10,5,Y,A,N,A,H,A,A,01,,04,C,,,,,C,N,N,D,1,0,0,0,21703.0,2,37.7834448,-122.4091531,4
2013,2013-07-07,1918,7,2,19,7,Y,A,N,A,H,A,D,22,,03,D,,,,,D,N,F,A,1,0,0,0,22350.0,2,37.7335249,-122.4062532,4
2013,2013-07-11,840,7,2,8,4,N,A,N,A,H,A,A,07,E,07,B,,,,,C,Y,N,D,1,0,0,0,21658.0,2,37.7801276,-122.4197876,4
2013,2013-06-19,925,6,2,9,3,N,A,N,A,H,A,A,07,N,03,C,,,,,C,N,N,D,3,0,0,0,22350.0,2,37.7791624,-122.4020326,4
2013,2013-06-30,1910,6,2,19,7,Y,-,N,-,-,-,D,23,,03,C,,,,,C,N,N,A,1,0,0,0,22350.0,2,37.7649949,-122.4891032,4
2013,2013-07-31,1813,7,2,18,3,Y,A,Y,A,H,A,D,22,,03,C,,,,,C,N,N,A,1,0,0,0,22350.0,2,37.738665,-122.4080332,4
2013,2013-06-28,1430,6,2,14,5,Y,A,N,A,H,A,D,22,,12,D,,,,,C,N,N,C,1,0,0,0,22450.0,2,37.7257949,-122.3898931,4
2013,2013-07-21,2050,7,2,20,7,Y,A,N,A,H,B,A,01,,08,C,,,,,C,N,N,A,5,0,0,0,22101.0,2,37.7730949,-122.4186831,3
2013,2013-06-28,930,6,2,9,5,Y,A,N,A,H,A,-,- ,,00,D,,,,,C,Y,N,B,2,0,0,0,,2,37.7813149,-122.3958632,4
2013,2013-08-14,1315,8,2,13,3,Y,A,N,A,H,A,D,22,,04,C,,,,,C,Y,N,A,2,0,0,0,21703.0,2,37.7810049,-122.4664831,4
2013,2013-07-20,1043,7,2,10,6,Y,A,N,A,H,A,A,01,,12,D,,,,,C,Y,N,A,1,0,0,0,21453.0,3,37.7844649,-122.4161132,4
2013,2013-06-27,2258,6,2,22,4,Y,A,N,A,H,C,N,60,,11,G,Y,,,,B,N,N,A,1,1,0,0,21453.0,2,37.7822249,-122.4103432,4
2013,2013-06-25,1745,6,2,17,2,Y,A,N,A,H,A,I,20,,03,C,,,,,F,Y,N,A,4,0,0,0,22350.0,4,37.7706749,-122.4248631,4
2013,2013-06-22,2117,6,2,21,6,Y,A,N,A,H,C,D,22,,09,D,,,Y,,C,Y,N,A,2,0,0,2,21801.0,2,37.7491949,-122.4160131,3
2013,2013-07-01,947,7,2,9,1,N,A,N,A,H,A,A,01,W,17,B,,,,Y,D,Y,N,A,1,0,0,0,21657.0,3,37.7850274,-122.4116384,4
2013,2013-06-26,815,6,2,8,3,N,A,N,A,H,A,I,11,E,21,C,,,,,C,N,N,A,2,0,0,0,22106.0,2,37.7398561,-122.3912161,4
2013,2013-06-23,14,6,2,0,7,Y,A,N,A,H,C,A,01,,12,D,,,,,C,Y,N,A,2,0,0,0,21453.0,3,37.7725248,-122.4069831,4
2013,2013-07-01,1053,7,2,10,1,N,A,N,A,H,A,K,45,E,22,G,Y,,,,B,N,N,D,1,1,0,0,,2,37.7449779,-122.4325623,4
2013,2013-06-28,1500,6,2,15,5,N,A,N,A,H,A,-,- ,,21,G,Y,,,,B,N,N,D,1,1,0,0,22106.0,2,,,4
2013,2013-07-19,1517,7,2,15,5,N,B,N,A,H,A,-,- ,,03,E,,,,,J,N,N,D,5,0,0,0,22350.0,1,37.7769449,-122.4704831,2
2013,2013-06-20,1820,6,2,18,4,Y,A,N,A,H,A,A,01,,08,-,,,,,C,Y,N,A,2,0,0,0,22100.0,2,37.7721048,-122.4457431,4
2013,2013-07-07,1821,7,2,18,7,N,A,N,A,H,A,A,01,N,03,D,,,,,D,Y,N,A,1,0,0,0,22350.0,3,37.73041995,-122.40478724,2
2013,2013-06-21,1800,6,2,18,5,N,A,N,A,H,A,A,01,S,04,C,,,,,C,N,N,A,2,0,0,0,21703.0,3,37.8065819,-122.4059287,4
2013,2013-07-17,2135,7,2,21,3,Y,A,N,A,H,C,I,19,,12,D,,,,,C,N,N,A,1,0,0,0,21453.0,2,37.7853049,-122.4095532,4
2013,2013-07-19,1209,7,2,12,5,Y,A,N,A,H,A,A,01,,10,G,Y,,,,B,N,N,A,1,1,0,0,21950.0,2,37.7941649,-122.4214531,3
2013,2013-08-09,1157,8,2,11,5,N,A,N,A,H,A,N,60,N,11,G,Y,,,Y,B,N,N,D,1,1,0,0,21956.0,2,37.7845518,-122.4085506,4
2013,2013-02-27,1142,2,4,11,3,N,A,N,A,H,A,C,02,S,03,C,,,Y,,C,N,N,A,1,0,0,1,22350.0,2,37.7726364,-122.4238504,4
2013,2013-08-14,1840,8,2,18,3,N,A,N,A,H,A,D,22,N,04,C,,,,,C,N,F,D,1,0,0,0,21703.0,2,37.7807044,-122.4039677,4
2013,2013-02-28,1519,2,4,15,4,Y,A,N,A,H,A,A,07,,08,B,,,,,C,N,N,A,1,0,0,0,22101.0,2,37.7715949,-122.4113131,4
2013,2013-08-09,2126,8,2,21,5,Y,A,N,A,H,C,G,25,,08,-,,,Y,Y,C,Y,N,D,2,0,0,2,22107.0,2,37.7686949,-122.4134831,4
2013,2013-02-28,727,2,4,7,4,Y,A,Y,A,H,A,A,01,,12,D,,,,,C,Y,N,A,2,0,0,0,21453.0,2,37.7995381,-122.4241476,3
2013,2013-08-08,2206,8,2,22,4,N,A,N,A,H,C,D,23,W,03,E,,,,,I,Y,N,D,1,0,0,0,22350.0,1,37.7337258,-122.496764,3
2013,2013-02-28,1633,2,4,16,4,N,A,N,A,H,A,A,01,S,03,C,,,,,C,N,N,A,1,0,0,0,22350.0,2,37.7599099,-122.4236668,4
2013,2013-02-25,1335,2,4,13,1,N,A,N,A,H,A,A,01,N,03,D,,,,,C,Y,N,A,1,0,0,0,22350.0,2,37.7633035,-122.4438446,4
2013,2013-02-06,610,2,4,6,3,Y,A,N,A,H,C,D,23,,12,D,,,,,C,Y,N,A,1,0,0,0,21453.0,3,37.7820449,-122.4849332,4
2013,2013-08-07,1124,8,2,11,3,Y,A,Y,A,H,A,I,11,,12,D,,,,,C,N,N,A,1,0,0,0,21453.0,2,37.719425,-122.4482832,3
2013,2013-02-23,1423,2,4,14,6,N,G,N,D,B,A,C,02,S,03,H,,,Y,,J,N,N,D,1,0,0,1,22350.0,1,37.7346302,-122.5069406,3
2013,2013-02-24,48,2,4,0,7,N,A,N,A,H,C,A,01,W,01,C,,,,,C,N,N,A,1,0,0,0,23152.0,2,37.7654892,-122.413256,4
2013,2013-02-27,2300,2,4,23,3,Y,A,N,A,H,C,A,08,,08,D,,,,,C,Y,N,A,1,0,0,0,22107.0,2,37.7734149,-122.4659331,4
2013,2013-07-30,1951,7,2,19,2,Y,A,N,A,H,B,L,04,,06,D,,Y,,,G,N,N,A,1,0,1,0,21755.0,2,37.7831049,-122.4192232,3
2013,2013-02-27,1545,2,4,15,3,Y,A,N,A,H,A,D,22,,09,D,,,,,C,N,F,A,1,0,0,0,21453.0,2,37.7247448,-122.4602531,4
2013,2013-02-27,1909,2,4,19,3,Y,A,Y,A,C,C,A,07,,09,D,,,,,C,Y,N,D,1,0,0,0,21800.0,2,37.7087638,-122.4586044,4
2013,2013-08-13,1859,8,2,18,2,N,A,N,A,H,A,D,23,N,10,G,Y,,,,B,N,N,D,1,1,0,0,21950.0,2,37.73491567,-122.41686344,4
2013,2013-03-18,1730,3,1,17,1,Y,-,N,-,-,-,-,- ,,- ,-,,,,,-,N,F,-,2,0,0,0,,2,37.7356448,-122.3905231,4
2014,2014-05-05,1610,5,1,16,1,N,A,Y,A,H,A,D,22,E,03,C,,,,,C,N,N,C,1,0,0,0,22350.0,2,37.79932032,-122.37667212,4
2014,2014-05-09,759,5,1,7,5,Y,B,N,A,H,A,H,17,,08,E,,,,,I,N,N,D,16,0,0,0,22107.0,1,37.73562995,-122.38725992,4
2014,2014-05-02,1558,5,1,15,5,N,A,Y,A,H,A,C,02,W,08,C,,,Y,Y,C,Y,N,D,1,0,0,1,22107.0,2,37.77909088,-122.39987118,2
2014,2014-05-26,2010,5,1,20,1,N,A,N,A,H,B,C,02,S,03,B,,,Y,,C,Y,N,A,2,0,0,2,22350.0,2,37.76981764,-122.40914165,4
2013,2013-05-02,1309,5,1,13,4,N,A,N,A,H,A,N,60,E,11,G,Y,,,,B,N,N,A,1,1,0,0,21955.0,2,37.781315,-122.418303,4
2014,2014-05-14,30,5,1,0,3,N,A,Y,A,H,C,D,22,N,01,E,,,,,I,Y,M,D,1,0,0,0,23152.0,1,37.73151621,-122.42220939,3
2014,2014-05-13,630,5,1,6,2,N,A,Y,A,H,A,D,22,W,03,C,,,,,C,Y,N,D,1,0,0,0,22350.0,3,37.80811044,-122.36713927,4
2014,2014-05-18,1515,5,1,15,7,N,A,Y,A,H,A,-,99,S,07,B,,,,,C,Y,F,D,2,0,0,0,21658.0,5,37.73222719,-122.41455167,4
2014,2014-05-23,820,5,1,8,5,N,B,Y,A,D,A,-,- ,W,07,B,,,,Y,C,N,N,A,1,0,0,0,21658.0,2,37.78123657,-122.39801713,4
2014,2014-05-29,1715,5,1,17,4,N,A,Y,A,H,A,A,01,N,07,C,,,,,C,N,N,D,1,0,0,0,21658.0,2,37.76493206,-122.40483356,4
2014,2014-05-17,1310,5,1,13,6,N,B,Y,A,H,A,A,01,N,03,C,,,,,C,Y,N,D,4,0,0,0,22350.0,3,37.7335594,-122.40565632,4
2014,2014-05-26,1655,5,1,16,1,N,A,Y,A,H,A,A,01,W,03,C,,,,,C,Y,N,D,1,0,0,0,22350.0,2,37.80749119,-122.36778221,4
2014,2014-06-03,845,6,2,8,2,N,A,Y,A,H,A,D,22,N,03,C,,,,,C,N,N,D,1,0,0,0,22350.0,2,37.80900263,-122.47737327,4
2014,2014-04-26,1700,4,1,17,6,N,A,Y,A,H,A,A,01,N,03,C,,,,,C,N,F,D,1,0,0,0,22350.0,3,37.81802308,-122.47858013,4
2014,2014-05-11,123,5,1,1,7,Y,A,N,A,H,C,C,02,,12,D,,,Y,,C,Y,N,A,1,0,0,1,22450.0,2,37.76720995,-122.40571987,2
2013,2013-05-01,1705,5,1,17,3,N,A,N,A,H,A,A,07,S,10,G,Y,,,,B,N,N,A,1,1,0,0,21950.0,2,37.7885534,-122.3960384,3
2014,2014-05-18,1510,5,1,15,7,N,A,Y,A,H,A,D,22,N,03,C,,,,,C,N,N,D,1,0,0,0,22350.0,2,37.76930628,-122.41075622,4
2013,2013-06-13,2033,6,2,20,4,Y,A,N,A,B,B,L,04,,03,F,,Y,,,I,N,N,D,1,0,1,0,22350.0,1,37.7368349,-122.4097931,3
2013,2013-06-12,802,6,2,8,3,Y,A,N,A,H,A,A,01,,12,D,,,,,J,N,M,A,1,0,0,0,22450.0,2,37.7128249,-122.4350831,4
2013,2013-05-13,1050,5,1,10,1,N,A,N,A,H,A,F,26,W,04,C,,,,Y,C,N,N,A,1,0,0,0,21703.0,2,37.7812324,-122.4613858,4
2013,2013-05-18,2112,5,1,21,6,Y,A,N,A,H,C,D,22,,21,C,,,Y,,C,Y,N,D,1,0,0,1,22106.0,2,37.77557973,-122.42945909,3
2013,2013-05-07,1635,5,1,16,2,N,B,N,A,H,A,A,07,W,01,A,,,,,C,Y,M,A,1,0,0,0,23152.0,3,37.7749676,-122.4531599,4
2013,2013-06-13,2030,6,2,20,4,Y,A,N,A,H,A,-,- ,,00,H,,Y,,,A,N,N,A,1,0,1,0,,1,37.7813049,-122.4600532,2
2013,2013-06-12,30,6,2,0,3,Y,A,N,A,H,C,C,02,,03,C,,,Y,,C,Y,N,A,1,0,0,1,22350.0,3,37.7204349,-122.4753232,3
2013,2013-06-01,937,6,2,9,6,Y,A,N,A,H,A,A,01,,09,D,,,,,C,Y,N,A,4,0,0,0,21802.0,2,37.7170348,-122.4435532,4
2013,2013-06-12,856,6,2,8,3,Y,A,N,A,H,A,A,,,07,-,,Y,,,G,N,N,D,1,0,1,0,21658.0,2,37.7641349,-122.4642131,4
2013,2013-06-11,2223,6,2,22,2,N,A,N,A,H,C,L,04,E,09,-,,Y,,,G,N,N,D,1,0,1,0,21804.0,2,37.7795513,-122.4247119,4
2013,2013-06-12,130,6,2,1,3,Y,A,N,A,H,C,A,01,,03,B,,,,,E,Y,N,D,1,0,0,0,22350.0,3,37.7289249,-122.4205631,4
2013,2013-06-01,105,6,2,1,6,N,-,N,A,H,C,A,01,E,01,B,,,,,C,,N,D,1,0,0,0,23152.0,3,37.7344264,-122.3900612,4
2013,2013-06-12,835,6,2,8,3,N,A,N,A,H,A,A,01,S,10,G,Y,,,,B,N,N,A,1,1,0,0,21950.0,2,37.7891286,-122.4170801,4
2013,2013-06-12,852,6,2,8,3,N,A,N,A,H,A,C,02,E,06,D,,,Y,,C,Y,N,D,2,0,0,2,21750.0,2,37.7782375,-122.4503133,3
2013,2013-06-12,956,6,2,9,3,N,A,N,A,H,A,A,01,E,03,C,,,,,C,N,N,D,1,0,0,0,22350.0,2,37.78092421,-122.42867947,4
2013,2013-06-01,1739,6,2,17,6,N,A,N,A,H,-,D,22,W,10,G,Y,,,,B,N,N,A,1,1,0,0,21950.0,2,37.7654448,-122.4783967,3
2013,2013-06-12,840,6,2,8,3,N,A,N,A,H,A,L,04,S,17,D,,Y,,,G,N,N,D,1,0,1,0,21663.0,2,37.785732,-122.3890563,3
2013,2013-06-11,1230,6,2,12,2,Y,A,N,A,H,A,A,01,,08,D,,,,Y,C,Y,N,A,1,0,0,0,22107.0,2,37.7832649,-122.4027531,4
2013,2013-06-12,1322,6,2,13,3,Y,A,N,A,H,A,A,01,,12,D,,,,,C,Y,N,A,2,0,0,0,21453.0,2,37.7993049,-122.4258532,3
2013,2013-06-12,1107,6,2,11,3,N,A,N,A,H,A,-,- ,W,18,H,,,,,F,Y,N,A,18,0,0,0,,2,37.7818425,-122.4108449,4
2013,2013-06-12,2242,6,2,22,3,Y,A,Y,A,H,C,A,01,,04,C,,,,,C,N,N,A,1,0,0,0,21703.0,2,37.7731284,-122.4186915,4
2013,2013-06-12,838,6,2,8,3,Y,A,N,A,H,A,-,- ,,03,G,Y,,,,B,N,N,A,1,1,0,0,22350.0,2,37.7515548,-122.4952432,4
2013,2013-06-01,1830,6,2,18,6,Y,A,N,A,B,A,A,07,,09,D,,,,,C,Y,N,A,3,0,0,0,21802.0,2,37.7441149,-122.4947031,3
2013,2013-06-02,1130,6,2,11,7,N,A,N,A,H,A,A,07,N,10,D,Y,,,,B,N,N,A,1,1,0,0,21950.0,2,37.7388265,-122.389401,4
2013,2013-06-03,915,6,2,9,1,N,A,N,A,H,A,A,01,E,17,B,,Y,,,G,N,N,D,1,0,1,0,22517.0,2,37.7553132,-122.4208275,3
2013,2013-06-01,1858,6,2,18,6,N,A,N,A,H,A,L,04,N,03,B,,Y,,,E,N,N,D,1,0,1,0,22350.0,2,37.7482539,-122.4182237,3
2013,2013-06-01,215,6,2,2,6,N,A,N,A,H,C,A,01,N,03,G,Y,,,,B,N,N,A,1,1,0,0,22350.0,2,37.715759,-122.4416425,4
2013,2013-06-03,1144,6,2,11,1,Y,A,N,A,H,A,A,01,,03,C,,,,,C,Y,N,A,2,0,0,0,22350.0,2,37.7524849,-122.4141431,4
2013,2013-06-01,2332,6,2,23,6,Y,A,N,A,H,C,-,- ,,12,D,,,,,C,Y,N,A,1,0,0,0,21453.0,2,37.7842949,-122.4346432,4
2013,2013-06-01,1715,6,2,17,6,N,A,N,A,H,A,L,04,S,10,G,Y,Y,,,B,N,N,D,1,1,0,0,21952.0,2,37.777182,-122.460819,3
2014,2014-05-19,1854,5,1,18,1,N,B,Y,A,H,A,A,01,E,03,C,,,,,C,N,N,D,1,0,0,0,22350.0,2,37.78645321,-122.39024006,4
2014,2014-06-02,900,6,2,9,1,N,B,Y,A,H,A,A,01,E,07,-,,,,Y,-,Y,N,-,2,0,0,0,21658.0,2,37.77989798,-122.39969694,4
2014,2014-05-28,827,5,1,8,3,N,A,Y,A,H,A,A,07,W,03,C,,,,,C,Y,N,D,4,0,0,0,22350.0,2,37.79869726,-122.37737158,4
2014,2014-05-27,1525,5,1,15,2,N,A,Y,A,H,A,A,01,E,03,C,,,,,C,N,N,D,2,0,0,0,22350.0,2,37.81223702,-122.36315774,4
2014,2014-06-01,1810,6,2,18,7,N,A,Y,A,H,A,D,22,W,03,C,,,,,C,Y,N,D,4,0,0,0,22350.0,3,37.80547159,-122.36998968,4
2014,2014-05-24,1448,5,1,14,6,N,A,Y,A,H,A,A,07,N,08,-,,,,,-,Y,N,D,6,0,0,0,22107.0,1,37.76937896,-122.40555182,3
2014,2014-05-16,1710,5,1,17,5,N,A,Y,A,H,A,A,08,N,03,C,,,,,C,Y,N,D,1,0,0,0,22350.0,2,37.75039827,-122.40328701,4
2014,2014-05-17,1,5,1,0,6,N,A,Y,A,H,A,A,01,N,07,C,,,,,C,Y,N,D,1,0,0,0,21658.0,2,37.74189961,-122.40743932,4
2014,2014-05-12,645,5,1,6,1,N,A,Y,A,H,A,C,02,S,03,F,,,Y,,A,Y,N,A,1,0,0,1,22350.0,1,37.73080869,-122.40404626,3
2014,2014-05-11,2030,5,1,20,7,N,A,Y,A,H,D,A,07,N,08,D,,,,,C,N,F,D,1,0,0,0,22107.0,2,37.72057304,-122.40015784,3
2014,2014-05-14,845,5,1,8,3,N,A,Y,A,H,A,A,01,N,03,C,,,,,C,N,N,D,1,0,0,0,22350.0,2,37.75586022,-122.40327116,4
2014,2014-05-12,1615,5,1,16,1,N,A,Y,A,H,A,A,01,E,04,C,,,,,C,Y,F,D,1,0,0,0,21703.0,2,37.81607294,-122.35693396,4
2014,2014-05-25,1813,5,1,18,7,N,A,Y,A,H,A,A,01,W,07,B,,,Y,,C,Y,N,D,1,0,0,1,21658.0,3,37.78317654,-122.39505673,3
2014,2014-05-26,1945,5,1,19,1,N,A,Y,A,H,A,A,01,N,08,E,,,,,J,Y,N,D,1,0,0,0,22107.0,1,37.72485021,-122.40181955,3
2014,2014-05-24,2247,5,1,22,6,N,A,Y,A,H,C,-,- ,W,00,B,,,Y,,C,Y,N,D,2,0,0,2,,4,37.78739389,-122.38920678,4
2014,2014-05-29,1520,5,1,15,4,N,A,Y,A,H,A,A,01,N,03,C,,,,,C,Y,N,D,4,0,0,0,22350.0,2,37.75086643,-122.39144073,4
2014,2014-05-23,1345,5,1,13,5,N,A,Y,A,H,A,A,01,S,07,B,,,,,C,Y,N,D,2,0,0,0,21658.0,2,37.73384328,-122.41044422,4
2014,2014-05-31,230,5,1,2,6,N,A,Y,A,H,C,A,01,E,01,C,,,,,C,Y,F,D,2,0,0,0,23152.0,2,37.8163303,-122.35645578,3
2014,2014-05-18,1800,5,1,18,7,N,B,Y,A,H,A,A,01,N,03,C,,,,,C,N,M,D,2,0,0,0,22350.0,2,,,4
2014,2014-05-12,655,5,1,6,1,N,A,Y,A,D,A,A,01,S,08,D,,,,,C,Y,N,D,3,0,0,0,22107.0,2,37.80634694,-122.47450123,4
2014,2014-05-20,800,5,1,8,2,N,A,Y,A,H,A,D,22,S,04,C,,,,,C,N,N,D,1,0,0,0,21703.0,4,37.80345443,-122.45397518,4
2014,2014-05-28,830,5,1,8,3,N,A,Y,A,H,A,A,01,W,03,C,,,,,C,N,N,A,1,0,0,0,22350.0,2,37.80678635,-122.36855089,4
2013,2013-08-11,1658,8,2,16,7,N,B,N,A,H,A,D,22,N,05,D,,,,,J,N,N,D,1,0,0,0,21460.0,2,37.7913957,-122.4090818,3
2013,2013-08-06,1239,8,2,12,2,Y,A,Y,A,H,A,A,01,,03,C,,,,,C,N,N,A,2,0,0,0,22350.0,2,37.798975,-122.4426732,4
2013,2013-08-01,1723,8,2,17,4,Y,A,N,A,H,A,-,- ,,00,B,,Y,,,G,N,N,A,1,0,1,0,,2,37.7868049,-122.4045531,4
2013,2013-08-10,140,8,2,1,6,N,A,N,A,H,C,A,01,W,03,B,,,,Y,E,Y,M,A,1,0,0,0,22350.0,11,37.7805349,-122.4321932,2
2013,2013-08-06,745,8,2,7,2,N,B,N,A,H,A,I,11,N,03,C,,,,,C,N,N,A,1,0,0,0,22350.0,3,37.7620322,-122.4771704,4
2013,2013-08-03,1712,8,2,17,6,Y,A,N,A,H,A,N,60,,11,G,Y,,,,B,N,N,A,1,1,0,0,21456.0,2,37.7840249,-122.4080731,3
2013,2013-07-13,2312,7,2,23,6,N,A,Y,A,H,C,A,08,S,01,C,,,,,C,Y,F,A,2,0,0,0,23153.0,2,37.744595,-122.4052332,4
2014,2014-06-08,1930,6,2,19,7,N,A,Y,A,H,A,A,01,N,03,C,,,,,C,Y,N,A,1,0,0,0,22350.0,3,37.73125567,-122.43587781,4
2014,2014-05-05,711,5,1,7,1,N,A,Y,A,H,A,A,07,E,04,C,,,,,C,N,N,D,2,0,0,0,21703.0,3,37.81265035,-122.36277957,4
2013,2013-05-16,1636,5,1,16,4,Y,A,N,A,H,A,A,01,,03,C,,,,,C,N,N,A,3,0,0,0,22350.0,2,37.7105349,-122.4549931,4
2013,2013-05-04,1440,5,1,14,6,N,A,N,A,H,A,A,01,W,21,H,,,,,A,N,N,D,1,0,0,0,22106.0,1,37.787499,-122.4074152,2
2013,2013-05-30,1115,5,1,11,4,N,A,N,A,H,A,O,05,W,03,E,,,Y,,I,N,N,A,1,0,0,1,22350.0,1,37.7717269,-122.4017313,3
2013,2013-05-20,1844,5,1,18,1,Y,A,N,A,H,A,A,07,,10,G,Y,,,,B,N,N,A,1,1,0,0,21950.0,2,37.7823148,-122.4785131,4
2013,2013-05-26,26,5,1,0,7,Y,A,N,A,H,C,I,10,,01,H,,,,,C,Y,F,A,1,0,0,0,23152.0,5,37.7579248,-122.3883431,4
2013,2013-05-26,10,5,1,0,7,Y,A,N,A,H,C,A,01,,01,C,,,,,C,Y,F,A,1,0,0,0,23152.0,2,37.79489238,-122.39426136,4
2013,2013-05-07,822,5,1,8,2,N,A,N,A,H,A,A,01,N,10,G,Y,,,,B,N,F,A,1,1,0,0,21950.0,2,37.7651296,-122.4196954,4
2013,2013-05-28,718,5,1,7,2,Y,B,N,B,H,A,-,- ,,09,-,,Y,,,G,N,F,A,1,0,1,0,21801.0,2,37.7237149,-122.4375831,4
2013,2013-05-05,1535,5,1,15,7,N,B,N,A,H,A,-,- ,N,08,B,,Y,,,G,N,F,A,1,0,1,0,22107.0,2,37.7859413,-122.4198157,4
2013,2013-05-08,2254,5,1,22,3,N,A,N,A,H,C,A,01,E,07,B,,,Y,,C,N,F,D,1,0,0,1,21658.0,2,37.78637,-122.4162569,4
2013,2013-05-30,927,5,1,9,4,Y,A,N,A,H,A,-,- ,,12,D,,,,,C,Y,F,A,1,0,0,0,21453.0,2,37.7419349,-122.3882931,4
2013,2013-05-29,1716,5,1,17,3,Y,A,N,A,H,A,L,04,,12,G,Y,Y,,,B,N,F,A,1,1,0,0,21453.0,2,37.7750049,-122.4101132,3
2013,2013-05-11,1130,5,1,11,6,N,A,N,A,H,A,A,07,N,21,G,Y,,,,B,N,N,D,1,1,0,0,22106.0,2,37.8071644,-122.4206667,4
2013,2013-05-04,1609,5,1,16,6,N,A,N,A,H,A,-,- ,N,00,G,Y,,,,B,N,N,D,1,1,0,0,,2,37.7981092,-122.4357238,4
2013,2013-05-11,1234,5,1,12,6,Y,A,N,A,H,A,A,01,,09,D,,,Y,,I,Y,N,A,1,0,0,1,21801.0,2,37.7856849,-122.4873331,2
2013,2013-05-13,2205,5,1,22,1,Y,A,Y,A,H,C,-,- ,,00,D,,,,,C,Y,M,A,1,0,0,0,20002.0,2,37.7774449,-122.4131832,3
2013,2013-05-04,1041,5,1,10,6,N,A,N,A,H,A,A,01,N,03,C,,,,,C,N,M,D,1,0,0,0,22350.0,2,37.777279,-122.4382958,4
2013,2013-05-02,823,5,1,8,4,N,A,N,A,H,A,A,01,E,03,C,,,,,C,Y,N,B,3,0,0,0,22350.0,2,37.7317636,-122.4308615,4
2013,2013-05-20,1809,5,1,18,1,Y,A,N,A,H,A,I,11,,12,D,,Y,,,G,N,F,A,1,0,1,0,22450.0,2,37.7717149,-122.4338031,3
2013,2013-05-19,1335,5,1,13,7,Y,A,Y,A,H,A,A,01,,01,H,,,,,I,Y,N,D,1,0,0,0,23152.0,1,37.775965,-122.4048532,4
2013,2013-05-12,1648,5,1,16,7,N,A,N,A,H,A,A,01,W,03,C,,,,,C,Y,N,A,2,0,0,0,22350.0,2,37.76799235,-122.50103295,3
2013,2013-05-29,107,5,1,1,3,N,B,N,A,H,C,A,01,W,01,E,,,,,I,Y,N,A,1,0,0,0,23152.0,1,37.7456649,-122.4520131,4
2013,2013-05-27,2211,5,1,22,1,N,C,N,B,H,C,A,01,N,03,C,,,,,C,N,F,A,1,0,0,0,22350.0,2,37.7683872,-122.4200403,4
2013,2013-04-02,1724,4,1,17,2,Y,B,N,A,H,A,A,01,,03,C,,,,,C,N,N,A,2,0,0,0,22350.0,3,37.7393549,-122.4755631,4
2013,2013-04-18,1318,4,1,13,4,Y,A,N,A,H,A,N,60,,11,G,Y,,,,B,N,N,A,1,1,0,0,21456.0,2,37.7427149,-122.3879731,3
2013,2013-04-29,2231,4,1,22,1,Y,A,N,A,H,C,A,01,,10,G,Y,,,,B,N,N,A,2,2,0,0,21950.0,3,37.7882049,-122.4169032,4
2013,2013-04-05,2026,4,1,20,5,N,A,N,A,H,C,A,01,N,03,C,,,,,C,Y,N,D,1,0,0,0,22350.0,2,37.7915839,-122.4142354,4
2013,2013-04-10,751,4,1,7,3,N,A,N,A,H,A,A,01,E,10,G,Y,,,,B,N,N,D,1,1,0,0,21950.0,2,37.7860046,-122.4267477,4
2013,2013-04-20,1932,4,1,19,6,Y,B,Y,A,H,A,A,01,,10,D,,Y,,,G,N,N,A,1,0,1,0,21950.0,2,37.7706749,-122.4248631,3
2013,2013-04-22,821,4,1,8,1,Y,A,N,A,H,A,L,04,,05,D,,Y,,,G,N,N,D,1,0,1,0,21650.0,2,37.7569549,-122.5003632,3
2013,2013-04-20,622,4,1,6,6,N,A,N,A,H,B,A,01,S,01,E,,,,,E,Y,N,A,1,0,0,0,23152.0,2,37.7624106,-122.4216866,3
2013,2013-04-18,330,4,1,3,4,Y,A,N,A,H,C,A,01,,04,C,,,,,C,Y,N,A,1,0,0,0,21703.0,2,37.7430849,-122.4054131,4
2013,2013-04-01,1240,4,1,12,1,Y,A,N,A,H,A,A,01,,08,B,,Y,,,G,N,N,A,1,0,1,0,22100.0,2,37.7795949,-122.4320031,4
2013,2013-04-24,2140,4,1,21,3,N,A,N,A,H,C,A,01,E,08,D,,,,,C,Y,N,A,3,0,0,0,22107.0,2,37.7868675,-122.4044753,4
2013,2013-04-20,1947,4,1,19,6,N,A,N,A,H,B,C,02,W,06,B,,,Y,,C,N,N,D,1,0,0,1,21755.0,2,37.776826,-122.438624,4
2013,2013-04-20,2103,4,1,21,6,N,A,N,A,H,C,N,60,S,11,G,Y,,,,B,N,F,D,1,1,0,0,21956.0,2,37.7629348,-122.4194988,3
2013,2013-04-03,1005,4,1,10,3,Y,A,N,A,H,A,-,- ,,09,H,,,,,C,N,N,A,1,0,0,0,21453.0,2,37.7730949,-122.4186831,4
2013,2013-04-03,1610,4,1,16,3,N,B,N,A,H,A,A,01,W,07,B,,,,,C,Y,N,D,2,0,0,0,21658.0,5,37.766115,-122.4636296,3
2013,2013-04-03,740,4,1,7,3,Y,A,N,A,H,A,A,07,,03,D,,Y,,,G,N,N,A,1,0,1,0,22350.0,2,37.7771349,-122.4661931,4
2013,2013-04-20,1212,4,1,12,6,N,A,N,A,A,A,-,- ,W,18,E,,Y,,,J,N,N,A,1,0,1,0,,1,37.7808708,-122.4697796,3
2013,2013-04-17,1351,4,1,13,3,N,A,N,A,H,A,A,01,W,17,B,,Y,,,E,N,N,D,1,0,1,0,22517.0,2,37.7637988,-122.4142525,3