ACCIDENT_YEAR,COLLISION_DATE,COLLISION_TIME,MONTH,SEASON,24HOURS,DAY_OF_WEEK,INTERSECTION,WEATHER_1,STATE_HWY_IND,ROAD_SURFACE,ROAD_COND_1,LIGHTING,STWD_VEHTYPE_AT_FAULT,CHP_VEHTYPE_AT_FAULT,DIRECTION,PCF_VIOL_CATEGORY,TYPE_OF_COLLISION,PEDESTRIAN_ACCIDENT,BICYCLE_ACCIDENT,MOTORCYCLE_ACCIDENT,TRUCK_ACCIDENT,MVIW,TOW_AWAY,HIT_AND_RUN,CONTROL_DEVICE,NUMBER_INJURED,COUNT_PED_INJURED,COUNT_BICYCLIST_INJURED,COUNT_MC_INJURED,PCF_VIOLATION,PARTY_COUNT,POINT_Y,POINT_X,COLLISION_SEVERITY
2013,2013-08-14,2253,8,2,22,3,Y,A,N,A,H,C,A,01,,12,D,,,,,C,N,F,D,3,0,0,0,22450.0,3,37.7212548,-122.4277032,4
2013,2013-08-11,35,8,2,0,7,N,A,N,A,H,C,A,01,W,03,C,,,,,C,Y,N,A,1,0,0,0,22350.0,2,37.7876684,-122.4286145,4
2013,2013-08-12,1137,8,2,11,1,Y,A,N,A,H,A,A,01,,09,D,,,,,C,Y,N,A,2,0,0,0,21801.0,2,37.7731049,-122.4156131,3
2013,2013-08-11,125,8,2,1,7,N,A,N,A,H,C,A,07,N,03,C,,,,,C,Y,N,A,2,0,0,0,22350.0,2,37.7945199,-122.426582,3
2013,2013-08-09,1339,8,2,13,5,Y,A,Y,A,H,A,A,01,,12,A,,,,,C,Y,F,A,1,0,0,0,21453.0,3,37.7802049,-122.4270632,4
2013,2013-08-08,1936,8,2,19,4,N,A,N,A,H,B,C,03,S,06,B,,,Y,,C,N,N,D,1,0,0,1,21755.0,2,37.7878395,-122.4235422,4
2013,2013-08-09,1558,8,2,15,5,Y,A,N,A,H,A,L,04,,05,D,,Y,,,G,N,N,A,1,0,1,0,21650.0,2,37.7820949,-122.4122631,4
2013,2013-08-08,2110,8,2,21,4,N,A,N,A,H,C,A,01,N,21,B,,,,,C,Y,N,D,1,0,0,0,22106.0,3,37.7631385,-122.4662957,4
2013,2013-08-09,1829,8,2,18,5,Y,A,N,A,H,A,A,01,,09,B,,Y,,,G,N,N,A,1,0,1,0,21801.0,2,37.7599949,-122.4236732,3
2013,2013-08-08,1543,8,2,15,4,N,A,N,A,H,A,L,04,N,07,B,,Y,,,G,N,N,A,1,0,1,0,21658.0,2,37.776275,-122.4116887,4
2013,2013-08-10,1150,8,2,11,6,N,A,N,A,H,A,-,- ,N,09,D,,Y,,,G,N,N,D,1,0,1,0,21801.0,2,37.782266,-122.3910109,4
2013,2013-08-08,1745,8,2,17,4,Y,A,N,A,H,A,C,02,,06,B,,,Y,,C,Y,N,A,1,0,0,1,21755.0,3,37.7693849,-122.4109031,2
2013,2013-08-11,120,8,2,1,7,N,A,N,A,C,C,A,01,E,03,G,Y,,,,B,N,N,B,2,2,0,0,22350.0,3,37.7649587,-122.4217511,3
2013,2013-08-08,1726,8,2,17,4,Y,A,N,A,H,A,-,- ,,00,G,Y,,,,B,N,N,A,1,1,0,0,,2,37.7847049,-122.3978232,4
2013,2013-08-11,1605,8,2,16,7,Y,A,N,A,H,A,A,01,,12,D,,,Y,,C,N,N,A,1,0,0,1,21453.0,2,37.7847449,-122.4667432,4
2013,2013-08-11,1952,8,2,19,7,N,A,N,A,H,B,A,07,E,21,G,Y,,,,B,N,N,A,1,1,0,0,22106.0,2,37.7220093,-122.3931648,3
2013,2013-08-10,5,8,2,0,6,Y,A,N,A,H,C,A,01,,10,B,Y,,,,B,N,N,A,1,1,0,0,21950.0,2,37.7721048,-122.4457431,3
2013,2013-08-11,1940,8,2,19,7,N,B,N,A,H,A,A,07,N,03,C,,,,,C,N,F,A,3,0,0,0,22350.0,2,37.7861301,-122.3930745,4
2013,2013-08-14,1013,8,2,10,3,N,A,N,A,H,A,-,- ,W,18,G,Y,,,,B,N,N,D,1,1,0,0,,2,37.7828178,-122.4216423,4
2013,2013-08-08,2242,8,2,22,4,N,A,N,A,H,C,A,07,S,03,E,,,,,I,Y,F,A,2,0,0,0,22350.0,1,37.7478756,-122.3873942,2
2013,2013-08-09,1330,8,2,13,5,N,A,Y,A,H,A,A,01,S,03,C,,,,,C,,N,A,1,0,0,0,22350.0,2,37.7199901,-122.4752123,4
2013,2013-08-12,109,8,2,1,1,N,A,N,A,H,C,A,07,N,01,A,,,,,J,Y,N,D,1,0,0,0,23152.0,1,37.7493465,-122.4204589,4
2013,2013-08-14,1655,8,2,16,3,N,A,N,A,H,A,L,04,E,06,A,Y,Y,,,B,N,F,D,1,1,0,0,21756.0,2,37.7847189,-122.4141961,3
2013,2013-08-08,1312,8,2,13,4,N,A,N,A,H,A,-,- ,W,18,C,,,,,C,Y,N,A,1,0,0,0,,2,37.7124949,-122.4677273,3
2013,2013-08-12,32,8,2,0,1,N,A,N,A,H,C,A,01,N,13,B,,Y,,,G,N,N,D,1,0,1,0,22500.0,2,37.7442941,-122.420819,3
2013,2013-08-14,1333,8,2,13,3,N,A,N,A,H,A,-,- ,N,03,H,,,,,A,Y,N,A,1,0,0,0,22350.0,1,37.734125,-122.4066032,4
2013,2013-08-11,32,8,2,0,7,N,A,Y,A,H,C,N,60,W,11,G,Y,,,,B,N,N,A,2,2,0,0,21453.0,3,37.7997908,-122.4370896,3
2013,2013-08-14,905,8,2,9,3,N,A,N,A,H,A,A,07,S,21,H,,Y,,,G,N,N,A,1,0,1,0,22106.0,3,37.7524168,-122.411922,3
2013,2013-08-11,1405,8,2,14,7,N,A,N,A,H,A,N,60,S,11,G,Y,,,,B,Y,N,A,1,1,0,0,21955.0,2,37.7897457,-122.4021561,4
2013,2013-08-14,1940,8,2,19,3,Y,B,N,A,H,A,A,01,,08,B,,Y,,,G,N,N,A,1,0,1,0,22107.0,2,37.7905949,-122.4207132,3
2013,2013-08-12,1017,8,2,10,1,Y,A,N,A,H,A,C,02,,06,B,,,Y,,C,N,N,A,1,0,0,1,21755.0,2,37.7634548,-122.4195531,4
2013,2013-08-27,1015,8,2,10,2,N,A,N,A,H,A,-,- ,S,18,H,,Y,,,A,N,N,D,1,0,1,0,,1,37.7577164,-122.3873388,3
2013,2013-08-12,1134,8,2,11,1,Y,A,N,A,H,A,A,01,,08,D,,Y,,,G,N,N,A,1,0,1,0,22100.0,2,37.7844749,-122.4042631,4
2013,2013-08-14,1828,8,2,18,3,Y,A,N,A,H,A,L,04,,06,D,,Y,,,G,N,N,D,1,0,1,0,21755.0,2,37.7616349,-122.4228132,3
2013,2013-07-26,1848,7,2,18,5,Y,A,N,A,H,A,L,04,,07,B,,Y,,,G,N,N,A,1,0,1,0,21658.0,2,37.7840249,-122.4080731,4
2013,2013-07-26,1241,7,2,12,5,Y,A,N,A,H,A,-,- ,,03,C,,,,,D,N,N,A,1,0,0,0,22350.0,2,37.7693849,-122.4109031,4
2013,2013-07-26,645,7,2,6,5,N,B,N,A,H,A,A,01,S,21,C,,Y,,,G,N,N,D,1,0,1,0,22106.0,2,37.78593763,-122.40960181,3
2013,2013-07-26,345,7,2,3,5,N,F,Y,B,H,C,A,01,S,03,E,,,,,I,Y,N,D,2,0,0,0,22350.0,1,37.772335,-122.472843,4
2013,2013-07-29,942,7,2,9,1,Y,A,Y,A,H,A,A,01,,12,D,,,,,C,Y,N,A,2,0,0,0,21453.0,3,37.7764104,-122.4194606,3
2013,2013-07-21,1628,7,2,16,7,N,A,Y,A,H,A,A,01,N,04,C,,,,,C,Y,N,A,3,0,0,0,21703.0,3,37.7737524,-122.4719281,4
2013,2013-07-28,700,7,2,7,7,Y,B,N,A,H,A,-,- ,,12,D,,,,,C,Y,N,A,1,0,0,0,21453.0,2,37.7641349,-122.4642131,4
2013,2013-07-27,2202,7,2,22,6,Y,A,N,A,H,C,N,60,,11,G,Y,,,,B,N,N,A,1,1,0,0,21456.0,2,37.7720049,-122.4541331,2
2013,2013-07-22,1250,7,2,12,1,Y,B,N,A,H,A,A,07,,09,D,,Y,,,G,N,N,A,1,0,1,0,21801.0,2,37.8065849,-122.4138131,4
2013,2013-07-20,859,7,2,8,6,Y,A,N,A,H,A,A,01,,03,A,Y,,,,B,N,N,D,1,1,0,0,22350.0,2,37.7449949,-122.4003932,2
2013,2013-07-22,1240,7,2,12,1,Y,A,N,A,H,A,A,01,,04,C,,,,,C,Y,N,A,2,0,0,0,21703.0,2,37.7210348,-122.4752932,4
2013,2013-07-25,2235,7,2,22,4,Y,A,N,A,H,C,-,- ,,12,D,,,,,C,Y,N,A,4,0,0,0,21453.0,2,37.7750549,-122.4226432,3
2013,2013-07-27,1338,7,2,13,6,Y,-,N,-,-,-,-,- ,,03,C,,,,,C,Y,N,D,3,0,0,0,22350.0,2,37.7146149,-122.4853232,3
2013,2013-07-25,1840,7,2,18,4,N,A,N,A,H,A,A,01,E,08,D,,,Y,,C,N,N,D,1,0,0,1,22107.0,2,37.775128,-122.4220201,4
2013,2013-07-27,1215,7,2,12,6,Y,A,N,A,B,A,-,- ,,03,H,,,,,A,N,N,A,1,0,0,0,22350.0,1,37.7439749,-122.4227432,4
2013,2013-07-25,1210,7,2,12,4,N,A,N,A,H,A,M,47,E,10,G,Y,,,,B,N,N,A,1,1,0,0,21950.0,2,37.7851975,-122.4179327,4
2013,2013-07-29,2309,7,2,23,1,N,A,N,A,H,C,A,01,E,03,B,,,,,E,Y,N,A,1,0,0,0,22350.0,6,37.7089914,-122.4225192,4
2013,2013-07-27,1220,7,2,12,6,N,A,N,A,H,A,A,07,S,17,H,,Y,,,G,N,N,D,1,0,1,0,22517.0,2,37.7912605,-122.4208579,3
2013,2013-07-29,1627,7,2,16,1,Y,A,N,A,H,A,A,07,,03,C,,,,,C,Y,N,A,1,0,0,0,22350.0,2,37.7784349,-122.4099932,4
2013,2013-07-26,1907,7,2,19,5,Y,B,N,A,H,B,A,01,,12,D,,,Y,,C,Y,N,A,1,0,0,1,21453.0,2,37.7419349,-122.3882931,4
2013,2013-07-29,1247,7,2,12,1,Y,A,N,A,H,A,A,01,,12,D,,,,,C,Y,N,A,1,0,0,0,21453.0,2,37.7617249,-122.4384131,4
2013,2013-07-29,1148,7,2,11,1,N,A,N,A,H,A,A,01,N,21,C,,,,,C,N,N,A,1,0,0,0,22106.0,2,37.7821129,-122.4274513,4
2013,2013-07-22,1115,7,2,11,1,Y,B,N,A,H,A,A,01,,09,D,,,,,C,N,N,A,1,0,0,0,21802.0,2,37.7931449,-122.4011331,4
2013,2013-07-29,1121,7,2,11,1,Y,A,N,A,H,A,L,04,,12,D,,Y,,,G,N,N,D,1,0,1,0,22450.0,2,37.7762549,-122.4431631,4
2013,2013-07-20,1937,7,2,19,6,N,B,N,A,H,A,A,07,W,07,B,,,,,C,Y,N,D,2,0,0,0,21658.0,3,37.8064297,-122.4072583,4
2013,2013-07-27,121,7,2,1,6,Y,B,N,A,H,C,A,01,,12,D,,,,,C,Y,F,A,1,0,0,0,21453.0,2,37.7785349,-122.4056531,2
2013,2013-07-20,1815,7,2,18,6,Y,-,N,-,-,-,L,04,,12,B,,Y,,,G,N,N,A,1,0,1,0,22450.0,2,37.7478849,-122.4943631,4
2013,2013-07-23,2215,7,2,22,2,Y,A,N,A,H,C,A,07,,09,A,,,Y,,C,N,N,A,1,0,0,1,21801.0,2,37.7570549,-122.4189531,4
2013,2013-07-20,1514,7,2,15,6,Y,A,Y,A,H,A,A,01,,08,D,,,,,C,Y,N,A,1,0,0,0,22101.0,2,37.765425,-122.4772732,4
2013,2013-07-10,1651,7,2,16,3,N,A,N,A,H,A,C,02,E,07,B,,,Y,,C,,N,D,1,0,0,1,21658.0,2,37.7471202,-122.4446586,4
2013,2013-07-20,1444,7,2,14,6,Y,A,N,A,H,A,N,60,,11,B,Y,,,,B,N,N,D,1,1,0,0,21950.0,2,37.8090449,-122.4157131,4
2013,2013-07-10,2010,7,2,20,3,Y,A,N,A,H,A,-,- ,,08,B,,,,,C,Y,N,A,1,0,0,0,22107.0,2,37.7993049,-122.4258532,3
2013,2013-07-20,909,7,2,9,6,N,B,N,A,H,A,A,01,E,08,D,,,Y,,C,N,N,D,1,0,0,1,22107.0,2,37.7860507,-122.4263471,3
2013,2013-07-10,1837,7,2,18,3,Y,A,N,A,H,A,A,01,,17,H,,Y,,,J,N,N,D,1,0,1,0,22517.0,2,37.74655393,-122.42016077,4
2014,2014-04-30,920,4,1,9,3,N,A,Y,A,H,A,A,08,S,04,C,,,,,C,N,N,D,1,0,0,0,21703.0,2,37.7471975,-122.40451471,4
2014,2014-04-30,727,4,1,7,3,N,A,Y,A,H,A,A,01,N,08,E,,,,,I,Y,N,D,1,0,0,0,22107.0,1,37.72726124,-122.44505621,4
2014,2014-04-28,515,4,1,5,1,N,A,Y,A,H,C,A,01,S,03,C,,,,,C,Y,N,D,1,0,0,0,22350.0,3,37.74462929,-122.40518037,4
2014,2014-04-26,1605,4,1,16,6,N,A,Y,A,H,A,A,01,N,07,C,,,,,C,Y,N,D,2,0,0,0,21658.0,2,37.75125777,-122.39133845,4
2014,2014-04-24,756,4,1,7,4,N,B,Y,A,H,A,A,07,S,04,C,,,,,C,Y,N,D,2,0,0,0,21703.0,3,37.73137646,-122.40434622,3
2014,2014-04-22,1740,4,1,17,2,N,A,Y,A,H,A,A,01,N,04,C,,,,,C,Y,N,D,2,0,0,0,21703.0,3,37.75110947,-122.40306036,4
2014,2014-05-03,1340,5,1,13,6,N,A,Y,A,H,A,A,01,E,07,B,,,,,C,Y,N,D,3,0,0,0,21658.0,2,37.80993724,-122.36546603,4
2014,2014-06-23,1245,6,2,12,1,N,A,Y,A,H,A,M,47,N,08,E,,,,,I,Y,N,D,1,0,0,0,22107.0,1,37.80703804,-122.47557353,3
2014,2014-06-14,1130,6,2,11,6,N,A,Y,A,H,A,L,04,N,22,F,,Y,,,A,N,N,D,1,0,1,0,,1,37.81086003,-122.47768986,3
2014,2014-06-25,1809,6,2,18,3,N,A,Y,A,H,A,A,01,W,07,B,,,,,C,N,N,D,1,0,0,0,21658.0,2,37.80821367,-122.36703208,4
2014,2014-06-11,1440,6,2,14,3,N,A,Y,A,H,A,A,01,S,02,C,,,,,C,Y,N,D,1,0,0,0,22400.0,2,37.76974749,-122.4177197,4
2014,2014-06-20,1210,6,2,12,5,N,A,Y,A,H,A,A,07,N,03,C,,,,,C,N,N,D,1,0,0,0,22350.0,3,37.73419579,-122.40605068,3
2014,2014-06-26,930,6,2,9,4,N,A,Y,A,H,A,A,07,S,03,C,,,,,C,N,M,D,3,0,0,0,22350.0,3,37.76134994,-122.40609421,4
2014,2014-06-19,548,6,2,5,4,N,A,Y,A,H,A,A,01,S,08,E,,,,,I,Y,N,D,1,0,0,0,22107.0,1,37.76841862,-122.40613793,3
2014,2014-06-29,733,6,2,7,7,N,A,Y,A,H,A,F,26,E,07,F,,,Y,Y,A,Y,N,D,1,0,0,1,21658.0,2,37.78215364,-122.39675513,4
2014,2014-06-16,2122,6,2,21,1,N,A,Y,A,H,C,A,07,S,07,B,,,,,C,N,M,D,1,0,0,0,21658.0,2,37.73071464,-122.40400012,4
2014,2014-06-12,1810,6,2,18,4,N,A,Y,A,H,A,C,02,S,03,F,,,Y,,A,Y,N,D,1,0,0,1,22350.0,1,37.73073242,-122.43766817,3
2014,2014-05-30,1400,5,1,14,5,N,A,Y,A,H,A,A,07,S,03,C,,,,,C,Y,N,D,1,0,0,0,22350.0,4,37.76107789,-122.4061751,4
2013,2013-06-30,1958,6,2,19,7,Y,A,N,A,H,A,A,01,,03,F,,,,,C,Y,F,D,2,0,0,0,22350.0,2,37.7858749,-122.4521132,4
2013,2013-06-26,1103,6,2,11,3,Y,A,N,A,H,A,C,02,,06,B,,,Y,,C,Y,N,A,1,0,0,1,21755.0,2,37.7369549,-122.4088832,4
2013,2013-06-24,900,6,2,9,1,N,-,N,-,-,-,A,01,N,03,C,,,,,C,N,N,A,1,0,0,0,22350.0,2,37.74398124,-122.46343285,4
2013,2013-06-18,1145,6,2,11,2,Y,A,N,A,H,A,A,01,,03,G,Y,,,,B,Y,N,A,1,1,0,0,22350.0,2,37.7816749,-122.4155532,4
2013,2013-06-30,2215,6,2,22,7,Y,A,N,A,H,C,L,04,,05,D,,Y,,,G,N,N,A,1,0,1,0,21650.0,2,37.7775449,-122.4163231,4
2013,2013-06-26,745,6,2,7,3,N,A,N,A,H,A,N,60,E,11,G,Y,,,,B,N,N,D,1,1,0,0,21955.0,2,37.7200549,-122.4569811,3
2013,2013-06-23,1330,6,2,13,7,Y,B,N,A,H,A,A,01,,12,D,,Y,,,G,N,N,A,1,0,1,0,21453.0,2,37.7752148,-122.4192831,4
2013,2013-06-19,1605,6,2,16,3,N,-,N,-,-,-,A,07,N,07,B,,,Y,,C,Y,N,D,1,0,0,1,21658.0,2,37.7320888,-122.4985094,4
2013,2013-06-30,1929,6,2,19,7,Y,-,N,-,-,-,-,- ,,03,G,Y,,,,B,N,N,D,1,1,0,0,22350.0,2,37.7356049,-122.5062131,4
2013,2013-06-26,1820,6,2,18,3,N,A,N,A,H,A,A,01,N,07,B,,,Y,,C,N,M,A,1,0,0,1,21658.0,2,37.7822615,-122.4104285,4
2013,2013-06-23,1931,6,2,19,7,N,B,N,A,H,B,A,01,S,03,C,,,,,C,Y,N,D,3,0,0,0,22350.0,4,37.7958812,-122.4133712,4
2013,2013-06-19,1540,6,2,15,3,Y,A,N,A,H,A,A,01,,08,D,,,,,C,Y,N,A,1,0,0,0,22100.0,2,37.7889248,-122.4187332,4
2013,2013-06-30,1147,6,2,11,7,N,A,N,A,H,A,A,01,E,07,D,,,,,C,N,N,D,2,0,0,0,21658.0,2,37.7751051,-122.4222152,4
2013,2013-06-26,1928,6,2,19,3,Y,A,N,A,H,A,L,04,,12,D,,Y,,,G,N,N,A,1,0,1,0,21453.0,2,37.7775449,-122.4163231,3
2013,2013-06-23,1646,6,2,16,7,N,C,N,B,H,A,A,08,W,05,B,,,Y,,C,N,N,A,1,0,0,1,21650.0,2,37.7815929,-122.4946285,4
2013,2013-06-19,1420,6,2,14,3,N,A,N,A,H,A,A,08,E,03,B,,,,,E,Y,N,A,1,0,0,0,22350.0,2,37.7184851,-122.4351397,3
2013,2013-06-30,615,6,2,6,7,N,A,N,A,H,B,-,- ,N,03,C,,,,,E,Y,N,D,1,0,0,0,22350.0,3,37.748707,-122.4450422,3
2013,2013-06-25,1050,6,2,10,2,Y,B,N,B,H,A,-,- ,,21,G,Y,,,,B,N,F,A,1,1,0,0,22106.0,2,37.7740848,-122.4376432,4
2013,2013-06-22,1814,6,2,18,6,Y,A,N,A,H,A,L,04,,12,D,,Y,,,G,N,N,A,2,0,1,0,21453.0,2,37.7722248,-122.4372732,3
2013,2013-06-17,1750,6,2,17,1,N,B,N,A,H,A,A,01,W,01,C,,,,,C,Y,N,A,2,0,0,0,23153.0,4,37.787419,-122.4457274,4
2013,2013-06-30,1028,6,2,10,7,Y,A,N,A,H,A,-,- ,,12,D,,,,,D,N,N,A,2,0,0,0,21453.0,2,37.7703549,-122.4097531,4
2013,2013-06-25,1640,6,2,16,2,Y,A,N,A,H,A,A,07,,09,D,,,,,C,Y,N,A,1,0,0,0,21802.0,2,37.7403649,-122.4949232,4
2013,2013-06-22,2016,6,2,20,6,Y,A,N,A,H,A,A,01,,08,D,,,,,C,N,N,D,2,0,0,0,22107.0,2,37.7396049,-122.4076631,4
2013,2013-06-17,2115,6,2,21,1,Y,A,N,A,H,C,A,07,,01,A,,,,,C,Y,F,A,3,0,0,0,23152.0,6,37.7390248,-122.3864531,2
2013,2013-06-29,1715,6,2,17,6,N,A,N,A,H,A,A,01,N,10,G,Y,,,,B,N,F,A,1,1,0,0,21950.0,2,37.7809772,-122.412012,3
2013,2013-06-25,1804,6,2,18,2,Y,B,Y,A,H,A,A,07,,08,D,,,,,C,Y,N,A,1,0,0,0,22107.0,2,37.7698004,-122.4167448,4
2013,2013-06-22,1338,6,2,13,6,Y,A,N,A,H,A,A,01,,03,D,,,,,C,Y,N,A,1,0,0,0,22350.0,2,37.7699949,-122.4199731,4
2013,2013-06-16,1936,6,2,19,7,Y,A,N,A,H,B,-,- ,,03,C,,,,,C,N,F,A,1,0,0,0,22350.0,2,37.7216449,-122.4459432,4
2013,2013-06-29,1817,6,2,18,6,Y,-,N,A,H,A,A,08,,04,C,,,,,C,N,F,A,2,0,0,0,21703.0,2,37.7172349,-122.4727132,4
2013,2013-06-25,636,6,2,6,2,N,C,N,B,H,B,-,- ,W,00,G,Y,,,,B,N,N,A,1,1,0,0,,2,37.8006724,-122.4076402,4
2013,2013-06-22,2348,6,2,23,6,Y,A,N,A,H,C,A,01,,09,D,,Y,,,G,N,N,A,1,0,1,0,21801.0,2,37.7810049,-122.4664831,4
2013,2013-06-17,904,6,2,9,1,Y,A,N,A,H,A,-,- ,,07,B,,Y,,,G,N,M,D,1,0,1,0,21658.0,2,37.7876949,-122.4034231,4
2013,2013-06-30,1019,6,2,10,7,Y,A,N,A,H,A,L,04,,03,D,,Y,,,G,N,N,A,1,0,1,0,22350.0,2,37.7780149,-122.4586831,3
2013,2013-06-25,1816,6,2,18,2,Y,B,N,A,H,A,L,04,,17,B,,Y,,,G,N,N,A,1,0,1,0,21208.0,2,37.713618,-122.400009,3
2013,2013-06-21,955,6,2,9,5,Y,A,N,-,-,A,A,01,,12,D,,,,,C,N,F,A,2,0,0,0,21453.0,2,37.7276449,-122.4036931,4
2013,2013-06-16,245,6,2,2,7,N,A,N,A,H,C,A,01,S,03,C,,,,,E,Y,N,D,1,0,0,0,22350.0,3,37.72250828,-122.45818198,2
2013,2013-06-29,1545,6,2,15,6,Y,A,N,A,H,A,A,01,,13,C,,,,,E,N,N,D,1,0,0,0,22515.0,2,37.7772949,-122.4348831,3
2013,2013-06-25,2046,6,2,20,2,Y,C,N,B,H,C,N,60,,11,G,Y,,,,B,N,N,A,1,1,0,0,21453.0,2,37.7269249,-122.4761031,2
2013,2013-06-22,1320,6,2,13,6,N,A,N,A,H,A,L,04,N,- ,D,,Y,,,G,N,N,D,1,0,1,0,,2,37.77646408,-122.511679,3
2013,2013-06-29,30,6,2,0,6,Y,A,N,A,H,C,A,01,,08,D,,Y,,,G,Y,F,D,1,0,1,0,22102.0,2,37.7868549,-122.4199732,4
2013,2013-06-25,1729,6,2,17,2,Y,B,N,A,H,A,B,01,,08,D,,Y,,,G,N,N,A,1,0,1,0,22107.0,2,37.7706749,-122.4248631,3
2013,2013-06-21,1135,6,2,11,5,N,A,N,A,H,A,A,01,W,01,C,,,,,C,Y,F,A,1,0,0,0,23153.0,2,37.7726707,-122.4821965,4
2013,2013-06-29,1045,6,2,10,6,N,A,N,A,H,A,A,01,S,03,C,,,,,C,N,N,A,1,0,0,0,22350.0,2,37.7538999,-122.4164814,4
2013,2013-06-25,2043,6,2,20,2,N,A,N,A,H,C,A,01,W,03,C,,,,,C,N,N,D,1,0,0,0,22350.0,2,37.7201884,-122.4452961,4
2013,2013-06-21,1114,6,2,11,5,N,A,N,A,H,A,-,- ,W,00,C,,,Y,,C,N,N,A,1,0,0,1,,2,37.7828467,-122.4437458,3
2013,2013-06-29,2206,6,2,22,6,N,A,N,A,H,C,L,04,E,06,B,,Y,,,G,N,N,D,1,0,1,0,21750.0,2,37.7724489,-122.4354804,4
2013,2013-06-24,805,6,2,8,1,N,B,N,B,H,A,-,99,S,03,C,,,,,C,Y,F,A,1,0,0,0,22350.0,2,37.7234837,-122.4007623,4
2013,2013-06-21,556,6,2,5,5,N,A,N,A,H,B,A,08,N,05,D,,,,,C,Y,N,D,1,0,0,0,21460.0,3,37.7144526,-122.451951,4
2013,2013-06-29,2019,6,2,20,6,Y,A,N,A,H,A,L,04,,12,D,,Y,,,G,N,N,A,1,0,1,0,22450.0,2,37.7084948,-122.4589031,3
2013,2013-06-25,1816,6,2,18,2,Y,B,N,B,H,A,A,07,,21,D,,,,,C,N,N,D,1,0,0,0,22106.0,2,37.7266849,-122.5026031,4
2013,2013-06-21,1137,6,2,11,5,Y,A,N,A,H,A,A,01,,08,B,,,Y,,C,Y,N,A,1,0,0,1,22100.0,2,37.7858348,-122.4130332,4
2013,2013-06-29,1336,6,2,13,6,Y,A,N,A,H,A,-,- ,,09,D,,,,,C,Y,N,A,1,0,0,0,21801.0,2,37.7926449,-122.4044531,4
2013,2013-06-24,900,6,2,9,1,Y,-,N,-,-,-,-,- ,,00,-,Y,,,,-,N,F,-,1,1,0,0,,2,37.7701449,-122.4202432,4
2013,2013-06-21,830,6,2,8,5,N,A,N,A,H,A,A,01,N,10,G,Y,,,,B,N,N,A,1,1,0,0,21950.0,2,37.802314,-122.4248367,4
2013,2013-06-15,1354,6,2,13,6,N,A,N,A,H,A,-,- ,E,00,H,,Y,,,I,N,N,D,1,0,1,0,,1,37.798437,-122.4250267,4
2013,2013-06-24,1140,6,2,11,1,N,B,N,A,H,A,A,01,S,03,C,,,,,C,N,N,A,1,0,0,0,22350.0,2,37.7476233,-122.4186278,4
2013,2013-06-21,1156,6,2,11,5,N,A,N,A,H,A,L,04,S,05,D,,Y,,,G,N,N,A,1,0,1,0,21650.0,2,37.7659163,-122.4220194,4
2013,2013-06-29,1530,6,2,15,6,N,A,N,A,H,A,-,- ,S,00,G,Y,,,,B,N,N,D,1,1,0,0,,2,37.7588041,-122.408878,4
2013,2013-06-24,1450,6,2,14,1,N,B,N,B,H,A,N,60,E,11,G,Y,,,,B,N,N,A,1,1,0,0,21954.0,2,37.7776922,-122.4066823,4
2013,2013-06-20,1930,6,2,19,4,N,A,N,A,H,A,N,60,N,11,G,Y,,,,B,N,N,A,1,1,0,0,21954.0,2,37.7815302,-122.4050069,4
2013,2013-06-26,2142,6,2,21,3,Y,B,N,A,H,B,A,01,,12,D,,,,,C,Y,N,A,1,0,0,0,21453.0,2,37.7760549,-122.4025432,4
2013,2013-06-24,1200,6,2,12,1,Y,B,N,A,H,A,L,04,,06,B,,Y,,,G,N,N,A,1,0,1,0,21750.0,2,37.7840249,-122.4080731,4
2013,2013-06-20,2209,6,2,22,4,Y,A,N,A,H,C,C,02,,06,B,,,Y,,C,N,N,D,1,0,0,1,21755.0,2,37.7618348,-122.3877231,3
2013,2013-06-26,941,6,2,9,3,N,A,N,A,H,A,A,01,E,03,C,,,,,C,Y,N,A,2,0,0,0,22350.0,2,37.7614746,-122.426038,4
2013,2013-06-24,915,6,2,9,1,N,A,Y,A,H,A,-,- ,N,18,E,,,,,I,Y,N,D,2,0,0,0,,1,37.7836513,-122.4209123,3
2013,2013-06-20,2240,6,2,22,4,Y,F,N,-,-,-,N,60,,- ,G,Y,,,,B,N,N,D,1,1,0,0,,2,37.7602749,-122.4192632,4
2013,2013-06-28,1133,6,2,11,5,Y,A,N,A,H,A,A,01,,08,B,,Y,,,G,N,F,A,1,0,1,0,22107.0,2,37.7641349,-122.4642131,4
2013,2013-06-24,927,6,2,9,1,N,B,N,B,H,A,A,01,W,06,G,Y,,,,B,N,N,D,1,1,0,0,21756.0,2,37.7419036,-122.5027503,4
2013,2013-06-21,1438,6,2,14,5,Y,A,N,A,H,A,A,01,,09,D,,,,,C,,N,D,2,0,0,0,21802.0,2,37.7415449,-122.4677032,4
2014,2014-07-03,700,7,2,7,4,N,A,Y,A,H,A,D,22,S,07,B,,,Y,,C,Y,N,D,1,0,0,1,21658.0,2,37.73212361,-122.41488794,3
2014,2014-06-30,1425,6,2,14,1,N,A,Y,A,H,A,A,01,W,03,C,,,,,C,N,N,D,1,0,0,0,22350.0,2,37.77777629,-122.40169517,4
2014,2014-07-02,1600,7,2,16,3,N,A,Y,A,H,A,D,22,S,03,C,,,,,C,Y,N,D,3,0,0,0,22350.0,4,37.76133468,-122.39239893,4
2013,2013-07-04,1128,7,2,11,4,Y,A,N,A,H,A,A,01,,12,D,,,,,C,N,F,D,1,0,0,0,21453.0,2,37.7766748,-122.4398931,4
2013,2013-07-04,1040,7,2,10,4,Y,A,Y,A,H,A,A,01,,12,D,,,,,C,Y,N,A,1,0,0,0,21453.0,2,37.7772955,-122.4196469,4
2013,2013-07-05,1053,7,2,10,5,Y,F,N,A,H,A,A,01,,03,C,,,,,C,Y,N,D,2,0,0,0,22350.0,2,37.7102348,-122.4545932,3
2013,2013-07-05,957,7,2,9,5,N,A,N,A,G,A,A,01,W,17,G,Y,,,,B,N,M,D,1,1,0,0,21663.0,2,37.759343,-122.4214662,4
2013,2013-07-05,1303,7,2,13,5,N,A,N,A,H,A,A,01,W,07,C,,,Y,,C,N,N,D,2,0,0,0,21658.0,3,37.7716226,-122.4494097,4