ACCIDENT_YEAR,COLLISION_DATE,COLLISION_TIME,MONTH,SEASON,24HOURS,DAY_OF_WEEK,INTERSECTION,WEATHER_1,STATE_HWY_IND,ROAD_SURFACE,ROAD_COND_1,LIGHTING,STWD_VEHTYPE_AT_FAULT,CHP_VEHTYPE_AT_FAULT,DIRECTION,PCF_VIOL_CATEGORY,TYPE_OF_COLLISION,PEDESTRIAN_ACCIDENT,BICYCLE_ACCIDENT,MOTORCYCLE_ACCIDENT,TRUCK_ACCIDENT,MVIW,TOW_AWAY,HIT_AND_RUN,CONTROL_DEVICE,NUMBER_INJURED,COUNT_PED_INJURED,COUNT_BICYCLIST_INJURED,COUNT_MC_INJURED,PCF_VIOLATION,PARTY_COUNT,POINT_Y,POINT_X,COLLISION_SEVERITY
2014,2014-01-30,825,1,4,8,4,N,A,N,A,H,A,C,02,S,03,F,,,Y,,A,Y,N,D,1,0,0,1,22350.0,1,37.73632609,-122.44379913,2
2014,2014-01-02,600,1,4,6,4,N,A,N,A,H,C,N,60,N,11,G,Y,,,,B,N,N,A,1,1,0,0,21954.0,2,37.76675219,-122.41982771,4
2014,2014-01-08,1328,1,4,13,3,Y,B,N,A,H,A,A,01,,12,D,,,,,C,Y,N,A,1,0,0,0,21453.0,2,37.77970989,-122.49328999,4
2014,2014-01-30,1538,1,4,15,4,Y,A,N,A,H,A,A,01,,12,D,,,,,C,Y,F,D,3,0,0,0,22450.0,3,37.72200992,-122.39319993,2
2014,2014-01-05,1239,1,4,12,7,Y,A,N,A,H,A,A,01,,10,G,Y,,,,B,N,N,A,1,1,0,0,21950.0,2,37.76652999,-122.42202993,4
2014,2014-01-01,401,1,4,4,3,N,-,N,A,H,C,A,07,N,21,A,,,,,E,Y,N,D,1,0,0,0,22106.0,2,37.71862735,-122.4541,4
2014,2014-01-08,1240,1,4,12,3,Y,B,N,A,H,A,L,04,,09,D,,Y,,,G,N,F,A,1,0,1,0,21801.0,2,37.76057991,-122.41375996,4
2014,2014-01-29,1604,1,4,16,3,N,A,N,A,H,A,N,60,E,11,G,Y,,,,B,N,N,A,1,1,0,0,21456.0,2,37.73877075,-122.38934282,3
2014,2014-01-05,1639,1,4,16,7,Y,A,N,A,H,A,-,,,03,G,Y,,,,B,N,N,A,1,1,0,0,22350.0,2,37.80352991,-122.43002992,3
2014,2014-01-03,16,1,4,0,5,Y,A,Y,A,H,C,A,01,,17,B,,,,,C,N,N,A,1,0,0,0,21451.0,2,37.77730726,-122.41978329,4
2014,2014-01-08,1830,1,4,18,3,N,A,N,A,H,C,-,,W,11,B,,,,,C,N,N,D,1,0,0,0,21106.0,2,37.78716011,-122.3966811,2
2014,2014-01-29,2103,1,4,21,3,N,A,N,B,H,C,A,01,W,09,D,,Y,,,G,N,N,D,1,0,1,0,21801.0,2,37.77746885,-122.44842219,4
2014,2014-01-05,1541,1,4,15,7,Y,A,N,A,H,A,A,07,,09,D,,,Y,,C,N,N,A,1,0,0,1,21801.0,2,37.78472993,-122.4312999,4
2014,2014-01-03,1010,1,4,10,5,N,A,N,A,H,A,N,60,N,11,G,Y,,,,B,N,N,A,1,1,0,0,21453.0,2,37.77960078,-122.4167627,3
2014,2014-01-08,1730,1,4,17,3,Y,A,N,A,H,B,A,01,,09,D,,,,,C,N,N,A,1,0,0,0,21453.0,3,37.79486991,-122.40148,4
2014,2014-01-29,2138,1,4,21,3,Y,A,N,A,H,C,A,01,,12,D,,,Y,,C,N,N,A,1,0,0,1,21453.0,2,37.76543991,-122.47732995,4
2014,2014-01-30,2059,1,4,20,4,N,A,N,A,H,C,A,07,,08,B,,,,,C,Y,N,A,2,0,0,0,22107.0,2,37.70926993,-122.42337992,4
2014,2014-01-28,1317,1,4,13,2,N,A,N,A,H,A,N,60,W,11,A,Y,,,,B,N,N,D,1,1,0,0,21955.0,2,37.78229932,-122.41792738,4
2014,2014-01-08,1830,1,4,18,3,Y,A,N,A,H,C,A,01,,10,G,Y,,,,B,N,N,A,1,1,0,0,21950.0,2,37.78118998,-122.4621499,4
2014,2014-01-29,1702,1,4,17,3,Y,A,N,A,H,A,N,60,,11,G,Y,,,,B,N,N,A,1,1,0,0,21453.0,2,37.7557199,-122.41438997,3
2014,2014-01-30,2250,1,4,22,4,Y,B,N,A,H,C,A,01,,12,A,,,,,C,Y,N,A,1,0,0,0,21453.0,2,37.78744994,-122.4004999,4
2014,2014-01-03,947,1,4,9,5,Y,A,N,A,H,A,-,,,10,G,Y,,,,B,N,N,A,1,1,0,0,21950.0,2,37.7891199,-122.41700991,2
2014,2014-01-08,1111,1,4,11,3,Y,A,N,A,H,A,A,01,,09,D,,,,,C,Y,N,A,3,0,0,0,21801.0,2,37.77284993,-122.47777997,3
2014,2014-01-28,2023,1,4,20,2,N,A,N,A,H,C,A,01,S,10,D,,Y,,,G,N,N,A,1,0,1,0,21950.0,2,37.77292562,-122.44591011,4
2014,2014-01-06,538,1,4,5,1,Y,A,N,A,H,A,-,- ,,12,D,,,,,C,Y,N,A,2,0,0,0,21453.0,2,37.71123998,-122.45581994,4
2014,2014-01-10,1515,1,4,15,5,Y,A,N,A,H,A,L,04,,05,B,Y,Y,,,G,N,F,D,1,1,0,0,21650.0,2,37.77177999,-122.42032998,4
2014,2014-01-07,1007,1,4,10,2,Y,A,N,A,H,A,A,01,,09,H,,Y,,,G,N,N,A,1,0,1,0,21801.0,2,37.74221992,-122.42207993,3
2014,2014-01-29,821,1,4,8,3,N,B,N,B,H,A,A,08,W,05,D,,Y,,,G,N,N,D,1,0,1,0,21651.0,2,37.77785981,-122.43030648,3
2014,2014-01-30,2059,1,4,20,4,N,A,N,A,H,C,A,01,W,03,F,,,,,E,Y,N,D,1,0,0,0,22350.0,3,37.7796962,-122.44269237,3
2014,2014-01-11,1146,1,4,11,6,Y,B,N,A,H,A,A,01,,03,C,,,,,C,N,F,A,1,0,0,0,22350.0,2,37.76576993,-122.40755998,4
2014,2014-01-08,657,1,4,6,3,Y,A,N,A,H,B,A,01,,03,C,,,,,C,N,M,A,1,0,0,0,22350.0,2,37.74917,-122.41599997,4
2014,2014-01-28,1630,1,4,16,2,Y,A,N,A,H,A,A,07,,21,C,,,,,E,N,N,A,1,0,0,0,22106.0,2,37.76814989,-122.42217989,4
2014,2014-01-30,2029,1,4,20,4,Y,A,N,A,H,C,A,01,,10,G,Y,,,,B,N,N,D,1,1,0,0,21950.0,2,37.74247993,-122.48854988,3
2014,2014-01-10,1815,1,4,18,5,Y,A,N,A,H,C,A,07,,03,C,,Y,,,G,N,F,A,1,0,1,0,22350.0,2,37.79413997,-122.42138998,4
2014,2014-01-28,1330,1,4,13,2,N,A,N,A,H,A,A,01,N,- ,E,,,,,I,Y,N,D,1,0,0,0,,1,37.7549827,-122.46675186,3
2014,2014-01-30,1635,1,4,16,4,N,A,N,A,H,A,L,04,E,01,G,Y,Y,,,B,N,N,D,2,1,1,0,21200.0,2,37.77155783,-122.43477482,3
2014,2014-01-11,1457,1,4,14,6,N,B,N,B,H,A,A,01,N,03,C,,,,,C,N,F,A,1,0,0,0,22350.0,3,37.71626856,-122.46893122,4
2014,2014-06-27,1300,6,2,13,5,Y,A,N,A,H,A,H,17,,10,G,Y,,,,B,N,N,D,1,1,0,0,21950.0,2,37.78214244,-122.43416548,3
2014,2014-06-21,437,6,2,4,6,N,A,N,A,H,C,A,01,E,03,E,,,,,I,Y,N,D,1,0,0,0,22350.0,1,37.73584058,-122.40783242,4
2014,2014-06-29,220,6,2,2,7,N,A,Y,A,H,C,A,01,W,01,E,,,,,I,Y,N,D,1,0,0,0,23152.0,1,37.78187455,-122.39655604,3
2014,2014-07-08,1010,7,2,10,2,N,A,Y,A,H,A,A,01,N,08,E,,,,,I,Y,N,D,1,0,0,0,22107.0,1,37.7692513,-122.4056515,4
2014,2014-07-09,1450,7,2,14,3,N,A,Y,A,H,A,A,01,E,03,C,,,,,C,N,N,D,1,0,0,0,22350.0,4,37.85682338,-122.30108431,4
2014,2014-07-06,320,7,2,3,7,N,A,Y,A,H,C,A,01,S,07,B,,,,,C,Y,N,D,2,0,0,0,21658.0,2,37.81506178,-122.35961159,3
2014,2014-07-02,750,7,2,7,3,N,B,Y,A,H,A,A,07,S,03,C,,,,,C,Y,N,D,1,0,0,0,22350.0,2,37.73199354,-122.4288023,4
2014,2014-07-04,1105,7,2,11,5,N,A,Y,A,H,A,A,01,S,07,C,,,,,C,N,N,D,1,0,0,0,21658.0,3,37.76229966,-122.40554361,4
2014,2014-07-14,1350,7,2,13,1,N,B,Y,A,H,A,D,23,E,04,C,,,,,C,N,N,D,1,0,0,0,21703.0,3,37.79932032,-122.37667212,4
2014,2014-07-14,1020,7,2,10,1,N,A,Y,A,H,A,A,01,N,04,C,,,,,C,N,N,D,2,0,0,0,21703.0,3,37.7551431,-122.40319967,3
2014,2014-07-11,240,7,2,2,5,N,A,Y,A,H,C,A,07,E,01,E,,,,,I,Y,N,D,1,0,0,0,23152.0,1,37.78210039,-122.39682489,3
2014,2014-07-09,1655,7,2,16,3,N,A,Y,A,H,A,A,01,E,08,B,,,,,C,N,M,D,2,0,0,0,22107.0,3,37.78286592,-122.39582214,4
2014,2014-07-11,1015,7,2,10,5,N,A,Y,A,H,A,A,01,W,03,C,,,,,C,Y,N,A,1,0,0,0,22350.0,3,37.78111785,-122.39745725,4
2014,2014-07-11,525,7,2,5,5,N,A,Y,A,H,B,A,01,N,03,C,,,,,C,Y,N,D,3,0,0,0,22350.0,2,37.72828888,-122.40282171,4
2014,2014-07-06,710,7,2,7,7,N,A,Y,A,H,B,A,01,N,07,B,,,,,C,N,N,D,1,0,0,0,21658.0,2,37.76215467,-122.40562947,4
2014,2014-07-05,1635,7,2,16,6,N,B,Y,A,H,A,-,99,S,03,C,,,,,C,N,M,D,2,0,0,0,22350.0,4,37.7616181,-122.40594504,4
2014,2014-07-04,2318,7,2,23,5,N,A,Y,A,H,C,A,01,S,03,C,,,,,C,N,N,D,1,0,0,0,22350.0,2,37.76949068,-122.41443354,4
2014,2014-07-04,2140,7,2,21,5,N,A,Y,A,H,C,C,02,W,03,C,,,Y,,C,Y,N,D,1,0,0,1,22350.0,2,37.79779146,-122.37836908,2
2013,2013-06-23,41,6,2,0,7,Y,A,N,A,H,C,N,60,,11,G,Y,,,,B,N,N,A,1,1,0,0,21453.0,2,37.7588949,-122.4147531,4
2013,2013-08-01,1748,8,2,17,4,Y,-,N,-,-,A,-,- ,,00,H,,Y,,,G,N,N,-,1,0,1,0,,2,37.7867448,-122.4636831,4
2014,2014-02-10,357,2,4,3,1,Y,B,N,B,H,C,-,99,,10,G,Y,,,,B,N,N,A,1,1,0,0,21950.0,2,37.78437996,-122.40929991,4
2013,2013-07-10,1622,7,2,16,3,N,A,N,A,H,A,I,09,S,10,G,Y,,,,B,N,N,A,1,1,0,0,21950.0,2,37.74817286,-122.41814286,3
2013,2013-07-26,810,7,2,8,5,Y,A,N,A,H,A,I,10,,06,B,,Y,,,G,N,N,A,1,0,1,0,21750.0,2,37.8050349,-122.4035131,3
2013,2013-07-29,628,7,2,6,1,N,A,Y,A,H,A,A,07,S,12,G,Y,,,,B,N,N,A,1,1,0,0,21453.0,2,37.7994043,-122.4456006,4
2015,2015-09-01,1604,9,3,16,2,Y,A,N,A,H,A,A,01,,10,G,Y,,,,B,N,N,A,1,1,0,0,21950.0,2,37.79130991,-122.40734991,3
2013,2013-05-02,855,5,1,8,4,N,B,N,A,G,A,L,04,E,03,E,,Y,,,C,N,N,D,1,0,1,0,22350.0,2,37.7794883,-122.4138475,3
2013,2013-02-28,306,2,4,3,4,N,A,N,A,H,C,N,60,W,11,G,Y,,,,B,N,N,D,1,1,0,0,21954.0,2,37.755028,-122.5014652,3
2013,2013-08-14,1038,8,2,10,3,N,A,N,A,H,A,N,60,E,02,A,Y,Y,,,B,N,N,D,2,1,1,0,21211.0,2,37.77080661,-122.45560706,2
2013,2013-08-25,2025,8,2,20,7,N,B,N,A,H,C,L,04,S,03,E,,Y,,,I,N,N,D,1,0,1,0,22350.0,1,37.7664771,-122.4215535,4
2013,2013-05-22,805,5,1,8,3,N,A,N,A,H,A,L,04,W,03,H,,Y,,,G,N,N,D,1,0,1,0,22350.0,1,37.7628526,-122.429157,4
2013,2013-08-05,1222,8,2,12,1,Y,A,N,A,H,A,A,07,,08,A,,,,,C,Y,N,A,1,0,0,0,22101.0,2,37.7518749,-122.4252931,4
2013,2013-08-05,933,8,2,9,1,N,A,N,A,H,A,A,01,W,21,G,Y,,,,B,N,N,D,1,1,0,0,22106.0,2,37.7813645,-122.4332011,4
2013,2013-05-04,1005,5,1,10,6,Y,A,N,A,H,A,N,60,,11,G,Y,Y,,,B,N,N,A,1,1,0,0,21950.0,2,37.7840249,-122.4080731,3
2013,2013-08-06,315,8,2,3,2,N,E,N,B,H,C,A,07,W,03,A,,,,,I,Y,N,D,1,0,0,0,22350.0,1,37.7186384,-122.47784,4
2013,2013-08-05,913,8,2,9,1,Y,B,N,A,H,A,A,01,,12,D,,,,,C,Y,N,A,2,0,0,0,21453.0,2,37.7788449,-122.4301731,4
2013,2013-08-01,858,8,2,8,4,Y,B,N,A,H,A,A,01,,10,G,Y,,,,B,N,N,A,1,1,0,0,21950.0,2,37.7721448,-122.4938931,4
2013,2013-08-06,836,8,2,8,2,Y,A,N,A,H,A,-,- ,,03,A,,,,,E,Y,N,D,1,0,0,0,22350.0,4,37.7418549,-122.5036431,4
2013,2013-05-29,832,5,1,8,3,Y,A,N,A,H,A,L,04,,12,G,Y,Y,,,B,N,N,A,1,1,0,0,21453.0,2,37.7833049,-122.4175831,4
2013,2013-08-01,2220,8,2,22,4,N,A,N,A,H,C,A,01,W,10,G,Y,,,,B,N,N,A,1,1,0,0,21950.0,2,37.7892116,-122.4238506,4
2013,2013-08-13,859,8,2,8,2,N,A,N,A,H,A,-,- ,E,00,B,,,Y,,C,Y,N,D,1,0,0,1,,2,37.774816,-122.4543585,4
2013,2013-05-17,2027,5,1,20,5,Y,A,N,A,H,C,L,04,,07,F,,Y,,,I,N,N,D,1,0,1,0,21658.0,1,37.7229749,-122.4448432,2
2013,2013-08-01,1000,8,2,10,4,N,A,N,A,G,A,L,04,E,00,D,,Y,,,G,N,N,A,1,0,1,0,21260.0,2,37.7659885,-122.466183,4
2013,2013-08-14,2000,8,2,20,3,Y,A,N,A,H,C,A,01,,03,A,,,,,I,Y,N,A,1,0,0,0,22350.0,2,37.7215949,-122.4727132,4
2013,2013-05-13,1220,5,1,12,1,N,A,N,A,H,A,L,04,S,03,H,,Y,,,J,N,N,D,1,0,1,0,22350.0,1,37.7726349,-122.4185105,4
2013,2013-03-18,944,3,1,9,1,Y,A,N,A,H,A,A,01,,10,G,Y,,,,B,N,N,A,1,1,0,0,21950.0,2,37.7886449,-122.4135832,4
2013,2013-08-01,847,8,2,8,4,Y,B,N,A,D,A,A,01,,09,D,,Y,,,G,N,N,A,1,0,1,0,21801.0,2,37.7482149,-122.4203631,4
2013,2013-08-08,1215,8,2,12,4,Y,A,N,A,H,A,A,01,,12,D,,,,,C,Y,N,A,1,0,0,0,21453.0,3,37.7806348,-122.4237732,4
2013,2013-03-21,845,3,1,8,4,N,A,N,A,H,A,A,01,,04,C,,,,,C,N,N,A,1,0,0,0,21703.0,2,,,4
2013,2013-08-08,901,8,2,9,4,Y,B,N,B,H,A,A,01,,09,A,,,,,C,Y,N,A,2,0,0,0,21801.0,2,37.7583649,-122.4235331,4
2013,2013-08-09,241,8,2,2,5,N,A,N,A,D,C,N,60,E,11,D,Y,,,,B,N,N,D,1,1,0,0,21956.0,2,37.7609584,-122.4343733,3
2013,2013-05-18,1946,5,1,19,6,N,A,N,A,H,A,L,04,S,- ,D,Y,Y,,,B,N,F,D,1,1,0,0,,2,37.7643917,-122.4218692,4
2013,2013-03-27,820,3,1,8,3,Y,-,N,-,-,-,-,99,,- ,-,Y,,,,B,,F,-,1,1,0,0,,2,37.7775449,-122.4163231,3
2013,2013-08-08,1056,8,2,10,4,N,A,N,A,H,A,L,04,S,03,C,,Y,,,E,N,N,D,1,0,1,0,22350.0,2,37.7874247,-122.4133412,2
2013,2013-08-13,1836,8,2,18,2,N,A,N,A,H,A,-,- ,S,18,B,,Y,,,G,N,N,A,1,0,1,0,,2,37.7987436,-122.3974344,4
2013,2013-03-31,2029,3,1,20,7,N,B,N,D,H,C,A,01,N,01,A,,,,,C,Y,N,D,2,0,0,0,23152.0,2,37.8019668,-122.4297734,4
2013,2013-08-08,1447,8,2,14,4,N,A,N,A,H,A,A,01,E,03,G,Y,,,,B,N,N,A,2,1,0,0,22350.0,2,37.72683477,-122.4722895,3
2013,2013-08-14,149,8,2,1,3,N,A,N,A,H,C,A,07,N,22,A,,,,,I,Y,N,A,1,0,0,0,,1,37.76884328,-122.38922238,3
2013,2013-04-29,2340,4,1,23,1,N,A,N,A,H,D,A,07,N,07,E,,,,,I,Y,M,A,1,0,0,0,21658.0,2,,,3
2013,2013-08-02,2100,8,2,21,5,Y,A,N,A,H,C,A,01,,08,B,,Y,,,G,N,N,A,1,0,1,0,22107.0,2,37.7641349,-122.4642131,3
2013,2013-08-14,1019,8,2,10,3,N,B,N,A,H,A,A,01,N,- ,G,Y,,,,B,N,N,A,1,1,0,0,,2,37.7537624,-122.4883251,4
2013,2013-04-16,859,4,1,8,2,N,A,N,A,H,A,N,60,N,10,G,Y,Y,,,B,N,N,A,2,1,1,0,21950.0,2,37.797003,-122.395918,4
2013,2013-03-30,115,3,1,1,6,Y,A,N,A,H,C,-,- ,,00,D,,,,,I,,N,A,3,0,0,0,,2,37.7937649,-122.4247332,4
2013,2013-08-02,1800,8,2,18,5,N,B,N,A,H,A,A,01,E,04,C,,,,,C,N,N,A,2,0,0,0,21703.0,2,37.7126827,-122.4314461,4
2013,2013-08-14,1332,8,2,13,3,N,A,N,A,H,A,-,- ,N,17,B,,,,,C,Y,N,D,1,0,0,0,22517.0,2,,,4
2013,2013-04-15,1700,4,1,17,1,N,A,N,A,H,A,-,- ,W,00,H,,Y,,,J,N,N,D,1,0,1,0,,1,37.77251123,-122.46791661,2
2013,2013-03-16,1245,3,1,12,6,N,A,Y,A,H,A,-,- ,N,18,C,,,,,C,N,N,A,2,0,0,0,,3,37.770555,-122.4177132,4
2013,2013-08-02,1508,8,2,15,5,Y,A,N,A,H,A,L,04,,03,B,,Y,,,G,N,N,D,1,0,1,0,22350.0,2,37.7882349,-122.4202532,3
2013,2013-08-14,1613,8,2,16,3,N,A,Y,A,H,A,A,01,E,04,C,,,,,C,Y,N,D,2,0,0,0,21703.0,2,37.7784438,-122.4486186,4
2013,2013-04-20,2015,4,1,20,6,N,B,N,A,H,D,-,99,W,03,C,,,,,C,N,F,A,1,0,0,0,22350.0,2,37.7743029,-122.4585259,4
2013,2013-08-06,2008,8,2,20,2,Y,A,N,A,H,C,A,07,,12,D,,,,,C,Y,N,A,2,0,0,0,21453.0,3,37.7798749,-122.4371031,4
2013,2013-08-13,2125,8,2,21,2,Y,A,N,A,H,C,A,01,,08,D,,,,,C,Y,N,A,2,0,0,0,22107.0,2,37.7237149,-122.4375831,4
2013,2013-04-05,1522,4,1,15,5,N,A,N,A,A,A,L,,W,04,C,,Y,,,G,N,N,D,2,0,2,0,21703.0,2,37.7709058,-122.4474608,3
2013,2013-03-30,217,3,1,2,6,Y,A,N,A,H,C,A,01,,01,C,,,,,C,N,N,D,1,0,0,0,23153.0,2,37.7660149,-122.4310531,4
2013,2013-08-03,935,8,2,9,6,N,B,N,A,H,A,N,60,N,11,G,Y,,,,B,N,N,A,1,1,0,0,21955.0,2,37.7880544,-122.4035215,4
2013,2013-08-11,1032,8,2,10,7,Y,A,N,A,H,A,A,07,,12,D,,,,,C,Y,N,A,4,0,0,0,21453.0,2,37.7793749,-122.4336432,4
2013,2013-04-23,1126,4,1,11,2,N,A,N,A,H,A,A,01,S,03,B,,,,,E,N,M,A,1,0,0,0,22350.0,3,37.7623401,-122.50397,3
2013,2013-08-02,2315,8,2,23,5,Y,A,N,A,H,C,L,04,,- ,D,,Y,,,G,N,N,A,1,0,1,0,,2,37.7730249,-122.4459332,4
2013,2013-08-13,2117,8,2,21,2,Y,A,N,A,H,C,A,01,,12,D,,,,,C,N,N,A,1,0,0,0,21453.0,2,37.7877549,-122.4050631,4
2013,2013-04-23,1128,4,1,11,2,N,A,N,A,H,A,A,01,W,03,A,,,,,E,Y,M,A,1,0,0,0,22350.0,3,37.7400508,-122.502513,3
2013,2013-08-02,2206,8,2,22,5,N,A,N,A,H,C,N,60,S,11,D,Y,Y,,,B,N,N,D,2,1,1,0,21954.0,2,37.7469849,-122.413595,3
2013,2013-04-25,810,4,1,8,4,Y,B,N,A,H,A,-,99,,10,G,Y,,,,B,N,F,A,1,1,0,0,21950.0,2,37.7875349,-122.4005232,3
2013,2013-08-07,2207,8,2,22,3,N,A,N,B,H,C,N,60,E,11,A,Y,,,,B,N,N,A,1,1,0,0,21954.0,2,37.7906902,-122.4200384,2
2013,2013-08-01,2113,8,2,21,4,Y,A,N,A,H,C,A,01,,10,G,Y,,,,B,N,N,A,1,1,0,0,21950.0,2,37.7236148,-122.4008131,3
2013,2013-08-05,213,8,2,2,1,Y,A,N,A,H,C,N,60,,12,G,Y,,,,B,N,N,A,1,1,0,0,21452.0,2,37.7891449,-122.4170832,2
2013,2013-08-01,15,8,2,0,4,Y,A,N,A,H,C,L,04,,12,D,,Y,,,G,N,N,A,1,0,1,0,22450.0,2,37.7541849,-122.4776031,3
2013,2013-01-19,2110,1,4,21,6,Y,A,N,A,H,C,A,07,,09,D,,,,,C,Y,N,A,2,0,0,0,21802.0,2,37.7618249,-122.4201731,3
2013,2013-08-03,2053,8,2,20,6,N,-,N,-,-,-,A,01,N,01,-,Y,,,,B,Y,N,-,1,1,0,0,23152.0,2,37.786072,-122.411389,4
2013,2013-08-09,953,8,2,9,5,N,B,N,B,G,A,N,60,W,11,H,Y,,,,A,N,N,A,1,0,0,0,21456.0,3,37.7984421,-122.4023458,3
2013,2013-10-08,1300,10,3,13,2,N,A,N,A,H,A,L,04,E,03,H,,Y,,,A,N,N,D,1,0,1,0,22350.0,1,37.7880435,-122.4029674,3
2013,2013-08-09,845,8,2,8,5,N,A,N,A,H,A,N,60,W,11,G,Y,,,,B,N,N,A,1,1,0,0,21453.0,2,37.7725825,-122.484315,4
2013,2013-08-09,2321,8,2,23,5,N,E,N,A,H,C,A,01,S,08,D,,,Y,,C,Y,N,-,1,0,0,1,22100.0,2,37.7654112,-122.4774421,4
2013,2013-05-15,750,5,1,7,3,N,A,N,A,A,A,-,- ,W,18,H,,Y,,,I,N,N,D,1,0,1,0,,1,37.7685538,-122.4049109,3
2013,2013-07-03,1430,7,2,14,3,N,A,N,A,H,A,-,- ,S,00,G,Y,,,,B,N,N,A,1,1,0,0,,2,37.768133,-122.4222217,4
2013,2013-07-28,1920,7,2,19,7,N,A,N,A,H,A,L,04,W,05,E,,Y,,,I,N,N,D,1,0,1,0,21202.0,1,37.7784287,-122.4152045,3
2013,2013-07-25,50,7,2,0,4,N,A,N,A,H,C,L,04,W,17,E,,Y,,,A,N,N,A,2,0,2,0,21204.0,1,37.7761545,-122.4086689,3
2013,2013-07-15,1946,7,2,19,1,N,B,N,A,G,B,L,04,W,03,F,,Y,,,I,N,N,A,1,0,1,0,22350.0,1,37.7628836,-122.4285874,2
2013,2013-07-26,1453,7,2,14,5,N,A,N,A,H,A,-,- ,W,18,H,,Y,,,A,N,N,D,1,0,1,0,,1,37.7625895,-122.4354158,4
2013,2013-07-15,2254,7,2,22,1,N,A,N,A,H,C,L,04,E,03,E,,Y,,,A,N,N,A,1,0,1,0,22350.0,1,37.7913264,-122.3925382,3
2013,2013-03-15,852,3,1,8,5,Y,A,N,A,H,A,-,- ,,10,G,Y,,,,B,N,N,A,1,1,0,0,21950.0,2,37.7850849,-122.4111732,3
2013,2013-07-20,1509,7,2,15,6,N,A,N,A,H,A,N,60,W,11,A,Y,Y,,,B,N,N,A,3,2,1,0,21956.0,3,37.7709522,-122.49081731,3
2013,2013-09-10,1016,9,3,10,2,N,A,N,A,H,A,N,60,S,11,B,Y,Y,,,B,N,N,A,2,1,1,0,21954.0,2,37.7589991,-122.4079849,3
2013,2013-03-14,1230,3,1,12,4,Y,B,N,A,H,A,A,01,,08,D,,,,,C,N,N,A,2,0,0,0,22100.0,2,37.7730649,-122.4734732,4
2013,2013-09-17,110,9,3,1,2,N,A,Y,A,H,C,-,- ,E,12,D,,Y,,,G,N,F,A,1,0,1,0,21453.0,2,37.7823083,-122.4207956,3
2014,2014-01-14,1125,1,4,11,2,N,A,N,A,H,A,I,11,,06,B,,,,,C,N,N,D,1,0,0,0,21750.0,2,37.72283989,-122.40163998,4
2013,2013-09-19,1512,9,3,15,4,N,A,N,A,-,A,L,04,E,05,A,,Y,,,G,N,N,D,1,0,1,0,21650.0,2,37.7755747,-122.418771,4
2014,2014-03-22,1135,3,1,11,6,Y,A,N,A,H,A,A,01,,08,D,,,,,C,N,N,D,3,0,0,0,22107.0,2,37.73858996,-122.39236996,4
2013,2013-09-11,1115,9,3,11,3,N,B,N,A,H,A,L,04,W,03,G,Y,Y,,,B,N,N,D,1,1,0,0,22350.0,2,37.7886911,-122.402161,3
2014,2014-02-27,1927,2,4,19,4,Y,A,N,A,H,A,D,23,,07,B,,,,,C,Y,N,A,1,0,0,0,21658.0,2,37.76973991,-122.4245899,4
2014,2014-01-31,547,1,4,5,5,N,A,N,A,H,B,-,- ,E,03,E,,,,,I,Y,N,D,2,0,0,0,22350.0,1,37.74947064,-122.40083251,4
2014,2014-01-04,2015,1,4,20,6,Y,A,N,A,H,C,D,22,,09,D,,,Y,,C,Y,N,A,1,0,0,1,21801.0,2,37.74100999,-122.42283986,3
2014,2014-01-04,1253,1,4,12,6,Y,A,N,A,H,A,D,22,,09,D,,,,,C,Y,N,A,2,0,0,0,21801.0,2,37.7823499,-122.47737998,4
2014,2014-01-04,1250,1,4,12,6,Y,-,N,-,-,-,A,01,,09,D,,,,,C,N,N,D,2,0,0,0,21802.0,2,37.7200099,-122.45615997,4
2013,2013-06-09,1016,6,2,10,7,Y,B,N,A,H,A,A,01,,09,D,,Y,,,G,N,N,A,1,0,1,0,21801.0,2,37.7813549,-122.4589231,4
2013,2013-06-13,925,6,2,9,4,N,A,N,A,H,A,L,04,W,06,B,,Y,,,G,N,N,D,1,0,1,0,21755.0,2,37.792349,-122.3943475,3
2013,2013-06-14,2004,6,2,20,5,N,A,N,A,H,A,-,- ,S,03,C,,Y,,,J,N,F,D,1,0,1,0,22350.0,3,37.7571362,-122.4123426,2
2013,2013-06-09,1230,6,2,12,7,N,A,N,A,H,A,L,04,E,17,A,Y,Y,,,J,N,N,D,1,1,0,0,21663.0,2,37.7857571,-122.4058011,2
2013,2013-06-10,1633,6,2,16,1,N,A,N,A,H,A,L,04,S,03,C,,Y,,,G,N,N,D,1,0,1,0,22350.0,2,37.7535577,-122.4164461,3
2013,2013-06-11,1726,6,2,17,2,Y,A,N,A,H,A,L,04,,03,C,Y,Y,,,B,N,N,D,1,1,0,0,22350.0,2,37.8056149,-122.4440131,3
2013,2013-06-10,1800,6,2,18,1,Y,A,N,A,H,A,A,01,,10,A,Y,,,,B,N,N,A,1,1,0,0,21950.0,2,37.7758349,-122.4464732,3
2013,2013-06-14,2500,6,2,25,5,N,A,N,A,H,C,A,01,E,03,D,,,,,C,Y,N,D,1,0,0,0,22350.0,2,37.7433597,-122.3977654,3
2013,2013-06-13,833,6,2,8,4,Y,A,N,A,H,A,-,99,,10,G,Y,,,,B,N,F,A,1,1,0,0,21950.0,2,37.7748349,-122.4010231,4
2013,2013-06-14,1024,6,2,10,5,Y,A,N,A,H,A,A,01,,12,D,,,,,C,Y,N,A,1,0,0,0,21453.0,2,37.7871849,-122.4099231,4
2013,2013-06-14,736,6,2,7,5,Y,A,N,A,H,A,N,60,,11,G,Y,,,,B,N,N,A,1,1,0,0,21950.0,2,37.7709148,-122.4150431,4
2013,2013-06-14,1136,6,2,11,5,N,A,N,A,H,A,A,01,S,09,B,,,Y,,C,N,N,D,1,0,0,1,21804.0,2,37.7123415,-122.4730449,4
2013,2013-06-20,1150,6,2,11,4,Y,A,N,A,H,A,-,- ,,09,D,,,,,C,N,N,A,1,0,0,0,21802.0,2,37.7761149,-122.4888031,4
2013,2013-06-27,1226,6,2,12,4,Y,A,N,A,H,A,L,04,,03,D,,Y,,,G,N,N,A,1,0,1,0,22350.0,2,37.7802749,-122.4186531,3