ACCIDENT_YEAR,COLLISION_DATE,COLLISION_TIME,MONTH,SEASON,24HOURS,DAY_OF_WEEK,INTERSECTION,WEATHER_1,STATE_HWY_IND,ROAD_SURFACE,ROAD_COND_1,LIGHTING,STWD_VEHTYPE_AT_FAULT,CHP_VEHTYPE_AT_FAULT,DIRECTION,PCF_VIOL_CATEGORY,TYPE_OF_COLLISION,PEDESTRIAN_ACCIDENT,BICYCLE_ACCIDENT,MOTORCYCLE_ACCIDENT,TRUCK_ACCIDENT,MVIW,TOW_AWAY,HIT_AND_RUN,CONTROL_DEVICE,NUMBER_INJURED,COUNT_PED_INJURED,COUNT_BICYCLIST_INJURED,COUNT_MC_INJURED,PCF_VIOLATION,PARTY_COUNT,POINT_Y,POINT_X,COLLISION_SEVERITY
2014,2014-03-25,851,3,1,8,2,N,A,N,A,H,A,A,01,N,03,E,,,,,I,Y,N,D,1,0,0,0,22350.0,1,37.79131316,-122.40901322,4
2014,2014-03-24,1820,3,1,18,1,N,A,N,A,H,A,A,01,W,06,B,,,,,C,N,N,D,1,0,0,0,21750.0,2,37.77309053,-122.45268818,4
2014,2014-03-25,630,3,1,6,2,N,B,N,A,H,C,L,04,N,17,D,,Y,,,G,N,N,D,1,0,1,0,21663.0,2,37.7942095,-122.39322111,2
2014,2014-03-24,852,3,1,8,1,Y,A,N,A,H,A,A,01,,09,D,,,,,C,Y,N,D,1,0,0,0,21801.0,2,37.75889998,-122.42815992,4
2014,2014-03-24,1118,3,1,11,1,N,A,N,A,H,A,A,01,S,03,C,,,,,C,N,N,D,1,0,0,0,22350.0,2,37.77415762,-122.4121176,4
2014,2014-03-31,1426,3,1,14,1,Y,C,N,B,H,A,A,01,,10,G,Y,,,,B,N,N,A,1,1,0,0,21950.0,2,37.7892299,-122.40860995,3
2014,2014-03-30,227,3,1,2,7,N,A,N,A,H,C,A,01,S,03,G,Y,,,,B,N,F,A,1,1,0,0,22350.0,2,37.77005544,-122.40941405,2
2014,2014-03-28,941,3,1,9,5,N,A,N,A,H,A,A,01,N,21,G,Y,,,,B,N,N,D,1,1,0,0,22106.0,2,37.74407884,-122.50158397,3
2014,2014-03-28,1756,3,1,17,5,Y,A,N,A,H,A,N,60,,11,A,Y,,,,B,N,N,A,1,1,0,0,21955.0,2,37.79378993,-122.40293995,3
2014,2014-03-27,940,3,1,9,4,Y,A,N,A,H,A,A,01,,12,D,,,,,C,Y,N,A,1,0,0,0,21453.0,2,37.78653997,-122.41479994,4
2014,2014-03-03,908,3,1,9,1,Y,A,N,A,H,A,A,01,,09,H,,Y,,,G,N,N,A,1,0,1,0,21801.0,2,37.79115996,-122.39583991,3
2014,2014-03-03,903,3,1,9,1,N,B,N,A,H,A,A,01,S,09,D,,Y,,,G,N,N,D,1,0,1,0,21801.0,2,37.77619602,-122.40267002,3
2014,2014-03-03,815,3,1,8,1,Y,A,N,A,H,A,L,04,,06,D,,Y,,,G,N,N,D,1,0,1,0,21750.0,2,37.77254998,-122.42261997,4
2014,2014-03-02,1435,3,1,14,7,Y,A,N,A,H,A,A,01,,10,G,Y,,,,B,N,N,D,1,1,0,0,21950.0,2,37.77280989,-122.47882988,4
2014,2014-03-02,1148,3,1,11,7,N,C,N,B,H,A,C,03,E,03,H,,,Y,,I,N,N,A,1,0,0,1,22350.0,1,37.78413781,-122.40788122,2
2014,2014-03-01,2135,3,1,21,6,N,B,N,B,H,C,A,01,W,03,C,,,,,C,Y,N,A,1,0,0,0,22350.0,2,37.79076184,-122.40408442,4
2014,2014-03-01,2134,3,1,21,6,Y,A,N,A,H,A,N,60,,11,G,Y,,,,B,N,F,A,1,1,0,0,21950.0,2,37.78496992,-122.41954986,4
2014,2014-03-01,1618,3,1,16,6,Y,A,N,A,H,A,A,01,,01,C,,,,,I,Y,N,A,3,0,0,0,23153.0,3,37.7308499,-122.39216996,2
2014,2014-03-01,1521,3,1,15,6,N,A,N,A,H,A,N,60,N,02,G,Y,,,,B,N,N,D,1,1,0,0,21654.0,2,37.77428846,-122.40915692,3
2014,2014-03-01,1002,3,1,10,6,Y,A,N,A,H,A,-,,,12,D,,,,,C,Y,N,A,2,0,0,0,21453.0,2,37.78653997,-122.41479994,4
2014,2014-03-18,1128,3,1,11,2,Y,A,N,A,H,A,L,04,,12,D,,Y,,,G,N,N,A,1,0,1,0,21453.0,2,37.75683998,-122.40669999,4
2014,2014-03-18,1151,3,1,11,2,N,A,N,A,H,A,L,04,W,03,E,,Y,,,A,N,N,D,1,0,1,0,22350.0,1,37.77002919,-122.48162825,4
2014,2014-03-18,852,3,1,8,2,Y,A,N,A,H,A,A,01,,12,D,,Y,,,G,N,N,A,1,0,1,0,21453.0,2,37.77498989,-122.41004988,4
2014,2014-03-18,900,3,1,9,2,Y,A,N,A,H,A,A,01,,06,B,,,,,C,N,N,A,2,0,0,0,21751.0,2,37.70865998,-122.41477993,4
2014,2014-03-18,656,3,1,6,2,N,A,N,-,G,A,-,- ,S,00,C,,Y,,,G,N,N,D,1,0,1,0,,2,37.73972074,-122.50669518,3
2014,2014-03-17,2245,3,1,22,1,Y,A,N,A,H,C,-,,,08,B,,,,,C,Y,N,A,1,0,0,0,22107.0,2,37.78713994,-122.42503999,4
2014,2014-03-17,1753,3,1,17,1,N,A,N,A,H,A,-,,N,03,C,,,,,E,Y,N,A,1,0,0,0,22350.0,2,37.79671761,-122.39562549,2
2014,2014-03-17,1517,3,1,15,1,Y,A,Y,A,H,A,A,01,,04,C,,,,,C,N,N,D,1,0,0,0,21703.0,2,37.78205913,-122.42075003,4
2014,2014-03-10,830,3,1,8,1,Y,A,N,A,H,A,A,01,,10,D,Y,,,,B,N,N,A,1,1,0,0,21950.0,2,37.78547989,-122.42301989,3
2014,2014-03-19,1717,3,1,17,3,Y,A,N,A,H,A,A,01,,12,D,,,,,C,Y,N,A,1,0,0,0,21453.0,2,37.71144995,-122.44640997,4
2014,2014-03-19,1437,3,1,14,3,Y,A,N,A,H,A,N,60,,- ,H,Y,Y,,,B,N,N,A,1,0,1,0,,2,37.7742899,-122.45834993,3
2014,2014-03-19,916,3,1,9,3,N,A,N,A,B,A,L,04,N,03,H,,Y,,,A,N,N,A,1,0,1,0,22350.0,1,37.74612601,-122.3860756,3
2014,2014-03-18,1900,3,1,19,2,-,A,N,A,C,A,-,,,06,G,Y,,,,B,N,N,D,1,1,0,0,21754.0,2,37.80352991,-122.43002992,4
2014,2014-03-18,1835,3,1,18,2,Y,A,N,A,H,B,A,01,,09,A,,,,,C,Y,N,A,1,0,0,0,21801.0,2,37.78431995,-122.4345799,4
2014,2014-03-18,1850,3,1,18,2,N,A,N,A,H,B,C,02,E,07,B,,,Y,,C,N,N,D,2,0,0,2,21658.0,3,37.80359167,-122.42958005,4
2014,2014-03-18,1852,3,1,18,2,Y,A,N,A,H,A,A,01,,21,H,,,,,A,N,N,D,1,0,0,0,22106.0,2,37.7685499,-122.40484986,4
2014,2014-03-18,1820,3,1,18,2,Y,A,N,A,H,A,A,01,,10,G,Y,,,,B,N,N,A,1,1,0,0,21950.0,2,37.78671992,-122.4636199,3
2014,2014-03-18,1722,3,1,17,2,N,A,N,A,H,A,A,01,W,08,C,,,Y,,C,Y,N,A,1,0,0,1,22102.0,2,37.78684057,-122.40124258,4
2014,2014-03-18,1510,3,1,15,2,Y,A,N,A,C,A,A,01,,09,D,,,Y,,C,Y,N,A,1,0,0,1,21801.0,2,37.78678999,-122.39205998,4
2014,2014-03-20,1820,3,1,18,4,N,A,N,A,H,A,A,01,S,03,B,,,,,E,Y,N,D,1,0,0,0,22350.0,5,37.75967275,-122.44645021,3
2014,2014-03-16,2143,3,1,21,7,N,A,N,A,H,C,A,01,E,10,G,Y,,,,B,Y,N,A,1,1,0,0,21950.0,2,37.74024192,-122.49696549,2
2014,2014-03-16,1912,3,1,19,7,N,A,N,A,-,B,L,04,N,04,C,,Y,,,G,N,N,A,1,0,1,0,21703.0,2,37.76340959,-122.42175021,4
2014,2014-03-16,1706,3,1,17,7,N,A,N,A,H,A,A,01,S,22,E,,,,,I,Y,N,A,1,0,0,0,,1,37.75870808,-122.47675283,3
2014,2014-03-16,1453,3,1,14,7,Y,A,N,A,H,A,A,07,,09,A,,,,,C,N,N,A,1,0,0,0,21801.0,2,37.72703999,-122.3936699,4
2014,2014-03-16,951,3,1,9,7,Y,A,N,A,H,A,A,01,,08,B,,,Y,,C,Y,N,A,1,0,0,1,22107.0,2,37.78674997,-122.41314992,4
2014,2014-03-16,236,3,1,2,7,N,A,N,A,H,C,A,01,E,03,C,,,,,C,N,N,A,1,0,0,0,22350.0,2,37.75795455,-122.44338682,4
2014,2014-03-15,1817,3,1,18,6,Y,A,N,A,A,A,C,02,,03,F,,,Y,,A,N,N,D,1,0,0,1,22350.0,1,37.75919992,-122.4235399,3
2014,2014-03-20,1527,3,1,15,4,Y,A,N,A,H,A,L,04,,06,B,,Y,,,G,N,N,A,1,0,1,0,21750.0,2,37.79374989,-122.39572992,3
2014,2014-03-20,1522,3,1,15,4,Y,A,N,A,H,A,A,08,,12,D,,,Y,,C,N,N,A,1,0,0,1,21453.0,2,37.77884,-122.43010988,4
2014,2014-03-20,1054,3,1,10,4,N,A,N,A,H,A,L,04,W,03,F,,Y,,,A,N,N,D,1,0,1,0,22350.0,1,37.78578357,-122.4131069,3
2014,2014-03-20,847,3,1,8,4,N,A,N,D,D,A,L,04,S,12,-,,Y,,,C,N,N,A,1,0,1,0,21453.0,2,37.77952671,-122.39801687,2
2014,2014-03-19,1839,3,1,18,3,Y,A,N,A,H,A,A,01,,03,C,,,,,C,Y,N,D,2,0,0,0,22350.0,2,37.73137,-122.45576989,4
2014,2014-03-19,1752,3,1,17,3,Y,A,N,A,-,A,A,01,,08,B,,Y,,,G,,N,D,1,0,1,0,22107.0,2,37.7306199,-122.41137994,2
2014,2014-03-09,1707,3,1,17,7,N,A,N,A,H,A,-,,S,21,D,,Y,,,G,N,N,D,1,0,1,0,22106.0,2,37.79222725,-122.42101708,4
2014,2014-03-09,1444,3,1,14,7,Y,A,N,A,G,A,N,60,,11,G,Y,,,,B,N,F,A,1,1,0,0,21453.0,2,37.79076992,-122.3995099,4
2014,2014-03-09,1932,3,1,19,7,Y,A,N,A,H,B,A,07,,08,D,,Y,,,G,N,N,A,1,0,1,0,21717.0,2,37.78430998,-122.43966997,4
2014,2014-03-07,1600,3,1,16,5,N,A,N,A,H,A,A,01,S,17,E,,Y,,,G,N,N,D,1,0,1,0,22517.0,2,37.7566918,-122.41888101,4
2014,2014-03-07,1619,3,1,16,5,Y,A,N,A,H,A,A,01,,10,G,Y,,,,B,N,N,A,1,1,0,0,21950.0,2,37.76652999,-122.42202993,3
2014,2014-03-10,2100,3,1,21,1,Y,A,N,A,H,D,-,,,03,C,,,,,C,N,N,D,4,0,0,0,22350.0,2,37.78637998,-122.39568998,4
2014,2014-03-10,105,3,1,1,1,N,A,N,A,H,C,A,07,S,01,C,,,,,C,N,N,A,1,0,0,0,23153.0,2,37.7641632,-122.43313451,4
2014,2014-03-09,1457,3,1,14,7,N,B,N,A,H,A,C,03,W,03,C,,,Y,,C,Y,N,A,1,0,0,1,22350.0,2,37.76542886,-122.47757529,3
2014,2014-03-08,1947,3,1,19,6,Y,A,N,A,H,C,N,60,,11,G,Y,,,,B,N,N,A,1,1,0,0,21955.0,2,37.78254991,-122.39738992,3
2014,2014-03-09,830,3,1,8,7,Y,B,N,A,H,A,-,- ,,12,D,,,,,C,N,N,A,1,0,0,0,21453.0,2,37.78744994,-122.4004999,4
2014,2014-03-08,2002,3,1,20,6,Y,A,N,A,H,C,A,01,,12,D,,,,,C,Y,N,A,2,0,0,0,21453.0,2,37.76263997,-122.43516,4
2014,2014-03-08,315,3,1,3,6,Y,A,N,A,H,C,A,01,,03,C,,,,,C,N,N,A,1,0,0,0,22350.0,2,37.78360994,-122.42264996,4
2014,2014-03-07,1848,3,1,18,5,Y,A,N,A,H,B,A,01,,17,H,,Y,,,G,N,N,A,1,0,1,0,22517.0,2,37.75908995,-122.41153994,4
2014,2014-03-07,1506,3,1,15,5,Y,A,N,A,H,A,A,01,,09,D,,,,,C,Y,N,D,1,0,0,0,21802.0,2,37.70810993,-122.4857399,4
2014,2014-03-07,837,3,1,8,5,Y,A,N,A,H,A,A,01,,09,D,,,,,C,Y,N,A,2,0,0,0,21801.0,2,37.78063,-122.47398993,4
2014,2014-03-06,1940,3,1,19,4,Y,A,N,A,H,C,A,01,,08,D,,,,,C,Y,N,A,1,0,0,0,22101.0,2,37.73471991,-122.4751299,4
2014,2014-03-06,1951,3,1,19,4,Y,A,N,A,H,C,N,60,,11,G,Y,,,,B,N,N,A,1,1,0,0,21453.0,2,37.78246994,-122.42411988,3
2014,2014-03-06,2107,3,1,21,4,N,A,N,C,H,C,N,60,N,11,G,Y,,,,B,N,N,A,1,1,0,0,21950.0,2,37.78028838,-122.40342083,4
2014,2014-03-06,2115,3,1,21,4,Y,A,N,A,H,C,N,60,,11,G,Y,,,,B,N,N,A,1,1,0,0,21453.0,2,37.78192995,-122.4206999,2
2014,2014-03-06,1536,3,1,15,4,Y,A,N,A,H,A,L,04,,09,D,,Y,,,G,N,N,A,1,0,1,0,21804.0,2,37.7691999,-122.42690988,4
2014,2014-03-06,1550,3,1,15,4,Y,A,N,A,H,A,A,01,,03,E,,,,,I,N,N,D,1,0,0,0,22350.0,1,37.76742994,-122.44472996,4
2014,2014-03-06,1419,3,1,14,4,N,A,N,A,H,A,A,01,S,03,F,,,,,E,Y,N,D,2,0,0,0,22350.0,8,37.72240451,-122.48513441,4
2014,2014-03-06,1252,3,1,12,4,Y,B,N,A,D,A,A,07,,09,B,,,Y,,C,N,N,A,1,0,0,1,21802.0,2,37.77331992,-122.41219998,4
2014,2014-03-05,2038,3,1,20,3,Y,B,N,A,H,C,L,04,,17,D,,Y,,,G,N,N,A,1,0,1,0,21451.0,2,37.78388995,-122.44299996,3
2014,2014-03-04,1911,3,1,19,2,N,A,N,A,H,C,A,01,N,10,G,Y,,,,B,N,N,A,1,1,0,0,21950.0,2,37.77884271,-122.43011056,4
2014,2014-03-04,1430,3,1,14,2,N,B,N,A,H,A,A,01,E,09,D,,,,,C,N,N,D,1,0,0,0,21804.0,2,37.80716273,-122.41661395,3
2014,2014-03-04,1141,3,1,11,2,N,A,N,A,H,A,A,01,W,08,D,,Y,,,G,N,N,D,1,0,1,0,22107.0,2,37.77008658,-122.48521059,3
2014,2014-03-04,137,3,1,1,2,Y,C,N,B,G,C,A,01,,03,E,,,,,I,Y,N,D,1,0,0,0,22350.0,1,37.7644999,-122.42864988,4
2014,2014-03-03,2315,3,1,23,1,N,C,N,B,H,C,N,60,E,11,G,Y,,,,B,N,N,A,1,1,0,0,21955.0,2,37.79622993,-122.42006542,4
2014,2014-03-03,1946,3,1,19,1,N,C,N,B,H,C,N,60,W,11,G,Y,,,,B,N,N,A,1,1,0,0,21453.0,2,37.78749664,-122.40366537,2
2014,2014-03-03,1844,3,1,18,1,Y,C,N,B,H,C,A,01,,10,G,Y,,,,B,N,N,A,1,1,0,0,21950.0,2,37.77426993,-122.43593987,3
2014,2014-06-19,1740,6,2,17,4,N,A,Y,A,H,A,A,07,E,03,C,,,,,C,Y,N,D,1,0,0,0,22350.0,3,37.77158944,-122.40639792,4
2014,2014-06-28,1655,6,2,16,6,N,A,Y,A,H,A,C,02,N,08,E,,,Y,,I,Y,N,D,1,0,0,1,22107.0,1,37.76788094,-122.40573569,3
2014,2014-07-04,118,7,2,1,5,N,A,Y,A,H,C,A,01,S,03,C,,,,,C,Y,N,D,1,0,0,0,22350.0,2,37.76944423,-122.4125212,4
2014,2014-07-16,725,7,2,7,3,N,B,Y,A,H,A,A,01,N,03,C,,,,,C,Y,N,D,2,0,0,0,22350.0,3,37.75543009,-122.40322609,4
2014,2014-04-07,1801,4,1,18,1,Y,A,N,A,H,A,A,01,,07,B,,,,,C,N,N,A,1,0,0,0,21658.0,2,37.72623996,-122.43363988,4
2014,2014-04-04,1030,4,1,10,5,N,A,N,A,H,A,D,22,E,11,G,Y,,,,B,N,N,D,1,1,0,0,21954.0,2,37.74797222,-122.40863224,4
2014,2014-03-28,840,3,1,8,5,N,A,N,A,H,A,-,,N,07,B,,,,Y,E,N,N,D,1,0,0,0,21658.0,2,37.77914935,-122.41500787,3
2014,2014-03-24,2000,3,1,20,1,Y,A,N,A,H,C,D,22,,03,C,,,,,C,Y,F,-,1,0,0,0,22350.0,6,37.74302995,-122.47565998,4
2014,2014-04-06,2306,4,1,23,7,N,A,N,A,H,C,N,60,S,11,G,Y,,,,B,N,N,A,1,1,0,0,21453.0,2,37.76757842,-122.42897851,4
2014,2014-03-25,1336,3,1,13,2,Y,C,N,B,G,A,I,11,,09,D,,,,,C,Y,N,A,1,0,0,0,21800.0,2,37.75416992,-122.47756986,4
2014,2014-03-11,1402,3,1,14,2,N,A,N,A,H,A,A,01,E,07,B,,,,,C,Y,N,D,1,0,0,0,21658.0,2,37.77661211,-122.41742787,4
2014,2014-03-19,1935,3,1,19,3,N,A,N,A,H,C,E,22,E,08,B,,,,,C,N,F,A,1,0,0,0,22107.0,4,37.75876919,-122.41677902,4
2014,2014-04-17,812,4,1,8,4,N,B,N,A,H,A,A,07,S,21,D,,,,,F,Y,N,D,1,0,0,0,22106.0,2,37.74237595,-122.47129993,4
2014,2014-04-25,315,4,1,3,5,N,A,N,A,H,D,N,60,S,11,B,Y,,,,B,N,F,D,1,1,0,0,21954.0,2,37.7486599,-122.4048351,3
2013,2013-03-17,2154,3,1,21,7,Y,A,N,A,H,C,A,01,,12,D,,,,,C,Y,N,A,1,0,0,0,21453.0,2,37.7955049,-122.4184031,4
2014,2014-04-19,2032,4,1,20,6,Y,A,N,A,H,C,A,01,,09,A,,,,,C,Y,N,A,1,0,0,0,21801.0,2,37.76952,-122.41558999,3
2014,2014-04-09,145,4,1,1,3,Y,A,N,A,H,C,A,01,,12,D,,,,,C,Y,N,A,1,0,0,0,21453.0,2,37.79015998,-122.42396997,4
2014,2014-04-19,1559,4,1,15,6,N,A,N,A,H,A,L,04,W,03,C,,Y,,,G,N,N,D,1,0,1,0,22350.0,2,37.75286576,-122.40831137,3
2014,2014-04-12,1216,4,1,12,6,Y,A,N,-,A,A,A,08,,09,D,,,Y,,C,Y,N,A,1,0,0,1,21801.0,2,37.78678999,-122.39205998,3
2014,2014-04-12,1527,4,1,15,6,N,A,N,A,H,A,A,01,W,21,G,Y,,,,B,N,N,A,1,1,0,0,22106.0,2,37.78077482,-122.42245895,4
2014,2014-04-11,2255,4,1,22,5,N,A,N,A,H,C,-,- ,W,00,B,,Y,,,G,N,N,D,1,0,1,0,,2,37.77820434,-122.43517303,2
2014,2014-04-12,1252,4,1,12,6,Y,A,N,A,H,A,A,01,,09,D,,Y,,,G,N,N,A,1,0,1,0,21802.0,2,37.76408992,-122.41302998,4
2014,2014-04-23,1656,4,1,16,3,Y,A,N,A,H,A,L,04,,12,D,,Y,,,G,N,N,A,1,0,1,0,21453.0,2,37.77297997,-122.44591997,2
2014,2014-04-11,2124,4,1,21,5,N,A,N,A,H,C,N,60,S,11,G,Y,,,,B,N,N,A,1,1,0,0,21456.0,2,37.77675237,-122.40782816,3
2014,2014-04-23,1030,4,1,10,3,Y,A,N,A,H,A,A,01,,07,B,,,Y,,C,Y,N,D,1,0,0,1,21658.0,2,37.77770997,-122.40352996,4
2014,2014-04-23,1258,4,1,12,3,Y,A,N,A,H,A,A,01,,10,G,Y,,,,B,N,N,A,1,1,0,0,21950.0,2,37.79593996,-122.42175989,4
2014,2014-01-05,37,1,4,0,7,N,A,N,A,H,C,N,60,E,11,G,Y,,,,B,N,N,A,1,1,0,0,21453.0,2,37.78103851,-122.40861687,4
2013,2013-08-09,1537,8,2,15,5,Y,A,N,A,H,A,A,01,,04,C,,,,,C,Y,N,A,1,0,0,0,21703.0,2,37.7606549,-122.4070731,4
2014,2014-04-12,1547,4,1,15,6,Y,A,N,A,H,A,A,01,,17,A,,Y,,,G,N,N,A,1,0,1,0,22517.0,3,37.75170989,-122.42743,4
2014,2014-07-12,2216,7,2,22,6,N,B,Y,A,H,C,A,08,S,03,C,,,,,C,N,N,D,4,0,0,0,22350.0,3,37.75619694,-122.40311121,4
2013,2013-07-15,212,7,2,2,1,N,A,N,A,H,C,A,01,E,01,C,,,,,E,Y,N,A,1,0,0,0,23152.0,4,37.7838189,-122.4137423,4
2014,2014-07-10,1735,7,2,17,4,N,A,Y,A,H,A,-,- ,S,22,B,,Y,,,G,N,N,D,1,0,1,0,,2,37.81257995,-122.47788791,2
2014,2014-07-15,1800,7,2,18,2,N,A,N,A,H,A,L,04,S,22,B,,Y,,,G,N,F,D,1,0,1,0,,2,,,2
2014,2014-07-20,1835,7,2,18,7,N,B,Y,A,H,A,A,01,E,03,C,,,,,C,N,N,D,1,0,0,0,22350.0,2,37.78349151,-122.39500775,4
2014,2014-07-13,2325,7,2,23,7,N,A,Y,A,H,C,A,01,E,01,E,,,,,I,Y,N,D,1,0,0,0,23152.0,1,37.78210039,-122.39682489,2
2014,2014-07-19,508,7,2,5,6,N,A,Y,A,H,C,A,01,W,03,C,,,,,C,Y,N,D,1,0,0,0,22350.0,3,37.76983814,-122.40563665,4
2014,2014-04-02,2100,4,1,21,3,N,A,N,A,H,C,A,01,S,21,C,Y,,,,B,N,N,D,1,1,0,0,22106.0,2,37.7487668,-122.41808279,3
2014,2014-04-28,308,4,1,3,1,N,A,N,A,H,C,A,01,E,07,A,,,,,C,Y,N,D,1,0,0,0,21658.0,3,37.77206905,-122.43835318,4
2014,2014-04-23,1408,4,1,14,3,N,A,N,A,H,A,L,04,S,07,B,,Y,,,G,N,N,A,1,0,1,0,21658.0,2,37.78297968,-122.41745733,4
2014,2014-04-11,1940,4,1,19,5,N,A,N,A,H,C,A,01,E,09,A,,,,,C,Y,N,A,1,0,0,0,21801.0,2,37.7863079,-122.40194988,4
2014,2014-04-08,950,4,1,9,2,Y,A,N,A,H,A,A,07,,09,A,,,,,C,N,N,D,1,0,0,0,21801.0,2,37.73528993,-122.40095993,3
2014,2014-04-27,1937,4,1,19,7,Y,A,N,A,H,B,C,02,,03,C,,,Y,,C,Y,N,A,1,0,0,1,22350.0,2,37.73452995,-122.40216997,3
2014,2014-04-10,1940,4,1,19,4,Y,-,N,-,-,B,A,08,,12,-,,,,,C,Y,N,-,1,0,0,0,22450.0,2,37.7200199,-122.45817987,4
2014,2014-04-08,832,4,1,8,2,N,A,N,A,H,A,A,07,W,03,C,,,,,C,N,N,D,1,0,0,0,22350.0,2,37.76594026,-122.40485704,4
2014,2014-04-27,2120,4,1,21,7,N,A,N,A,H,A,A,01,E,04,C,,,,,C,N,N,A,1,0,0,0,21703.0,2,37.78818223,-122.44695292,4
2014,2014-04-23,736,4,1,7,3,N,A,N,-,-,-,A,01,E,10,G,Y,,,,B,Y,N,D,1,1,0,0,21950.0,2,37.73740096,-122.47634275,2
2014,2014-04-10,1634,4,1,16,4,Y,B,N,A,H,A,L,04,,12,D,,Y,,,G,N,N,D,1,0,1,0,22450.0,2,37.77713992,-122.46616998,4
2014,2014-04-18,1745,4,1,17,5,Y,A,N,A,H,A,L,04,,07,C,,Y,,,G,N,N,A,1,0,1,0,21658.0,2,37.79098997,-122.41739993,4
2014,2014-04-27,1750,4,1,17,7,Y,A,N,A,H,A,A,01,,17,D,,,,,C,Y,N,A,1,0,0,0,21657.0,2,37.73613,-122.50531986,3
2014,2014-04-15,1124,4,1,11,2,N,A,Y,A,H,A,A,01,S,03,D,,,Y,,C,N,N,D,1,0,0,1,22350.0,2,37.7199057,-122.47527713,4
2014,2014-04-10,554,4,1,5,4,N,A,N,B,H,C,C,02,N,03,E,,,Y,,I,Y,N,D,1,0,0,1,22350.0,1,37.73598,-122.44191,4
2014,2014-04-18,1605,4,1,16,5,N,A,N,A,H,A,A,01,S,03,E,,,,,I,Y,N,A,1,0,0,0,22350.0,1,37.75048918,-122.47299859,4
2014,2014-04-27,1610,4,1,16,7,Y,A,N,A,H,A,-,- ,,00,D,,,,,C,N,N,A,1,0,0,0,,2,37.76944996,-122.41340989,4
2014,2014-04-11,1511,4,1,15,5,N,A,N,A,H,A,A,07,E,08,D,,Y,,,G,N,F,D,1,0,1,0,22107.0,2,37.77390252,-122.39906436,3
2014,2014-04-09,2046,4,1,20,3,Y,A,N,A,H,C,A,01,,09,D,,,,,C,N,N,A,3,0,0,0,21801.0,3,37.76973991,-122.4245899,4
2014,2014-04-18,1846,4,1,18,5,N,A,Y,A,H,A,A,01,N,04,C,,,,,C,N,N,A,1,0,0,0,21703.0,2,37.75076218,-122.47626826,4
2014,2014-04-27,1753,4,1,17,7,Y,A,N,A,H,A,N,60,,11,G,Y,,,,B,N,N,A,1,1,0,0,21956.0,2,37.79029999,-122.40013999,3
2014,2014-04-11,2025,4,1,20,5,Y,A,N,A,H,C,A,01,,09,D,,Y,,,G,N,N,A,1,0,1,0,21801.0,2,37.77724995,-122.45858998,3
2014,2014-04-09,1817,4,1,18,3,N,A,N,A,H,A,A,01,W,08,D,,,,,C,N,N,D,1,0,0,0,22107.0,2,,,4
2014,2014-04-18,2137,4,1,21,5,N,A,N,A,H,C,A,01,S,01,G,Y,,,,B,Y,N,A,2,1,0,0,23152.0,2,37.72857866,-122.43144134,2
2014,2014-04-27,1549,4,1,15,7,N,A,N,A,H,A,N,60,E,11,G,Y,,,,B,N,N,D,1,1,0,0,21954.0,2,37.78418412,-122.41076908,4
2014,2014-04-11,1846,4,1,18,5,Y,A,N,A,H,A,A,01,,09,D,,,,,C,N,N,A,1,0,0,0,21802.0,2,37.71366996,-122.44211996,4
2014,2014-04-09,1501,4,1,15,3,N,A,N,A,H,A,L,04,N,03,E,,Y,,,I,N,N,D,1,0,1,0,22350.0,1,37.78314514,-122.49735922,3
2014,2014-04-18,1308,4,1,13,5,Y,A,N,A,H,A,L,04,,11,D,,Y,,,G,N,N,A,1,0,1,0,21453.0,2,37.78273989,-122.40648992,4
2014,2014-04-27,1310,4,1,13,7,-,B,N,A,H,A,-,,W,17,B,,Y,,,G,N,N,D,1,0,1,0,22517.0,2,37.77260233,-122.43413874,3
2014,2014-04-11,1542,4,1,15,5,Y,A,N,A,H,A,A,07,,12,D,,,,,I,Y,N,A,1,0,0,0,21453.0,2,37.78619,-122.44004998,4
2014,2014-04-28,1333,4,1,13,1,N,A,N,A,H,A,A,01,W,03,C,,Y,,,G,N,N,A,1,0,1,0,22350.0,2,37.77645213,-122.41762767,4
2014,2014-04-26,1825,4,1,18,6,N,A,N,A,H,A,-,,E,10,G,Y,,,,B,N,F,A,1,1,0,0,21950.0,2,37.80413228,-122.42513293,4
2014,2014-04-08,1430,4,1,14,2,Y,A,N,A,H,A,A,01,,03,C,,,,,C,Y,N,A,1,0,0,0,22350.0,2,37.7478099,-122.49491991,4
2014,2014-04-18,1320,4,1,13,5,N,A,N,A,H,A,-,,W,03,C,,,,,C,Y,N,D,1,0,0,0,22350.0,2,37.77421154,-122.4364119,4
2014,2014-04-26,1630,4,1,16,6,Y,A,N,A,H,A,C,02,,03,C,,,Y,,C,,N,A,2,0,0,1,22350.0,2,37.77252996,-122.41004996,4
2014,2014-04-11,850,4,1,8,5,N,B,N,A,H,A,L,04,N,- ,B,,Y,,,G,N,N,D,1,0,1,0,,2,37.78031101,-122.40783288,4
2014,2014-04-09,1415,4,1,14,3,Y,A,N,A,B,A,A,01,,09,D,,,,,C,Y,N,A,1,0,0,0,21801.0,2,37.76539989,-122.47832993,3
2014,2014-04-30,621,4,1,6,3,Y,A,N,A,H,B,L,04,,12,D,,Y,,,G,N,N,A,1,0,1,0,21453.0,2,37.78804994,-122.41002995,3
2014,2014-04-12,2354,4,1,23,6,Y,A,N,A,H,C,A,01,,03,C,,,,,C,Y,F,A,1,0,0,0,22350.0,2,37.73735993,-122.42403989,4
2014,2014-04-15,1500,4,1,15,2,Y,A,N,A,H,A,A,01,,12,G,Y,,,,B,N,N,A,1,1,0,0,21453.0,2,37.78092991,-122.41368992,4
2014,2014-04-12,1802,4,1,18,6,Y,A,N,A,H,A,A,01,,08,D,,,,,C,Y,F,A,2,0,0,0,22101.0,2,37.77482995,-122.40095986,3