ACCIDENT_YEAR,COLLISION_DATE,COLLISION_TIME,MONTH,SEASON,24HOURS,DAY_OF_WEEK,INTERSECTION,WEATHER_1,STATE_HWY_IND,ROAD_SURFACE,ROAD_COND_1,LIGHTING,STWD_VEHTYPE_AT_FAULT,CHP_VEHTYPE_AT_FAULT,DIRECTION,PCF_VIOL_CATEGORY,TYPE_OF_COLLISION,PEDESTRIAN_ACCIDENT,BICYCLE_ACCIDENT,MOTORCYCLE_ACCIDENT,TRUCK_ACCIDENT,MVIW,TOW_AWAY,HIT_AND_RUN,CONTROL_DEVICE,NUMBER_INJURED,COUNT_PED_INJURED,COUNT_BICYCLIST_INJURED,COUNT_MC_INJURED,PCF_VIOLATION,PARTY_COUNT,POINT_Y,POINT_X,COLLISION_SEVERITY
2014,2014-07-16,507,7,2,5,3,Y,A,N,A,H,C,L,04,,12,D,,Y,,,G,N,N,A,1,0,1,0,21457.0,2,37.79309997,-122.40113998,4
2014,2014-07-22,1619,7,2,16,2,Y,A,N,A,H,A,A,01,,12,D,,,,,D,Y,F,A,3,0,0,0,22450.0,2,37.73042989,-122.39128996,2
2014,2014-07-06,2252,7,2,22,7,N,A,N,A,H,C,A,01,S,17,G,,Y,,,E,N,N,A,1,0,1,0,22517.0,2,37.78769248,-122.4200842,4
2014,2014-07-25,1725,7,2,17,5,Y,A,N,A,H,A,L,04,,03,C,,Y,,,G,N,N,A,1,0,1,0,22350.0,2,37.796634,-122.3955585,2
2014,2014-07-11,1345,7,2,13,5,Y,A,N,A,H,A,A,01,,10,G,Y,,,,B,N,F,D,1,1,0,0,21950.0,2,37.76509989,-122.4186999,3
2014,2014-07-05,1653,7,2,16,6,Y,A,N,A,H,A,-,- ,,00,D,,,,,C,Y,N,A,1,0,0,0,,2,37.77479993,-122.42429995,4
2014,2014-07-06,1524,7,2,15,7,Y,A,N,A,H,A,A,01,,12,D,,,Y,,C,Y,N,A,2,0,0,1,21453.0,2,37.7766399,-122.43983989,3
2014,2014-07-22,1920,7,2,19,2,Y,A,N,A,H,A,L,04,,12,D,,Y,,,G,N,N,A,1,0,1,0,21453.0,2,37.73482995,-122.39076998,3
2014,2014-07-08,2020,7,2,20,2,Y,A,N,A,H,A,-,- ,,00,D,Y,,,,C,Y,N,A,5,2,0,0,,4,37.76530993,-122.41529991,3
2014,2014-07-05,31,7,2,0,6,Y,A,N,A,H,C,N,60,,11,G,Y,,,,B,Y,N,A,1,1,0,0,21453.0,2,37.79392997,-122.42315986,3
2014,2014-07-05,1620,7,2,16,6,Y,A,N,A,H,A,A,01,,03,C,,,,,C,Y,N,A,2,0,0,0,22350.0,2,37.73799994,-122.40696,4
2014,2014-07-21,2010,7,2,20,1,Y,A,N,A,H,B,L,04,,12,C,,Y,,,E,N,N,A,1,0,1,0,22450.0,2,37.80075994,-122.41430999,3
2014,2014-07-07,2151,7,2,21,1,Y,A,N,A,H,C,A,01,,09,D,,Y,,,G,N,F,A,1,0,1,0,21801.0,2,37.77182999,-122.40165987,3
2014,2014-07-03,2334,7,2,23,4,Y,A,N,A,H,C,-,,,10,G,Y,,,,B,N,N,A,1,1,0,0,21950.0,2,37.79801997,-122.40548993,3
2014,2014-07-27,2006,7,2,20,7,Y,A,N,A,H,A,A,08,,12,D,,,,,C,Y,N,A,1,0,0,0,21453.0,2,37.77527999,-122.41590991,4
2014,2014-07-20,237,7,2,2,7,Y,A,N,A,H,C,-,99,,12,D,,Y,,,G,N,F,A,1,0,1,0,21453.0,2,37.74801998,-122.42247997,4
2014,2014-07-03,1926,7,2,19,4,Y,A,N,A,H,A,A,01,,03,C,,,,,C,Y,N,A,3,0,0,0,22350.0,2,37.78390991,-122.4277799,3
2014,2014-07-03,1700,7,2,17,4,Y,A,N,A,H,A,A,01,,04,C,,,,,C,N,N,A,4,0,0,0,21703.0,2,37.806363,-122.4154395,4
2014,2014-07-27,1729,7,2,17,7,Y,A,N,A,H,A,A,01,,08,D,,,,,C,Y,N,A,2,0,0,0,22107.0,3,37.77232991,-122.48953987,4
2014,2014-07-19,2359,7,2,23,6,Y,A,Y,A,H,C,N,60,,11,G,Y,,,,B,N,N,A,1,1,0,0,21453.0,2,37.80024315,-122.43278753,2
2014,2014-07-01,2207,7,2,22,2,N,A,N,A,H,C,A,07,S,04,C,,,,,C,N,N,D,1,0,0,0,21703.0,2,37.73795629,-122.40714212,4
2014,2014-07-03,902,7,2,9,4,Y,A,N,A,H,A,A,01,,09,D,,,,,C,Y,N,A,1,0,0,0,21801.0,2,37.71866,-122.44135993,4
2014,2014-07-24,1507,7,2,15,4,Y,A,N,A,H,A,A,01,,03,C,,,Y,,C,N,N,A,1,0,0,1,22350.0,2,37.79336989,-122.39881993,4
2014,2014-07-14,1739,7,2,17,1,Y,B,N,A,H,A,A,01,,- ,B,,Y,,,G,N,N,A,1,0,1,0,,2,37.77286996,-122.42220993,3
2014,2014-07-17,952,7,2,9,4,Y,A,N,A,D,A,A,01,,03,D,,,,,E,N,N,A,1,0,0,0,22350.0,3,37.74727994,-122.43368998,3
2014,2014-07-02,2241,7,2,22,3,Y,A,N,A,H,C,A,01,,10,G,Y,,,,B,N,N,A,1,1,0,0,21950.0,2,37.72388993,-122.43540992,4
2014,2014-07-13,1650,7,2,16,7,Y,A,N,A,H,A,A,01,,00,B,,,,,C,Y,F,A,1,0,0,0,23104.0,2,37.76602997,-122.40362997,4
2014,2014-07-13,1700,7,2,17,7,Y,A,N,A,H,A,A,01,,00,A,,,,,D,Y,F,A,1,0,0,0,23104.0,2,37.76403993,-122.39374997,4
2014,2014-07-01,429,7,2,4,2,Y,A,N,A,H,C,N,60,,11,D,Y,,,,B,N,N,A,1,1,0,0,21955.0,2,37.71284996,-122.47276985,4
2014,2014-07-01,1750,7,2,17,2,Y,-,N,A,H,A,A,01,,08,B,,Y,,,G,N,N,D,1,0,1,0,22107.0,2,37.76760989,-122.42893989,3
2014,2014-07-13,1500,7,2,15,7,Y,A,N,A,H,A,-,,,09,D,,,,,C,N,N,A,1,0,0,0,21801.0,2,37.77748991,-122.43320989,4
2014,2014-07-13,1655,7,2,16,7,Y,A,N,A,H,A,A,08,,12,D,,,,,C,Y,N,A,1,0,0,0,21453.0,2,37.71866,-122.44135993,2
2014,2014-07-28,957,7,2,9,1,Y,A,N,A,H,A,-,- ,,00,C,,Y,,,G,N,N,A,1,0,1,0,,2,37.77870988,-122.41475996,4
2014,2014-07-02,1436,7,2,14,3,Y,A,N,A,H,A,L,04,,12,D,,Y,,,G,N,N,A,1,0,1,0,22450.0,2,37.72922992,-122.41520998,4
2014,2014-07-14,736,7,2,7,1,Y,A,N,A,H,A,A,01,,08,A,,,,,C,Y,N,A,2,0,0,0,22107.0,2,37.78807993,-122.44045,4
2014,2014-07-13,1638,7,2,16,7,Y,A,N,A,H,A,A,01,,09,D,,Y,,,G,N,N,A,1,0,1,0,21800.0,2,37.76604,-122.47737996,3
2014,2014-07-21,1450,7,2,14,1,Y,A,N,A,H,A,A,01,,03,F,,,,,I,Y,N,D,2,0,0,0,22350.0,1,37.71877993,-122.41851986,4
2014,2014-07-26,1559,7,2,15,6,Y,A,N,A,H,A,A,01,,- ,G,Y,,,,B,N,N,A,1,1,0,0,,2,37.77623993,-122.41471988,4
2014,2014-07-17,1751,7,2,17,4,Y,A,N,A,H,A,-,99,,09,D,,,Y,,C,N,F,A,1,0,0,1,21802.0,2,37.80440994,-122.41606986,3
2014,2014-07-02,1600,7,2,16,3,N,A,N,A,H,A,N,60,W,11,G,Y,,,,B,N,N,A,2,2,0,0,21955.0,3,37.80856824,-122.41281762,4
2014,2014-07-21,1345,7,2,13,1,Y,A,N,A,H,A,N,60,,10,G,Y,,,,B,N,N,A,1,1,0,0,21950.0,2,37.78437996,-122.40929991,4
2014,2014-07-19,1237,7,2,12,6,N,A,N,A,H,A,L,04,N,12,D,,Y,,,G,N,N,D,1,0,1,0,22450.0,2,37.77076643,-122.42490381,4
2014,2014-07-07,1404,7,2,14,1,Y,A,N,A,H,A,L,04,,09,D,,Y,,,G,N,N,A,1,0,1,0,21802.0,2,37.76478999,-122.49223986,3
2014,2014-07-01,1425,7,2,14,2,N,B,N,A,H,A,A,01,W,03,D,,,,,C,N,N,D,2,0,0,0,22350.0,3,37.72181617,-122.46167528,4
2014,2014-07-27,1953,7,2,19,7,N,A,N,A,H,A,N,60,W,11,G,Y,,,,B,N,F,D,1,1,0,0,21955.0,3,37.79829621,-122.44098804,2
2014,2014-07-07,1600,7,2,16,1,N,A,N,A,H,A,A,07,S,21,C,,,,,C,N,N,A,1,0,0,0,22106.0,2,37.7682215,-122.41996371,4
2014,2014-07-13,243,7,2,2,7,Y,A,N,A,H,C,-,,,12,D,,,,,C,N,F,A,2,0,0,0,21453.0,2,37.79160999,-122.41245997,4
2014,2014-07-17,1808,7,2,18,4,Y,A,N,A,H,A,N,,,11,G,Y,,,Y,B,N,N,A,1,1,0,0,21453.0,2,37.71196996,-122.40317999,4
2014,2014-07-11,1658,7,2,16,5,N,A,N,A,H,A,-,99,W,03,C,,,,,C,N,F,A,1,0,0,0,22350.0,2,37.78754016,-122.40673375,4
2014,2014-07-13,1330,7,2,13,7,N,A,Y,A,H,A,A,01,N,07,B,,,,,E,Y,N,D,1,0,0,0,21658.0,2,37.72274704,-122.47504079,4
2014,2014-07-13,37,7,2,0,7,Y,A,N,A,H,C,A,07,,03,F,,,,,C,Y,F,A,2,0,0,0,22350.0,2,37.79150996,-122.4057199,3
2014,2014-07-08,149,7,2,1,2,Y,A,N,A,H,C,A,01,,12,D,,,Y,,C,Y,N,A,1,0,0,1,21453.0,2,37.78752992,-122.42183987,3
2014,2014-07-26,2006,7,2,20,6,N,A,N,A,H,A,A,01,E,09,D,,,Y,,C,Y,N,D,1,0,0,1,21804.0,3,37.76635606,-122.42506606,4
2014,2014-07-14,1135,7,2,11,1,N,A,N,A,H,A,C,02,N,08,D,,,Y,,C,N,N,D,1,0,0,1,22107.0,2,37.8043363,-122.43189633,4
2014,2014-07-13,1736,7,2,17,7,Y,A,N,A,H,A,L,04,,12,A,,Y,,,G,N,N,A,1,0,1,0,21453.0,2,37.77310998,-122.41862997,4
2014,2014-07-07,1838,7,2,18,1,Y,A,N,A,H,A,A,07,,09,F,,,,,C,Y,N,D,4,0,0,0,21802.0,2,37.72878995,-122.43452995,3
2014,2014-07-26,1540,7,2,15,6,N,A,N,A,H,A,A,01,N,08,G,Y,,,,B,N,N,D,2,2,0,0,22107.0,3,37.75109982,-122.41722511,4
2014,2014-07-13,303,7,2,3,7,N,B,N,B,H,C,N,60,S,- ,G,Y,,,,B,N,N,A,1,1,0,0,,2,37.76773374,-122.42213837,3
2014,2014-07-12,1300,7,2,13,6,Y,A,N,A,H,A,A,01,,12,D,,,,,C,Y,N,A,1,0,0,0,21453.0,2,37.78566992,-122.45920995,4
2014,2014-07-18,900,7,2,9,5,N,A,N,A,H,A,A,07,S,02,B,,Y,,,G,N,N,D,1,0,1,0,21211.0,2,37.77652786,-122.39572496,4
2014,2014-07-26,240,7,2,2,6,N,A,N,A,H,C,A,01,S,03,C,,,,,E,N,N,D,1,0,0,0,22350.0,2,37.75246532,-122.44276242,3
2014,2014-07-12,1748,7,2,17,6,N,A,Y,A,H,A,A,01,S,03,C,,,,,C,Y,N,A,1,0,0,0,22350.0,2,37.76513716,-122.47725711,4
2014,2014-07-12,1155,7,2,11,6,Y,A,N,A,H,A,A,01,,12,D,,,,,C,Y,N,A,3,0,0,0,21453.0,3,37.78520991,-122.39405988,3
2014,2014-07-28,1132,7,2,11,1,N,A,N,A,H,A,L,04,E,09,D,,Y,,,G,N,N,D,1,0,1,0,21804.0,2,37.77127,-122.38661,4
2014,2014-07-25,1745,7,2,17,5,N,A,N,A,H,B,-,- ,W,08,B,,Y,,,G,N,N,A,1,0,1,0,22107.0,2,37.7733621,-122.40900731,3
2014,2014-07-12,1550,7,2,15,6,N,A,N,A,H,A,C,02,E,03,D,,,Y,,C,N,N,A,1,0,0,1,22350.0,2,37.74822264,-122.41564324,4
2014,2014-07-12,1038,7,2,10,6,Y,A,N,A,H,A,A,07,,09,D,,,,,C,N,N,A,1,0,0,0,21802.0,2,37.72514993,-122.42689993,4
2014,2014-07-20,2330,7,2,23,7,N,A,N,A,H,C,A,01,W,01,C,,,,,C,Y,N,A,1,0,0,0,23152.0,2,37.77300629,-122.41867575,4
2014,2014-07-24,2024,7,2,20,4,N,A,N,A,H,C,A,07,S,03,C,,,,,C,N,N,A,2,0,0,0,22350.0,4,37.74174096,-122.49449704,4
2014,2014-07-12,1530,7,2,15,6,Y,A,N,A,H,A,-,- ,,00,B,,,Y,,E,Y,N,D,1,0,0,1,,2,37.73548133,-122.42464453,4
2014,2014-07-12,108,7,2,1,6,Y,A,N,A,H,C,N,60,,11,G,Y,,,,B,N,N,A,1,1,0,0,21955.0,2,37.78139999,-122.40920997,4
2014,2014-07-17,2015,7,2,20,4,N,A,N,A,H,A,A,01,E,03,G,Y,,,,B,N,N,D,1,1,0,0,22350.0,2,37.80182607,-122.42090868,4
2014,2014-07-24,1728,7,2,17,4,N,A,N,A,H,A,L,04,S,03,C,,Y,,,G,N,N,D,1,0,1,0,22350.0,2,37.76465521,-122.42186626,3
2014,2014-07-11,950,7,2,9,5,N,A,N,A,H,A,-,,S,08,D,,,,,C,N,N,D,1,0,0,0,22107.0,2,37.79938337,-122.40119162,4
2014,2014-07-12,1,7,2,0,6,Y,A,N,A,H,C,N,60,,11,G,Y,,,,B,N,F,D,1,1,0,0,21954.0,2,37.78176991,-122.40966991,3
2014,2014-07-17,1700,7,2,17,4,N,A,N,A,H,A,A,07,S,08,B,,,,,C,N,N,A,1,0,0,0,22107.0,2,37.76917879,-122.40788,4
2014,2014-07-24,1615,7,2,16,4,N,A,N,A,H,A,L,04,N,03,B,,Y,,,G,N,N,D,1,0,1,0,22350.0,2,37.79083575,-122.42073429,3
2014,2014-07-10,1711,7,2,17,4,N,A,N,A,H,A,A,07,S,03,C,,,,,C,Y,N,A,1,0,0,0,22350.0,3,37.72679275,-122.47504675,4
2014,2014-07-11,2100,7,2,21,5,Y,A,N,A,H,C,-,- ,,00,D,,,,,C,Y,N,A,1,0,0,0,,2,37.79127989,-122.42257997,3
2014,2014-07-31,915,7,2,9,4,N,A,N,A,H,A,L,04,E,03,C,,Y,,,G,N,N,D,1,0,1,0,22350.0,2,37.77961007,-122.43152948,3
2014,2014-07-23,1517,7,2,15,3,N,A,N,A,H,A,A,01,N,07,B,,,Y,,C,N,N,D,1,0,0,1,21658.0,2,37.77521873,-122.40144918,4
2014,2014-07-09,2030,7,2,20,3,N,A,N,A,H,C,-,99,W,03,C,,,,,E,N,F,D,1,0,0,0,22350.0,2,37.75408916,-122.4147259,4
2014,2014-07-11,1840,7,2,18,5,Y,A,N,A,H,A,A,01,,10,G,Y,,,,B,N,N,A,1,1,0,0,21950.0,2,37.77894999,-122.46734995,3
2014,2014-07-29,1931,7,2,19,2,N,A,N,A,H,A,-,,S,17,B,,Y,,,G,N,N,A,1,0,1,0,22517.0,3,37.76414289,-122.42181853,4
2014,2014-07-23,1538,7,2,15,3,N,A,N,A,H,A,A,01,W,21,G,Y,,,,B,N,N,D,1,1,0,0,22106.0,2,37.78283437,-122.4083365,4
2014,2014-07-09,704,7,2,7,3,N,A,N,A,H,A,-,,E,17,-,,Y,,,G,Y,N,D,1,0,1,0,22517.0,2,,,4
2014,2014-07-11,1730,7,2,17,5,Y,A,N,A,H,A,C,02,,10,G,Y,,Y,,B,N,N,D,1,1,0,0,21950.0,2,37.76746996,-122.43339986,4
2014,2014-07-28,1625,7,2,16,1,N,A,N,A,H,A,A,01,,03,D,,,,,D,N,N,D,1,0,0,0,22350.0,2,37.77223703,-122.40421593,4
2014,2014-07-23,915,7,2,9,3,N,A,N,A,H,A,-,- ,E,18,H,,Y,,,G,N,N,D,1,0,1,0,,2,37.78814992,-122.40281472,3
2014,2014-07-08,1150,7,2,11,2,N,B,N,A,H,A,A,01,N,13,D,,,,,E,N,N,D,1,0,0,0,22515.0,2,37.74085955,-122.48949418,4
2014,2014-07-11,1555,7,2,15,5,Y,A,N,A,H,A,-,- ,,00,A,,,,,C,Y,N,A,2,0,0,0,,2,37.77482995,-122.40095986,4
2014,2014-07-28,1511,7,2,15,1,N,A,N,A,H,A,A,01,W,08,F,,,,,E,Y,N,D,1,0,0,0,22107.0,2,37.80108741,-122.42637426,4
2014,2014-07-22,1903,7,2,19,2,N,A,N,A,H,A,N,60,S,11,G,Y,,,,B,N,N,A,1,1,0,0,21954.0,2,37.71169638,-122.41881,4
2014,2014-07-27,332,7,2,3,7,N,A,N,A,H,A,A,01,E,17,H,,Y,,,G,N,N,D,1,0,1,0,22517.0,2,37.73036208,-122.37284601,4
2014,2014-07-11,847,7,2,8,5,Y,A,N,A,H,A,A,08,,03,D,,,,,C,Y,N,A,2,0,0,0,22350.0,3,37.71643748,-122.40805864,3
2014,2014-07-17,1523,7,2,15,4,N,A,N,A,H,A,A,08,S,09,D,,,,,C,N,N,D,1,0,0,0,21804.0,2,37.72819198,-122.43183171,4
2014,2014-07-22,1812,7,2,18,2,N,A,N,A,H,A,A,01,W,09,A,,,Y,,C,Y,N,A,1,0,0,1,21801.0,2,37.78266701,-122.42246393,4
2014,2014-07-07,1257,7,2,12,1,N,A,N,A,H,A,A,01,N,21,G,Y,,,,B,N,N,D,1,1,0,0,22106.0,2,37.78127111,-122.46430087,4
2014,2014-07-11,905,7,2,9,5,Y,A,N,A,H,A,A,01,,09,D,,Y,,,G,N,N,A,1,0,1,0,21801.0,2,37.75142998,-122.4318699,4
2014,2014-07-17,1302,7,2,13,4,N,A,N,A,H,A,A,08,,17,A,,Y,,,G,N,N,D,1,0,1,0,22517.0,2,37.78174815,-122.45346576,3
2014,2014-07-22,1818,7,2,18,2,N,A,N,A,H,A,A,01,S,08,B,,Y,,,G,N,F,A,1,0,1,0,22107.0,2,37.76625906,-122.41978159,3
2014,2014-07-06,843,7,2,8,7,N,A,N,A,H,A,A,01,S,03,E,,,,,E,Y,N,D,1,0,0,0,22350.0,2,37.7488373,-122.38758573,4
2014,2014-07-11,745,7,2,7,5,Y,A,N,A,H,A,A,01,,03,B,,,,,C,,N,A,1,0,0,0,22350.0,2,37.72852995,-122.39299986,4
2014,2014-07-16,751,7,2,7,3,N,B,N,D,-,A,-,- ,W,18,H,,,Y,,A,N,N,D,1,0,0,1,,1,37.76809607,-122.50071888,3
2014,2014-07-22,1650,7,2,16,2,N,A,N,A,H,A,A,01,N,03,C,,,,,C,N,N,A,2,0,0,0,22350.0,2,37.78080785,-122.41533342,4
2014,2014-07-20,1900,7,2,19,7,N,A,N,A,H,A,N,60,E,11,B,Y,,,,B,N,N,D,1,1,0,0,21954.0,2,37.76179431,-122.42002795,4
2014,2014-07-11,542,7,2,5,5,Y,C,N,B,H,B,A,01,,03,E,,,,,I,Y,N,A,1,0,0,0,22350.0,1,37.771182,-122.479452,3
2014,2014-07-16,600,7,2,6,3,N,C,N,B,H,B,A,08,N,10,G,Y,,,,B,N,N,A,1,1,0,0,21950.0,2,37.7721588,-122.44576477,4
2014,2014-07-03,1500,7,2,15,4,N,A,N,A,H,A,N,60,W,11,G,Y,,,,B,N,N,A,1,1,0,0,21955.0,2,37.79700749,-122.40592949,4
2014,2014-07-25,1753,7,2,17,5,N,A,N,A,H,A,A,01,N,17,B,,Y,,,G,N,N,D,1,0,1,0,22517.0,2,37.75969295,-122.43489358,3
2014,2014-07-11,10,7,2,0,5,Y,A,N,A,H,C,A,01,,12,D,,,,,C,Y,N,A,2,0,0,0,21453.0,2,37.79160999,-122.41245997,4
2014,2014-07-15,1848,7,2,18,2,N,A,N,A,H,A,A,01,S,04,B,,,Y,,D,N,N,A,1,0,0,1,21703.0,2,37.78610187,-122.41810827,4
2014,2014-07-03,1435,7,2,14,4,N,A,N,A,H,A,-,99,N,08,H,,Y,,,G,N,F,A,1,0,1,0,22107.0,2,37.77212545,-122.43045084,4
2014,2014-06-29,2312,6,2,23,7,Y,A,N,A,H,C,A,01,,12,D,,,,,C,Y,M,A,1,0,0,0,22450.0,3,37.73155999,-122.39864987,4
2014,2014-07-10,1851,7,2,18,4,Y,A,N,A,H,A,A,01,,09,D,,,,,C,Y,N,A,1,0,0,0,21802.0,2,37.77878996,-122.41037994,4
2014,2014-07-16,2130,7,2,21,3,N,A,N,A,H,C,A,01,S,08,B,,Y,,,G,N,F,A,1,0,1,0,22107.0,2,37.78694176,-122.39988592,4
2014,2014-07-07,410,7,2,4,1,Y,A,N,A,H,C,A,01,,12,D,,,,,C,N,N,A,1,0,0,0,21453.0,2,37.78335997,-122.43947989,4
2014,2014-06-25,725,6,2,7,3,Y,B,N,A,H,A,N,,,12,G,Y,,,Y,B,N,N,A,1,1,0,0,21453.0,2,37.78286998,-122.42089998,3
2014,2014-07-14,700,7,2,7,1,N,A,N,A,H,A,A,01,W,08,C,,Y,,,G,N,N,D,1,0,1,0,22107.0,2,37.76703417,-122.42964352,4
2014,2014-07-18,38,7,2,0,5,N,A,N,A,H,C,A,01,N,05,A,,,,,C,Y,N,D,1,0,0,0,21651.0,2,37.7318,-122.42596,4
2014,2014-07-08,552,7,2,5,2,N,B,N,A,H,B,A,01,S,01,E,,,,,I,Y,N,A,1,0,0,0,23152.0,1,37.7163548,-122.44103313,2
2014,2014-06-26,1445,6,2,14,4,N,A,N,A,H,A,-,,E,13,H,,,,,E,N,N,A,1,0,0,0,22515.0,2,37.78741983,-122.40769629,4
2014,2014-06-14,1206,6,2,12,6,Y,A,N,A,H,A,A,01,,12,D,,,,,C,Y,N,A,2,0,0,0,21453.0,2,37.7932299,-122.39997992,4
2014,2014-06-24,1550,6,2,15,2,Y,A,N,A,H,A,A,01,,12,D,,,,,C,N,F,A,1,0,0,0,22450.0,2,37.74480989,-122.45684993,4
2014,2014-06-13,1607,6,2,16,5,N,A,N,A,H,A,L,04,W,03,C,,Y,,,G,N,N,A,1,0,1,0,22350.0,2,37.74294795,-122.47788529,4
2014,2014-06-14,1820,6,2,18,6,Y,A,N,A,H,A,A,01,,12,D,,,,,C,Y,N,A,3,0,0,0,21453.0,2,37.77416998,-122.42912999,3
2014,2014-06-17,1350,6,2,13,2,Y,A,N,A,H,A,N,60,,11,G,Y,,,,B,N,N,A,1,1,0,0,21950.0,2,37.78320988,-122.41077986,4
2014,2014-06-23,2108,6,2,21,1,Y,A,N,A,H,A,-,,,10,G,Y,,,,B,N,M,A,1,1,0,0,21950.0,2,37.75173998,-122.40619992,3
2014,2014-06-12,1922,6,2,19,4,N,A,N,A,H,A,A,01,E,17,G,Y,,,,B,N,F,A,1,1,0,0,21663.0,2,37.72900927,-122.41591785,4
2014,2014-06-13,2302,6,2,23,5,Y,A,N,A,H,C,-,,,10,D,,Y,,,G,N,N,A,1,0,1,0,21950.0,2,37.72913998,-122.39242995,4
2014,2014-06-17,1610,6,2,16,2,Y,A,N,A,H,A,N,60,,11,D,Y,,,,B,N,N,A,1,1,0,0,21453.0,2,37.7521099,-122.42064999,3
2014,2014-06-25,1733,6,2,17,3,Y,A,N,A,D,A,A,01,,04,C,,,,,C,Y,M,A,1,0,0,0,21703.0,2,37.78621995,-122.3989899,4
2014,2014-06-12,1704,6,2,17,4,Y,A,N,A,H,A,L,04,,06,B,,Y,,,G,N,N,A,1,0,1,0,21754.0,2,37.74726995,-122.45918995,4
2014,2014-06-13,2017,6,2,20,5,Y,A,N,A,H,A,L,04,,03,C,,Y,,,G,N,N,A,1,0,1,0,22350.0,2,37.76801994,-122.42440985,3
2014,2014-06-29,412,6,2,4,7,Y,A,N,A,H,C,A,07,,01,D,,,,,C,,N,A,1,0,0,0,23152.0,3,37.78890996,-122.43381987,4
2014,2014-06-23,1651,6,2,16,1,Y,A,N,A,H,A,A,01,,09,D,,Y,,,G,N,N,A,1,0,1,0,21801.0,2,37.77975995,-122.4302999,4
2014,2014-06-07,920,6,2,9,6,Y,A,N,A,H,A,-,,,12,D,,,,,C,Y,N,A,2,0,0,0,21453.0,2,37.79225996,-122.39976986,4
2014,2014-06-26,1730,6,2,17,4,N,-,N,-,-,A,N,60,E,11,G,Y,,Y,,B,N,N,-,2,1,0,1,21954.0,2,37.77616008,-122.39619491,4
2014,2014-06-28,1551,6,2,15,6,Y,A,N,A,H,A,A,01,,08,B,,Y,,,G,N,N,A,1,0,1,0,22107.0,2,37.78026997,-122.40339986,4
2014,2014-06-23,144,6,2,1,1,Y,A,N,A,H,-,L,04,,12,D,,Y,,,G,N,N,A,1,0,1,0,21453.0,2,37.77498989,-122.41004988,3
2014,2014-06-04,600,6,2,6,3,Y,B,N,A,H,A,L,04,,12,D,,Y,,,G,N,N,A,1,0,1,0,21453.0,2,37.77313993,-122.43742995,3
2014,2014-06-26,1620,6,2,16,4,N,A,N,A,H,A,A,08,N,08,H,,,Y,,J,N,N,A,1,0,0,1,22107.0,2,37.76554149,-122.477337,3
2014,2014-06-25,1005,6,2,10,3,Y,A,N,A,H,A,A,07,,09,D,,,,,C,Y,N,A,3,0,0,0,21453.0,2,37.7088999,-122.40522988,4
2014,2014-06-22,1422,6,2,14,7,Y,A,N,A,H,A,A,01,,12,D,,,,,C,Y,N,A,2,0,0,0,21453.0,2,37.7807799,-122.39962994,4
2014,2014-06-05,1300,6,2,13,4,Y,A,N,A,H,A,L,04,,08,D,,Y,,,G,N,N,A,1,0,1,0,22101.0,2,37.76814989,-122.42217989,2
2014,2014-06-26,507,6,2,5,4,N,A,N,A,H,C,-,,S,09,G,Y,,,,B,N,F,D,1,1,0,0,21804.0,2,37.79119381,-122.39765934,4
2014,2014-06-30,1240,6,2,12,1,Y,A,N,A,H,A,C,02,,03,H,,,Y,,A,N,N,A,1,0,0,1,22350.0,1,37.76952,-122.41558999,4
2014,2014-06-21,158,6,2,1,6,Y,A,Y,A,H,C,N,60,,11,G,Y,,Y,,B,N,N,A,2,1,0,1,21955.0,2,37.78537467,-122.42140793,2
2014,2014-06-05,21,6,2,0,4,Y,A,N,A,D,C,A,01,,12,D,,,,,C,Y,N,A,2,0,0,0,21453.0,2,37.78712,-122.44023993,4
2014,2014-06-12,425,6,2,4,4,N,F,Y,B,H,C,A,01,W,03,E,,,,,I,Y,N,D,1,0,0,0,22350.0,1,37.77110804,-122.47949781,4
2014,2014-06-27,1930,6,2,19,5,Y,A,N,A,H,A,-,- ,,00,B,,,,,C,N,N,D,1,0,0,0,,2,37.73482995,-122.41083997,4
2014,2014-06-20,1930,6,2,19,5,Y,A,N,A,H,C,A,07,,09,B,,,Y,,C,N,N,D,1,0,0,1,21804.0,2,37.7908699,-122.41061996,4
2014,2014-06-04,1240,6,2,12,3,Y,B,N,A,H,A,-,- ,,00,D,,,,,C,Y,N,A,1,0,0,0,,2,37.77542991,-122.50376995,4
2014,2014-06-07,844,6,2,8,6,N,A,N,A,H,B,N,60,W,11,G,Y,,,,B,N,N,A,1,1,0,0,21955.0,2,37.79816766,-122.4043512,3
2014,2014-06-27,2056,6,2,20,5,Y,A,N,A,H,C,C,,,03,B,,,Y,,C,N,N,D,2,0,0,2,22350.0,3,37.73103993,-122.42960991,4
2014,2014-06-20,1507,6,2,15,5,N,A,N,A,H,A,A,07,W,17,G,,,,,C,N,N,D,1,0,0,0,22517.0,2,37.80536612,-122.41561983,4
2014,2014-06-03,2300,6,2,23,2,Y,-,N,-,-,-,A,01,,10,G,Y,,,,B,N,N,D,2,2,0,0,21950.0,3,37.80111999,-122.41135999,3
2014,2014-06-03,1738,6,2,17,2,N,A,N,A,H,A,N,60,E,11,D,Y,,,,B,N,N,A,1,1,0,0,21456.0,2,37.78425206,-122.41770289,4
2014,2014-06-27,1915,6,2,19,5,N,A,N,A,H,B,-,99,N,03,C,,,,,C,N,F,A,1,0,0,0,22350.0,2,37.77183324,-122.42531998,4
2014,2014-06-20,757,6,2,7,5,Y,A,N,A,H,A,A,01,,10,-,Y,,,,B,N,N,-,1,1,0,0,21950.0,2,37.78454998,-122.42282988,4
2014,2014-06-03,1842,6,2,18,2,Y,A,N,A,H,B,A,01,,10,G,Y,,,,B,N,N,A,1,1,0,0,21950.0,2,37.78118998,-122.4621499,4
2014,2014-06-02,1303,6,2,13,1,N,A,N,A,H,A,A,01,E,03,C,,,,,C,Y,N,D,1,0,0,0,22350.0,6,37.74011975,-122.46237581,4