ACCIDENT_YEAR,COLLISION_DATE,COLLISION_TIME,MONTH,SEASON,24HOURS,DAY_OF_WEEK,INTERSECTION,WEATHER_1,STATE_HWY_IND,ROAD_SURFACE,ROAD_COND_1,LIGHTING,STWD_VEHTYPE_AT_FAULT,CHP_VEHTYPE_AT_FAULT,DIRECTION,PCF_VIOL_CATEGORY,TYPE_OF_COLLISION,PEDESTRIAN_ACCIDENT,BICYCLE_ACCIDENT,MOTORCYCLE_ACCIDENT,TRUCK_ACCIDENT,MVIW,TOW_AWAY,HIT_AND_RUN,CONTROL_DEVICE,NUMBER_INJURED,COUNT_PED_INJURED,COUNT_BICYCLIST_INJURED,COUNT_MC_INJURED,PCF_VIOLATION,PARTY_COUNT,POINT_Y,POINT_X,COLLISION_SEVERITY
2014,2014-10-23,1145,10,3,11,4,N,A,N,A,H,A,A,01,W,17,H,,Y,,,G,N,N,D,1,0,1,0,22517.0,2,37.74782532,-122.42560212,4
2014,2014-10-09,2045,10,3,20,4,Y,A,N,A,H,A,-,- ,,- ,B,Y,,,,B,N,N,A,2,2,0,0,,3,37.79372996,-122.42467989,4
2014,2014-10-04,2145,10,3,21,6,Y,A,N,A,H,C,A,01,,03,C,,,,,C,N,F,A,1,0,0,0,22350.0,2,37.76402992,-122.51036993,4
2014,2014-10-31,1636,10,3,16,5,N,A,N,B,H,A,A,01,W,08,G,Y,,,,B,N,F,D,1,1,0,0,22107.0,2,37.76567533,-122.40900851,4
2014,2014-10-23,2105,10,3,21,4,Y,A,N,A,H,C,A,01,,12,D,,,,,C,N,N,A,1,0,0,0,21453.0,2,37.78266998,-122.42243998,4
2014,2014-10-10,734,10,3,7,5,N,B,N,A,H,A,A,01,E,05,D,,Y,,,G,N,N,A,1,0,1,0,21460.0,2,37.78037322,-122.41787081,3
2014,2014-10-05,22,10,3,0,7,N,A,N,A,H,C,A,01,S,17,B,,Y,,,G,N,N,D,1,0,1,0,22517.0,2,37.77758149,-122.43831516,4
2014,2014-10-02,820,10,3,8,4,Y,A,N,A,H,A,A,01,,06,G,Y,,,,B,N,N,D,1,1,0,0,21951.0,2,37.77453996,-122.45629996,2
2014,2014-10-24,612,10,3,6,5,N,A,N,A,H,C,A,01,S,17,G,Y,,,,B,N,N,A,1,1,0,0,21451.0,2,37.76913638,-122.45352773,4
2014,2014-10-10,1323,10,3,13,5,N,A,N,A,H,A,A,01,E,03,C,,,,,C,Y,N,A,1,0,0,0,22350.0,3,37.78018531,-122.39418727,4
2014,2014-10-04,825,10,3,8,6,Y,A,N,A,H,A,A,01,,- ,G,Y,,,,B,N,N,D,1,1,0,0,,2,37.73208996,-122.40676996,4
2014,2014-10-03,1215,10,3,12,5,Y,A,N,A,H,A,L,04,,05,D,,Y,,,G,N,N,D,1,0,1,0,21650.0,2,37.77928994,-122.39221988,3
2014,2014-10-24,917,10,3,9,5,Y,A,N,A,H,A,-,- ,,00,D,,Y,,,G,N,N,A,1,0,1,0,,2,37.79608996,-122.41335987,3
2014,2014-10-10,1352,10,3,13,5,N,A,N,A,H,A,L,,S,03,B,,Y,,,G,N,N,D,1,0,1,0,22350.0,2,37.74649138,-122.41351801,3
2014,2014-10-03,1130,10,3,11,5,Y,A,N,A,H,A,C,02,,12,D,,Y,Y,,G,N,M,A,1,0,1,0,22450.0,2,37.77241995,-122.43557997,4
2014,2014-10-24,1101,10,3,11,5,N,A,Y,A,H,A,A,01,S,07,B,,,,,D,Y,N,A,1,0,0,0,21658.0,4,37.78850055,-122.42185763,4
2014,2014-10-10,1357,10,3,13,5,N,A,N,A,H,A,N,60,E,11,G,Y,,,,B,N,N,D,1,1,0,0,21955.0,2,37.73388219,-122.43404213,2
2014,2014-10-05,1615,10,3,16,7,Y,A,N,A,H,A,A,01,,10,G,Y,,,,B,N,N,A,1,1,0,0,21950.0,2,37.78629998,-122.43161986,2
2014,2014-10-03,1040,10,3,10,5,N,A,N,A,H,A,N,60,E,11,G,Y,,Y,,B,N,N,D,2,1,0,1,21955.0,2,37.78191138,-122.41353884,3
2014,2014-10-24,2142,10,3,21,5,Y,A,N,A,H,C,C,02,,03,D,,,Y,,C,Y,N,A,1,0,0,1,22350.0,2,37.72675993,-122.43605999,2
2014,2014-10-10,1900,10,3,19,5,N,B,N,A,H,C,A,01,E,06,B,,,,,C,Y,N,D,1,0,0,0,21755.0,2,37.76189415,-122.44495893,4
2014,2014-10-06,620,10,3,6,1,Y,A,N,A,H,C,A,01,,08,G,Y,,,,B,N,N,A,1,1,0,0,22107.0,2,37.7276399,-122.40360991,3
2014,2014-10-02,1745,10,3,17,4,Y,A,N,A,H,A,C,02,,17,C,,Y,Y,,G,N,M,D,1,0,1,0,21209.0,2,37.78949999,-122.38860987,3
2014,2014-10-25,2,10,3,0,6,N,A,N,A,G,C,A,01,W,05,B,,,,,C,Y,N,D,2,0,0,0,21650.0,3,37.7626053,-122.43341878,3
2014,2014-10-11,118,10,3,1,6,Y,A,N,A,H,C,-,- ,,00,D,,,,,C,Y,N,A,2,0,0,0,,2,37.77479993,-122.42429995,3
2014,2014-10-06,757,10,3,7,1,Y,A,N,A,H,A,A,01,,04,C,,,,,C,Y,N,A,1,0,0,0,21703.0,2,37.76812996,-122.43931999,4
2014,2014-10-02,1931,10,3,19,4,Y,A,N,A,H,C,A,01,,17,B,,Y,,,G,N,N,A,1,0,1,0,22517.0,2,37.79034996,-122.42240999,3
2014,2014-10-25,412,10,3,4,6,Y,B,N,A,H,C,A,01,,17,E,,,,,I,Y,N,A,1,0,0,0,21663.0,1,37.77958993,-122.41675988,3
2014,2014-10-11,1430,10,3,14,6,Y,A,N,A,H,A,A,,,09,D,,,,,C,N,N,A,2,0,0,0,21802.0,2,37.74064994,-122.42306999,4
2014,2014-10-02,1230,10,3,12,4,Y,A,N,A,H,A,A,01,,07,D,,,,,C,Y,N,A,1,0,0,0,21658.0,2,37.72494994,-122.46122996,4
2014,2014-10-02,914,10,3,9,4,Y,A,N,A,H,A,C,03,,03,C,,,Y,,C,Y,N,D,1,0,0,1,22350.0,2,,,3
2014,2014-10-25,2020,10,3,20,6,Y,A,N,B,H,C,A,01,,07,D,,,Y,,C,Y,N,A,1,0,0,1,21658.0,2,37.76787993,-122.42676988,4
2014,2014-10-03,1540,10,3,15,5,N,A,N,A,H,A,N,60,E,11,G,Y,,,,B,N,F,A,1,1,0,0,21453.0,2,37.72820103,-122.46766125,3
2014,2014-10-02,859,10,3,8,4,Y,A,N,A,H,A,A,01,,09,D,,,,,C,Y,N,A,2,0,0,0,21802.0,2,37.77555995,-122.45959993,4
2014,2014-10-17,1933,10,3,19,5,Y,A,N,A,H,C,A,01,,12,D,,,,,C,Y,N,A,1,0,0,0,21453.0,2,37.78525999,-122.46243987,4
2014,2014-10-02,1436,10,3,14,4,Y,A,N,A,H,A,A,01,,07,D,,,,,C,Y,N,A,2,0,0,0,21658.0,2,37.73553994,-122.5030899,3
2014,2014-10-13,1330,10,3,13,1,Y,A,N,A,H,A,A,01,,08,D,,Y,,,G,N,N,A,1,0,1,0,22107.0,2,37.78682996,-122.4198999,4
2014,2014-10-17,1901,10,3,19,5,Y,A,N,A,H,C,A,07,,10,G,Y,,,,B,N,N,A,1,1,0,0,21950.0,2,37.77304998,-122.40320996,4
2014,2014-10-14,329,10,3,3,2,Y,A,N,A,H,C,A,01,,12,D,,,,,C,Y,F,A,4,0,0,0,21453.0,2,37.77479993,-122.42429995,2
2014,2014-10-02,1657,10,3,16,4,Y,A,N,A,H,A,A,01,,10,G,Y,,,,B,N,N,A,1,1,0,0,21950.0,2,37.78547989,-122.42301989,2
2014,2014-10-04,1034,10,3,10,6,N,A,N,A,H,A,A,01,W,03,C,,,,,C,N,N,D,1,0,0,0,22350.0,2,37.78827577,-122.43888332,4
2014,2014-10-02,1932,10,3,19,4,N,A,N,A,H,C,N,60,E,11,G,Y,,,,B,N,N,A,1,1,0,0,21956.0,2,37.74804912,-122.42181676,4
2014,2014-10-04,1004,10,3,10,6,N,A,N,A,H,A,N,60,S,11,G,Y,,,,B,N,N,A,1,1,0,0,21950.0,2,37.76457254,-122.49653888,3
2014,2014-10-02,2323,10,3,23,4,Y,A,N,A,H,C,A,01,,12,D,,,,,C,Y,N,A,1,0,0,0,21453.0,2,37.77376989,-122.41160992,4
2014,2014-10-04,1430,10,3,14,6,N,A,N,A,H,A,-,- ,N,03,C,,,,,C,Y,N,A,1,0,0,0,22350.0,2,37.76013111,-122.4768622,3
2014,2014-10-03,900,10,3,9,5,Y,A,N,A,H,A,A,01,,09,A,,,,,C,N,N,A,2,0,0,0,21801.0,3,37.7482199,-122.41591992,4
2014,2014-10-04,1452,10,3,14,6,Y,A,N,A,H,A,A,01,,12,D,,,,,C,Y,N,A,2,0,0,0,21453.0,2,37.75298991,-122.4063199,3
2014,2014-10-03,1300,10,3,13,5,Y,A,N,A,H,A,-,,,12,D,,,,,C,Y,N,A,2,0,0,0,21453.0,3,37.78889995,-122.41866993,3
2014,2014-10-04,1943,10,3,19,6,Y,A,N,A,H,C,A,01,,10,G,Y,,,,B,N,N,A,1,1,0,0,21950.0,2,37.80306999,-122.43332987,2
2014,2014-10-03,435,10,3,4,5,Y,A,N,A,H,A,-,,,09,B,,,,,C,Y,N,A,1,0,0,0,21801.0,2,37.77768998,-122.43155991,4
2014,2014-10-05,1905,10,3,19,7,Y,A,N,A,H,C,A,01,,21,G,Y,,,,B,Y,F,A,1,1,0,0,22106.0,2,37.76945996,-122.42911992,3
2014,2014-10-03,1547,10,3,15,5,N,A,N,A,H,A,A,07,S,09,D,,Y,,,G,N,N,D,1,0,1,0,21801.0,2,37.76027895,-122.41480195,3
2014,2014-10-05,1930,10,3,19,7,N,A,N,A,H,C,N,60,W,11,G,Y,,,,B,Y,F,A,3,1,0,0,21456.0,2,37.76986843,-122.42239108,2
2014,2014-10-03,1710,10,3,17,5,Y,A,N,-,H,-,A,01,,08,D,,,,,C,N,N,D,1,0,0,0,22107.0,3,37.75838997,-122.46699989,4
2014,2014-10-06,1437,10,3,14,1,Y,A,N,A,H,A,-,- ,,00,G,Y,,,,B,N,N,A,1,1,0,0,,2,37.75701997,-122.41891993,4
2014,2014-10-03,1908,10,3,19,5,Y,A,N,A,H,B,A,07,,21,D,,Y,,,G,N,N,D,1,0,1,0,22106.0,2,37.77357998,-122.4212699,4
2014,2014-10-06,1735,10,3,17,1,N,A,N,A,H,A,A,01,S,03,C,,,,,C,N,N,D,2,0,0,0,22350.0,4,37.76026647,-122.46391382,4
2014,2014-10-03,1050,10,3,10,5,Y,A,N,A,H,C,A,01,,03,G,Y,,,,B,N,N,A,1,1,0,0,22350.0,2,37.80306999,-122.43332987,2
2014,2014-10-06,1851,10,3,18,1,Y,A,N,A,H,B,A,01,,08,C,,Y,,,G,N,N,A,1,0,1,0,22100.0,2,37.7804799,-122.4125099,3
2014,2014-10-07,900,10,3,9,2,Y,A,N,A,H,A,A,01,,08,D,,Y,,,G,N,N,A,1,0,1,0,22101.0,2,37.77177995,-122.42358993,4
2014,2014-10-15,905,10,3,9,3,N,A,N,A,H,A,A,01,E,09,D,,Y,,,G,N,N,D,1,0,1,0,21801.0,2,37.77350155,-122.42694331,3
2014,2014-10-08,805,10,3,8,3,N,A,N,A,G,A,A,01,N,03,B,,,,,E,Y,N,D,2,0,0,0,22350.0,2,37.72803915,-122.41907254,3
2014,2014-10-15,1354,10,3,13,3,N,A,N,A,H,A,A,01,S,07,H,,,,,C,N,F,A,1,0,0,0,21658.0,2,37.75693795,-122.41891025,4
2014,2014-10-08,1745,10,3,17,3,Y,A,N,A,H,A,L,04,,12,D,,Y,,,G,N,N,A,1,0,1,0,22450.0,2,37.76437998,-122.38791991,4
2014,2014-10-16,807,10,3,8,4,Y,A,N,A,H,A,A,01,,10,G,Y,,,,B,N,N,D,1,1,0,0,21950.0,2,37.72078995,-122.47702991,2
2014,2014-10-08,2100,10,3,21,3,N,A,N,A,H,C,-,- ,W,- ,B,,,,,C,N,F,D,1,0,0,0,,3,37.79059364,-122.41279752,4
2014,2014-10-16,2032,10,3,20,4,Y,A,N,A,H,B,A,01,,09,A,,,,,C,Y,N,A,2,0,0,0,21801.0,2,37.77824993,-122.41995988,4
2014,2014-10-12,1710,10,3,17,7,Y,A,N,A,H,A,-,- ,,- ,G,Y,,,,B,N,F,A,1,1,0,0,,2,37.77035,-122.42921994,3
2014,2014-10-16,2150,10,3,21,4,Y,A,N,A,H,C,A,01,,12,D,,,,,C,Y,F,A,1,0,0,0,21453.0,3,37.7785,-122.40559986,3
2014,2014-10-12,1750,10,3,17,7,Y,A,N,A,H,A,A,01,,10,G,Y,,,,B,N,F,D,1,1,0,0,21950.0,2,37.76509989,-122.4186999,3
2014,2014-10-17,915,10,3,9,5,N,A,N,A,H,A,A,01,S,08,D,,,,,C,N,N,D,1,0,0,0,22105.0,2,37.71688329,-122.44361653,4
2014,2014-10-11,1620,10,3,16,6,N,A,N,A,H,A,A,07,S,- ,B,,Y,,,G,N,F,D,1,0,1,0,,2,37.7959259,-122.39495041,4
2014,2014-10-17,1417,10,3,14,5,Y,A,N,A,H,A,A,01,,09,D,,,,,C,Y,N,A,2,0,0,0,21802.0,2,37.76864992,-122.40294995,4
2014,2014-10-10,1716,10,3,17,5,Y,A,N,A,H,A,A,01,,10,G,Y,,,,B,N,N,A,1,1,0,0,21950.0,2,37.79324997,-122.39634998,4
2014,2014-10-17,1613,10,3,16,5,Y,A,N,A,H,A,A,01,,10,G,Y,,,,B,N,N,A,1,1,0,0,21950.0,2,37.77498989,-122.41004988,4
2014,2014-10-10,1347,10,3,13,5,Y,A,N,A,H,A,A,01,,09,D,,,,,C,Y,N,A,1,0,0,0,21801.0,2,37.74974989,-122.39626988,4
2015,2015-03-20,621,3,1,6,5,Y,A,N,A,H,C,-,99,,09,D,,,,,C,Y,N,A,3,0,0,0,21453.0,2,37.73115989,-122.47213992,4
2015,2015-03-01,1214,3,1,12,7,Y,A,N,A,H,A,J,41,,- ,D,,,,,C,Y,N,A,1,0,0,0,,2,37.77459996,-122.42587988,4
2015,2015-03-19,918,3,1,9,4,Y,A,N,A,H,A,L,04,,17,D,,Y,,,G,N,N,A,1,0,1,0,21657.0,2,37.78444993,-122.41605991,4
2014,2014-12-04,1205,12,4,12,4,N,B,N,B,H,A,N,60,N,11,G,Y,,,,B,N,N,A,1,1,0,0,21955.0,2,37.77648875,-122.41504284,3
2014,2014-12-21,641,12,4,6,7,Y,B,N,B,H,C,A,01,,12,D,,,,,C,Y,N,A,3,0,0,0,21453.0,2,37.76209989,-122.4149899,4
2014,2014-12-14,1030,12,4,10,7,Y,A,N,A,H,A,A,01,,- ,D,,,,,C,Y,N,A,2,0,0,0,,2,37.7422799,-122.42328998,3
2015,2015-03-07,1825,3,1,18,6,N,A,N,A,H,B,C,02,S,08,C,,Y,Y,,G,N,F,A,1,0,1,0,22107.0,2,37.79903166,-122.39763737,3
2015,2015-03-23,1643,3,1,16,1,Y,A,N,A,H,A,A,01,,21,G,Y,,,,B,N,N,A,1,1,0,0,22106.0,2,37.71638998,-122.44099993,4
2015,2015-06-02,16,6,2,0,2,N,E,N,A,H,C,A,01,N,01,C,,,,,C,Y,N,D,2,0,0,0,23152.0,2,37.75398544,-122.48935216,3
2015,2015-03-12,1200,3,1,12,4,Y,A,N,A,H,A,-,- ,,00,G,Y,,,,B,N,M,A,1,1,0,0,20002.0,2,37.77082994,-122.4091399,4
2015,2015-05-21,1759,5,1,17,4,N,A,N,A,H,A,A,01,E,05,B,,,,,C,N,N,D,1,0,0,0,21460.0,2,37.77298658,-122.40329192,4
2015,2015-01-11,1810,1,4,18,7,Y,A,N,A,H,C,L,04,,03,D,,Y,,,G,N,M,A,1,0,1,0,22350.0,2,37.72762994,-122.41887993,4
2014,2014-11-03,109,11,3,1,1,Y,A,N,A,H,C,L,04,,12,D,,Y,,,G,N,N,A,1,0,1,0,21453.0,2,37.78589996,-122.41973999,3
2015,2015-02-04,1431,2,4,14,3,N,A,N,A,H,A,L,04,W,03,B,,Y,,,G,N,N,A,1,0,1,0,22350.0,2,37.78429267,-122.40766525,4
2015,2015-02-28,1030,2,4,10,6,Y,A,N,A,H,A,A,01,,11,D,,,,,D,Y,N,A,1,0,0,0,21806.0,2,37.79309997,-122.40113998,4
2015,2015-02-03,1447,2,4,14,2,Y,A,N,A,H,A,A,01,,08,D,,,Y,,D,N,N,A,1,0,0,1,22107.0,2,37.78360998,-122.38982993,4
2015,2015-02-27,630,2,4,6,5,Y,A,N,A,H,A,L,04,,12,D,,Y,,,G,N,N,A,1,0,1,0,22450.0,2,37.73160994,-122.43972998,3
2015,2015-03-31,1141,3,1,11,2,Y,A,N,A,H,A,A,01,,12,D,,,,,C,Y,N,A,1,0,0,0,21453.0,2,37.77375997,-122.40852994,4
2015,2015-03-10,1200,3,1,12,2,N,B,N,A,H,A,A,01,,17,B,,,,,C,N,N,A,1,0,0,0,22517.0,2,37.77498329,-122.40386367,4
2015,2015-07-19,1225,7,2,12,7,N,A,N,A,H,A,A,01,S,03,C,,,,,C,Y,N,D,1,0,0,0,22350.0,2,37.73161336,-122.50699713,4
2015,2015-07-14,1016,7,2,10,2,Y,A,N,A,H,A,A,01,,03,B,,,,,C,Y,N,D,2,0,0,0,22350.0,5,37.77963992,-122.50292986,4
2015,2015-07-08,543,7,2,5,3,Y,A,N,A,H,B,N,60,,11,G,Y,,,,B,N,N,A,1,1,0,0,21453.0,2,37.78473989,-122.42125998,4
2015,2015-07-22,1304,7,2,13,3,Y,A,N,A,H,A,A,01,,06,D,,,,,C,N,N,D,1,0,0,0,21751.0,2,37.72317996,-122.41049994,4
2015,2015-02-19,1640,2,4,16,4,N,-,N,-,-,-,N,60,S,02,G,Y,,,,B,N,N,D,1,1,0,0,21654.0,2,37.78995482,-122.40268457,4
2015,2015-06-13,1636,6,2,16,6,Y,A,N,A,H,A,M,97,,08,F,,,,,A,Y,N,A,1,0,0,0,22107.0,1,37.78130989,-122.39584993,3
2015,2015-06-06,1245,6,2,12,6,Y,-,N,A,H,A,-,,,04,C,,,,,C,N,N,D,1,0,0,0,21703.0,2,37.79477991,-122.41646989,4
2014,2014-11-29,1140,11,3,11,6,Y,B,N,A,H,A,J,48,,03,C,,,,,C,N,N,A,2,0,0,0,22350.0,2,37.76515992,-122.48366997,4
2014,2014-11-22,554,11,3,5,6,Y,C,N,B,H,C,I,11,,08,D,,,,,C,N,N,D,1,0,0,0,22107.0,2,37.81322998,-122.37102986,4
2014,2014-12-22,1951,12,4,19,1,Y,A,N,A,H,C,C,03,,- ,B,,,Y,,C,N,N,A,1,0,0,1,,2,37.78589996,-122.41973999,4
2015,2015-08-26,2025,8,2,20,3,Y,A,N,A,H,C,N,60,,11,D,Y,,,,B,N,N,D,1,1,0,0,21955.0,2,37.74272995,-122.38800998,3
2015,2015-08-14,2328,8,2,23,5,Y,A,N,A,H,C,J,48,,09,D,,,,,C,Y,N,A,3,0,0,0,21802.0,2,37.71088997,-122.43527999,3
2015,2015-08-17,1507,8,2,15,1,N,A,N,A,H,A,A,01,S,21,C,,,,,C,N,N,A,1,0,0,0,22106.0,2,37.79687671,-122.40531668,4
2015,2015-08-17,1140,8,2,11,1,N,A,N,A,H,A,A,01,W,03,C,,,,,C,N,N,A,1,0,0,0,22350.0,2,37.71246587,-122.46727012,4
2015,2015-08-19,1155,8,2,11,3,N,B,Y,A,H,A,A,01,S,04,C,,,,,C,N,N,D,2,0,0,0,21703.0,2,37.77233148,-122.47234667,4
2015,2015-08-05,1304,8,2,13,3,Y,A,N,A,H,A,J,48,,09,D,,,,,C,Y,N,A,2,0,0,0,21802.0,2,37.8011699,-122.41099995,3
2015,2015-08-27,1535,8,2,15,4,Y,A,N,A,H,A,J,48,,08,D,,,Y,,C,N,N,A,1,0,0,1,22100.0,2,37.78547989,-122.42301989,4
2015,2015-08-25,805,8,2,8,2,Y,A,N,A,H,A,J,48,,08,D,,Y,,,G,N,N,D,1,0,1,0,22107.0,2,37.785429,-122.419638,4
2015,2015-07-08,724,7,2,7,3,N,B,N,A,H,A,A,08,W,03,C,,,,,E,Y,F,A,1,0,0,0,22350.0,2,37.76507958,-122.41911979,4
2014,2014-06-04,1630,6,2,16,3,Y,A,N,A,H,A,C,02,,06,C,,,Y,,C,Y,N,A,1,0,0,1,21751.0,2,37.77832993,-122.39653988,4
2014,2014-06-21,1314,6,2,13,6,Y,A,N,A,H,A,A,01,,04,C,,,,,C,Y,N,A,1,0,0,0,21703.0,2,37.76998996,-122.42017991,4
2014,2014-07-08,1459,7,2,14,2,Y,A,N,A,H,A,L,04,,05,H,,Y,,,G,,N,D,1,0,1,0,21202.0,2,37.78176991,-122.40966991,4
2014,2014-06-20,1538,6,2,15,5,Y,A,N,A,H,A,A,01,,06,G,Y,,,,B,N,F,A,1,1,0,0,21756.0,2,37.79204995,-122.40916999,4
2014,2014-06-17,1506,6,2,15,2,Y,A,N,A,H,A,A,01,,03,C,,,,,C,N,N,D,2,0,0,0,22350.0,2,37.73502998,-122.39277988,4
2014,2014-06-29,208,6,2,2,7,Y,A,N,A,H,C,N,60,,11,G,Y,,,,B,N,N,A,1,1,0,0,21453.0,2,37.78399992,-122.40805989,3
2014,2014-07-05,1441,7,2,14,6,N,A,N,A,H,A,A,01,W,21,A,,,,,C,Y,N,D,2,0,0,0,22106.0,2,37.71167299,-122.43559239,4
2014,2014-07-21,1710,7,2,17,1,Y,A,N,A,H,A,A,01,,03,C,,,,,C,N,N,D,2,0,0,0,22350.0,2,37.78588995,-122.48192991,3
2014,2014-07-16,1528,7,2,15,3,Y,A,N,A,H,A,A,01,,09,D,,,,,C,N,N,A,2,0,0,0,21801.0,2,37.71947991,-122.44760986,4
2014,2014-07-25,1304,7,2,13,5,Y,A,N,A,H,A,A,01,,08,D,,,,,C,Y,N,A,1,0,0,0,22107.0,2,37.77966998,-122.42353987,3
2014,2014-10-30,1202,10,3,12,4,Y,A,N,A,H,A,A,01,,08,A,,,,,C,Y,N,D,1,0,0,0,22107.0,2,37.77346995,-122.40268995,4
2014,2014-10-07,1735,10,3,17,2,N,A,N,A,H,A,C,02,W,03,E,,,Y,,I,N,N,A,1,0,0,1,22350.0,1,37.79209365,-122.40097481,3
2014,2014-10-07,805,10,3,8,2,Y,A,N,A,H,A,A,01,,09,D,,,,,C,N,N,D,1,0,0,0,21800.0,2,37.7774799,-122.49956988,3
2014,2014-10-10,1128,10,3,11,5,N,A,N,A,H,A,L,04,,08,B,,Y,,,G,N,N,D,1,0,1,0,22107.0,2,37.77928268,-122.39331365,4
2014,2014-10-12,125,10,3,1,7,N,A,N,A,H,C,A,01,W,12,B,Y,,,,B,N,F,A,1,1,0,0,22450.0,2,37.73492086,-122.41686765,2
2014,2014-10-27,1557,10,3,15,1,N,A,N,A,H,A,N,60,W,11,G,Y,,,,B,N,N,A,1,1,0,0,21950.0,2,37.73490338,-122.40158104,3
2014,2014-10-16,1845,10,3,18,4,Y,A,N,A,H,D,A,01,,10,G,Y,,,,B,N,N,D,1,1,0,0,21950.0,2,37.73300993,-122.43213988,4
2014,2014-07-09,1224,7,2,12,3,N,A,N,A,H,A,N,60,E,11,B,Y,,,,B,N,N,D,1,1,0,0,21955.0,2,37.73623416,-122.39159448,4
2014,2014-07-07,839,7,2,8,1,N,B,N,A,H,A,A,01,W,17,B,,Y,,,G,N,N,D,1,0,1,0,22517.0,2,37.78232209,-122.4491977,4
2014,2014-07-29,905,7,2,9,2,Y,A,N,A,H,A,-,,,09,B,,Y,,,G,N,F,D,1,0,1,0,21803.0,2,37.7770499,-122.41259999,3
2015,2015-04-05,1305,4,1,13,7,N,A,N,B,H,A,A,01,N,08,C,,,,,C,N,N,D,1,0,0,0,22101.0,2,37.76645883,-122.43038981,4
2015,2015-04-18,354,4,1,3,6,N,A,N,A,H,C,D,23,S,01,B,,,,,I,Y,N,D,1,0,0,0,23152.0,1,37.77267278,-122.42386953,4
2015,2015-04-24,1626,4,1,16,5,N,A,N,A,H,A,L,,E,03,B,,Y,,Y,G,N,N,D,1,0,1,0,22350.0,3,37.78028,-122.38926,4
2015,2015-04-02,1728,4,1,17,4,Y,A,N,A,H,A,I,11,,10,G,Y,,,,B,N,N,A,1,1,0,0,21950.0,2,37.72683994,-122.47236989,4
2015,2015-04-17,1544,4,1,15,5,N,A,N,A,H,A,A,01,E,04,B,,,,,C,N,F,A,2,0,0,0,21703.0,2,37.77330055,-122.46785011,4
2015,2015-04-03,1350,4,1,13,5,N,A,N,A,H,A,F,26,,22,H,,,,Y,E,N,F,D,3,0,0,0,,2,37.78319319,-122.430996,3
2015,2015-04-15,810,4,1,8,3,Y,A,N,A,H,A,I,11,,10,G,Y,,,,B,N,N,A,1,1,0,0,21950.0,2,37.70810993,-122.4857399,2
2015,2015-04-09,1404,4,1,14,4,N,A,N,A,H,A,N,60,S,11,G,Y,,,,B,N,N,A,1,1,0,0,21955.0,2,37.78983626,-122.40213601,2
2015,2015-04-10,1720,4,1,17,5,Y,A,N,A,H,A,D,22,,10,G,Y,,,,B,N,N,A,1,1,0,0,21950.0,2,37.80583996,-122.41193995,2
2015,2015-04-09,2210,4,1,22,4,N,A,N,A,H,C,A,07,W,03,C,,,,,C,Y,F,A,1,0,0,0,22350.0,2,,,4
2015,2015-03-23,1050,3,1,10,1,N,A,N,A,H,A,D,22,S,10,G,Y,,,,B,N,N,A,1,1,0,0,21950.0,2,37.76635889,-122.42423645,3
2015,2015-03-31,1756,3,1,17,2,Y,A,N,A,H,A,-,- ,,08,B,,Y,,,G,N,N,A,1,0,1,0,22107.0,2,37.78949999,-122.38860987,2
2015,2015-03-13,715,3,1,7,5,Y,B,N,A,H,A,D,22,,09,D,,,,,C,Y,N,D,2,0,0,0,21801.0,2,37.70952991,-122.45767998,4
2015,2015-03-20,1545,3,1,15,5,Y,A,N,A,H,A,-,- ,,00,C,,,,Y,C,N,N,A,1,0,0,0,,2,37.75715995,-122.4167499,4
2015,2015-04-24,722,4,1,7,5,Y,A,N,A,H,A,C,02,,12,A,,,Y,,C,Y,N,A,1,0,0,1,21453.0,2,37.74610999,-122.38710987,4
2015,2015-03-13,1542,3,1,15,5,N,A,N,A,H,A,N,60,E,11,G,Y,,,,B,N,N,A,1,1,0,0,21956.0,2,37.71318051,-122.45595205,4
2015,2015-03-24,1550,3,1,15,2,N,A,N,A,H,A,D,22,W,04,C,,,,,C,N,N,D,1,0,0,0,21703.0,2,37.75286576,-122.40831137,4
2015,2015-03-30,1115,3,1,11,1,N,A,N,A,H,A,A,01,S,08,B,,,,,C,N,N,D,1,0,0,0,22107.0,2,37.73456099,-122.39086875,4
2015,2015-03-23,1229,3,1,12,1,N,A,N,A,H,A,I,11,N,21,C,Y,,,,C,N,N,D,1,1,0,0,22106.0,3,37.76411196,-122.46525105,4
2015,2015-04-21,1900,4,1,19,2,Y,B,N,A,H,B,I,10,,06,B,,Y,,,G,N,N,A,1,0,1,0,21755.0,2,37.78837993,-122.41517995,4
2015,2015-03-11,1840,3,1,18,3,N,A,N,A,H,B,A,01,W,03,C,,,,,E,Y,N,D,1,0,0,0,22350.0,2,37.79486496,-122.43016777,4
2015,2015-04-02,1721,4,1,17,4,N,A,N,A,H,A,N,60,S,17,B,Y,,,,C,N,N,A,1,1,0,0,22517.0,2,37.78239108,-122.41565305,4
2015,2015-04-21,2054,4,1,20,2,Y,A,N,A,H,C,L,04,,17,B,,Y,,,G,N,N,A,1,0,1,0,21208.0,2,37.78089999,-122.40570992,4
2015,2015-03-12,754,3,1,7,4,N,A,N,A,A,A,I,09,E,03,B,,,,Y,C,N,N,D,1,0,0,0,22350.0,2,37.74847775,-122.39460615,4
2015,2015-04-27,2022,4,1,20,1,N,A,N,A,H,C,A,01,N,03,C,,,,,E,N,F,D,1,0,0,0,22350.0,2,37.78308963,-122.41242716,4
2015,2015-04-20,932,4,1,9,1,Y,B,N,A,H,A,D,22,,10,G,Y,,,,B,N,N,A,1,1,0,0,21950.0,2,37.78437996,-122.40929991,3