ACCIDENT_YEAR,COLLISION_DATE,COLLISION_TIME,MONTH,SEASON,24HOURS,DAY_OF_WEEK,INTERSECTION,WEATHER_1,STATE_HWY_IND,ROAD_SURFACE,ROAD_COND_1,LIGHTING,STWD_VEHTYPE_AT_FAULT,CHP_VEHTYPE_AT_FAULT,DIRECTION,PCF_VIOL_CATEGORY,TYPE_OF_COLLISION,PEDESTRIAN_ACCIDENT,BICYCLE_ACCIDENT,MOTORCYCLE_ACCIDENT,TRUCK_ACCIDENT,MVIW,TOW_AWAY,HIT_AND_RUN,CONTROL_DEVICE,NUMBER_INJURED,COUNT_PED_INJURED,COUNT_BICYCLIST_INJURED,COUNT_MC_INJURED,PCF_VIOLATION,PARTY_COUNT,POINT_Y,POINT_X,COLLISION_SEVERITY
2015,2015-03-13,1700,3,1,17,5,Y,A,N,A,H,A,N,60,,11,G,Y,,,,B,N,N,A,1,1,0,0,21954.0,2,37.78158989,-122.40063996,4
2015,2015-03-16,1411,3,1,14,1,N,A,N,A,H,A,-,,W,07,B,,,,,C,N,N,A,1,0,0,0,21658.0,2,37.7872748,-122.40894995,3
2015,2015-03-01,1803,3,1,18,7,Y,A,N,-,H,A,A,01,,12,A,,,Y,,C,N,N,A,2,0,0,2,22450.0,2,37.76046988,-122.50486998,3
2015,2015-03-27,830,3,1,8,5,N,B,N,A,G,A,N,60,E,11,G,Y,,,,B,N,N,A,1,1,0,0,21453.0,2,37.77975977,-122.40712784,2
2015,2015-03-14,1821,3,1,18,6,Y,A,N,A,H,A,A,07,,17,H,,,Y,,C,Y,N,D,1,0,0,1,22109.0,2,37.7804799,-122.4125099,4
2015,2015-03-16,1519,3,1,15,1,N,A,N,A,H,A,N,60,W,11,G,Y,,,,B,N,N,D,1,1,0,0,21955.0,2,37.74501914,-122.40038681,4
2015,2015-03-13,900,3,1,9,5,N,A,N,A,H,A,A,01,W,08,D,,Y,,,G,N,N,A,1,0,1,0,22107.0,2,37.74808605,-122.42095449,3
2015,2015-03-28,2500,3,1,25,6,N,A,N,A,H,A,N,60,E,11,G,Y,,,,B,N,N,A,1,1,0,0,21954.0,2,37.7953913,-122.41887337,2
2015,2015-03-14,108,3,1,1,6,N,A,Y,A,H,C,A,01,N,03,C,,,,,C,Y,N,A,1,0,0,0,22350.0,2,37.79520802,-122.42342192,4
2015,2015-03-04,1455,3,1,14,3,N,A,N,A,H,A,N,60,W,11,G,Y,,,,B,N,N,D,1,1,0,0,21956.0,2,37.77730722,-122.46222881,4
2015,2015-03-26,1830,3,1,18,4,Y,A,N,A,H,A,A,01,,12,D,,,,,C,Y,N,A,1,0,0,0,21453.0,2,37.78378991,-122.43784987,4
2015,2015-03-17,1000,3,1,10,2,N,A,N,A,G,A,L,,W,00,H,,Y,,,J,N,N,D,1,0,1,0,22348.0,1,37.72294044,-122.44606193,4
2015,2015-03-18,1549,3,1,15,3,N,A,N,A,H,A,-,,N,03,C,,,,,C,Y,N,A,1,0,0,0,22350.0,2,37.77146387,-122.47948498,3
2015,2015-03-31,1831,3,1,18,2,N,A,N,A,H,A,A,01,W,10,G,Y,,,,B,N,N,A,1,1,0,0,21950.0,2,37.80164869,-122.42967025,4
2015,2015-03-08,700,3,1,7,7,Y,A,N,A,H,C,-,,,12,D,,,,,C,N,F,A,1,0,0,0,21453.0,2,37.7887699,-122.40198992,4
2015,2015-03-08,1010,3,1,10,7,N,A,N,A,H,A,-,,E,17,H,,Y,,,G,N,N,D,1,0,1,0,22517.0,2,37.76921944,-122.46999108,3
2015,2015-03-27,2141,3,1,21,5,Y,A,N,A,H,C,A,01,,04,C,,,,,C,N,F,A,2,0,0,0,21703.0,2,37.72275988,-122.43517987,4
2015,2015-03-27,2300,3,1,23,5,N,-,N,-,-,-,-,,,03,-,,,,,-,N,F,-,1,0,0,0,22350.0,2,37.75890994,-122.44611999,4
2015,2015-03-16,707,3,1,7,1,N,A,N,A,H,A,C,02,W,06,B,,,Y,,C,N,N,A,1,0,0,1,21750.0,2,37.78058352,-122.45121163,4
2015,2015-03-07,2151,3,1,21,6,Y,A,N,A,H,C,N,60,,11,G,Y,,,,B,N,N,A,1,1,0,0,21453.0,2,37.7853599,-122.43142996,2
2015,2015-03-27,130,3,1,1,5,Y,A,N,A,H,C,A,07,,03,G,Y,,,,B,N,F,D,1,1,0,0,22350.0,2,37.76666994,-122.41981998,2
2015,2015-03-07,607,3,1,6,6,Y,A,N,A,H,C,N,60,,11,G,Y,,,,B,N,F,A,1,1,0,0,21453.0,2,37.73593998,-122.42448992,4
2015,2015-03-21,206,3,1,2,6,N,A,N,A,H,D,A,01,W,08,B,,,,,E,Y,N,A,1,0,0,0,22107.0,4,37.77159261,-122.42709967,4
2015,2015-03-18,1223,3,1,12,3,N,A,N,A,H,A,A,07,S,10,G,Y,,,,B,N,N,A,2,2,0,0,21950.0,3,37.73002956,-122.47598,3
2015,2015-03-22,1923,3,1,19,7,Y,A,N,A,H,B,A,07,,17,B,,Y,,,G,N,N,D,1,0,1,0,21209.0,2,37.78472993,-122.4312999,4
2015,2015-03-04,2135,3,1,21,3,N,A,N,A,H,C,A,07,N,03,C,,,,,C,N,F,A,1,0,0,0,22350.0,2,37.78704337,-122.4593,4
2015,2015-03-05,1620,3,1,16,4,Y,A,N,A,H,A,A,01,,08,D,,,,,C,N,N,D,1,0,0,0,22100.0,2,37.7807099,-122.40390991,4
2015,2015-03-18,900,3,1,9,3,N,A,N,A,H,A,L,04,E,06,B,,Y,,,G,N,N,D,1,0,1,0,21750.0,2,37.77353448,-122.42668357,3
2015,2015-03-20,1355,3,1,13,5,Y,A,Y,A,H,A,-,,,08,B,Y,,,,B,N,F,-,1,1,0,0,22107.0,2,37.78756679,-122.42187798,4
2015,2015-03-07,1510,3,1,15,6,Y,A,N,A,H,A,L,04,,12,D,,Y,,,G,N,N,A,2,0,1,0,22450.0,2,37.77168989,-122.43372996,3
2015,2015-03-19,636,3,1,6,4,Y,A,N,A,H,B,A,01,,06,A,,,,,C,Y,F,D,1,0,0,0,21750.0,2,37.73208996,-122.40676996,4
2015,2015-03-06,1526,3,1,15,5,Y,A,N,A,H,A,A,07,,10,G,Y,,,,B,N,N,A,1,1,0,0,21950.0,2,37.80144,-122.43129993,4
2015,2015-03-28,2020,3,1,20,6,Y,A,N,A,H,C,A,07,,12,D,,,,,C,Y,F,A,1,0,0,0,21453.0,2,37.73941998,-122.38881986,2
2015,2015-03-25,2051,3,1,20,3,N,A,N,A,H,C,-,- ,W,08,B,,Y,,,G,N,N,D,1,0,1,0,22107.0,2,37.77288311,-122.42448223,4
2015,2015-03-23,832,3,1,8,1,Y,B,N,B,H,A,A,01,,09,D,,,,,C,Y,N,A,1,0,0,0,21802.0,2,37.78491,-122.46242987,4
2015,2015-03-18,807,3,1,8,3,N,A,N,A,H,A,A,01,E,03,C,,,,,C,Y,N,D,2,0,0,0,22350.0,3,37.7765482,-122.39400527,4
2015,2015-03-27,1805,3,1,18,5,N,A,N,A,H,B,A,01,W,12,G,Y,,,,B,N,N,A,1,1,0,0,21453.0,2,37.7786359,-122.43178072,3
2015,2015-03-25,1800,3,1,18,3,Y,A,N,A,H,A,A,01,,17,E,,Y,,,G,N,N,A,1,0,1,0,22517.0,2,37.78437464,-122.40757942,3
2015,2015-04-19,1005,4,1,10,7,N,A,N,A,H,A,L,04,S,06,-,,Y,,,-,N,N,-,1,0,1,0,21755.0,2,37.76138126,-122.47806977,3
2015,2015-04-02,609,4,1,6,4,Y,A,N,A,H,C,A,01,,12,D,,Y,,,G,N,N,A,2,0,1,0,21453.0,2,37.77337996,-122.46587996,3
2015,2015-04-27,1635,4,1,16,1,Y,A,N,A,H,A,C,02,,03,F,,,Y,,A,Y,N,A,1,0,0,1,22350.0,1,37.72952999,-122.38643,2
2015,2015-04-18,1550,4,1,15,6,N,A,N,A,H,A,A,01,N,08,D,,,Y,,C,Y,N,A,1,0,0,1,22101.0,2,37.77101099,-122.39121529,3
2015,2015-04-16,1415,4,1,14,4,N,A,N,A,H,A,A,01,W,21,G,Y,,,,B,N,F,D,1,1,0,0,22106.0,2,37.78865668,-122.40558884,2
2015,2015-04-07,800,4,1,8,2,Y,A,N,B,H,A,A,01,,09,D,,,,,C,,N,D,1,0,0,0,21802.0,2,37.74594,-122.49524985,4
2015,2015-04-03,1236,4,1,12,5,Y,A,N,A,H,A,-,,,09,D,,,,,C,Y,N,A,1,0,0,0,21801.0,2,37.80603991,-122.4102999,4
2015,2015-04-06,1036,4,1,10,1,N,A,N,A,H,A,A,01,S,06,G,Y,,,,B,Y,N,D,1,1,0,0,21756.0,2,37.79528212,-122.40980277,2
2015,2015-04-18,858,4,1,8,6,Y,A,N,A,H,A,A,01,,03,C,,,,,J,N,F,D,2,0,0,0,22350.0,2,37.74738996,-122.40361986,4
2015,2015-04-29,1840,4,1,18,3,Y,A,N,A,H,A,A,01,,01,G,,Y,,,G,N,N,A,2,0,2,0,23153.0,3,37.76448999,-122.40742988,3
2015,2015-04-03,1856,4,1,18,5,Y,A,N,A,H,B,-,- ,,09,B,,,,,C,N,N,A,2,0,0,0,21801.0,2,37.76770998,-122.4288299,2
2015,2015-04-01,935,4,1,9,3,N,A,N,A,G,A,C,03,N,03,F,,,Y,,A,N,N,A,1,0,0,1,22350.0,1,37.77478875,-122.39208077,3
2015,2015-04-18,1148,4,1,11,6,Y,A,N,A,H,A,A,07,,09,D,,,,,C,Y,F,D,1,0,0,0,21801.0,2,37.76973991,-122.4245899,3
2015,2015-04-25,2039,4,1,20,6,N,B,N,A,H,C,C,02,W,21,B,,,Y,,C,Y,F,A,1,0,0,1,22106.0,2,37.77293444,-122.41579124,2
2015,2015-04-27,1050,4,1,10,1,Y,A,N,A,H,A,A,01,,10,G,Y,,,,B,N,N,A,1,1,0,0,21950.0,2,37.78993991,-122.42559992,3
2015,2015-04-01,1620,4,1,16,3,Y,A,N,A,H,A,C,02,,06,H,,,Y,,A,N,N,A,1,0,0,1,21755.0,1,37.77790993,-122.42990991,3
2015,2015-04-18,1740,4,1,17,6,N,A,N,A,H,A,A,01,W,03,C,,,,,C,N,F,A,1,0,0,0,22350.0,2,37.78697484,-122.43394165,4
2015,2015-04-25,1542,4,1,15,6,N,A,N,A,H,A,-,99,W,03,C,,,Y,,C,N,F,A,1,0,0,1,22350.0,2,37.80351168,-122.43016655,3
2015,2015-04-10,1726,4,1,17,5,Y,A,N,A,H,A,A,01,,12,D,,,,,C,Y,N,A,1,0,0,0,21453.0,2,37.78764995,-122.42852992,3
2015,2015-04-06,1027,4,1,10,1,Y,A,N,A,H,A,A,01,,09,D,,,,,C,N,N,A,2,0,0,0,21802.0,2,37.72589992,-122.42846987,4
2015,2015-04-26,1756,4,1,17,7,Y,A,N,A,H,A,A,01,,09,D,,Y,,,G,Y,N,A,2,0,2,0,21801.0,2,37.78132992,-122.45887996,3
2015,2015-04-23,1352,4,1,13,4,Y,A,N,A,H,A,A,01,,12,D,,,Y,,C,N,N,A,1,0,0,1,21453.0,2,37.77498989,-122.41004988,4
2015,2015-04-10,1604,4,1,16,5,N,A,N,A,H,A,N,60,S,11,G,Y,,,,B,N,N,A,1,1,0,0,21954.0,3,37.77725886,-122.40401717,2
2015,2015-04-02,1609,4,1,16,4,Y,A,N,A,H,A,A,01,,09,D,,,,,C,Y,N,A,3,0,0,0,21802.0,2,37.74362997,-122.50474998,4
2015,2015-04-21,1419,4,1,14,2,N,A,N,A,H,A,A,01,N,21,B,,,,,C,Y,N,D,1,0,0,0,22106.0,2,37.7836463,-122.40318039,4
2015,2015-04-17,1610,4,1,16,5,Y,A,N,A,H,A,A,01,,03,D,Y,,,,B,N,F,D,1,1,0,0,22350.0,2,37.77435998,-122.41396999,4
2015,2015-04-29,1135,4,1,11,3,Y,A,N,A,H,A,-,,,10,A,Y,,,,B,N,N,A,1,1,0,0,21950.0,2,37.75928997,-122.43485993,3
2015,2015-04-22,1830,4,1,18,3,Y,A,N,A,H,A,-,- ,,00,B,,Y,,,G,N,N,D,1,0,1,0,,2,37.78089999,-122.40570992,3
2015,2015-04-22,1700,4,1,17,3,Y,A,N,A,H,A,A,01,,04,C,,,,,C,N,N,A,1,0,0,0,21703.0,2,37.78026997,-122.40339986,4
2015,2015-04-17,2150,4,1,21,5,Y,A,N,A,H,C,A,07,,08,H,,Y,,,G,N,F,A,1,0,1,0,22107.0,2,37.75690996,-122.42109989,4
2015,2015-04-27,1605,4,1,16,1,Y,A,N,A,H,A,L,04,,12,D,,Y,,,G,N,N,A,1,0,1,0,22450.0,2,37.77776988,-122.49314993,4
2015,2015-04-30,848,4,1,8,4,N,A,N,A,H,A,L,04,S,12,D,,Y,,,G,N,N,A,1,0,1,0,21453.0,2,37.76531,-122.4153,3
2015,2015-04-22,2125,4,1,21,3,Y,A,N,A,H,C,A,01,,09,D,,,Y,,C,Y,F,D,1,0,0,1,21801.0,2,37.76496997,-122.42089986,4
2015,2015-04-12,1228,4,1,12,7,Y,A,N,A,H,A,A,01,,10,G,Y,,,,B,N,N,A,1,1,0,0,21950.0,2,37.7276399,-122.40360991,4
2015,2015-04-09,1702,4,1,17,4,Y,A,N,A,H,A,-,- ,,00,D,,,,,C,N,N,A,1,0,0,0,,2,,,3
2015,2015-04-21,1820,4,1,18,2,N,A,N,A,H,A,N,60,N,11,-,Y,,,,B,N,N,A,1,1,0,0,21456.0,2,37.79499553,-122.39431679,2
2015,2015-04-22,1858,4,1,18,3,N,A,N,A,H,A,A,01,E,03,C,,,Y,,C,N,N,D,1,0,0,1,22350.0,3,37.78281762,-122.40017347,4
2015,2015-04-29,700,4,1,7,3,Y,A,N,A,H,A,N,60,,11,G,Y,,,,B,N,N,D,1,1,0,0,21954.0,2,37.74812998,-122.44252988,4
2015,2015-04-02,1710,4,1,17,4,N,A,N,A,H,A,-,- ,S,03,C,,,,,C,N,N,A,1,0,0,0,22350.0,2,37.78435028,-122.47259241,4
2015,2015-04-01,2245,4,1,22,3,N,A,N,A,D,C,A,01,W,03,C,,,,,C,Y,N,A,1,0,0,0,22350.0,3,37.77831058,-122.39656447,4
2015,2015-04-26,157,4,1,1,7,N,A,N,A,H,C,A,01,W,11,A,Y,,,,B,N,F,D,1,1,0,0,21954.0,2,37.74077846,-122.38787924,3
2015,2015-04-21,2335,4,1,23,2,Y,A,Y,A,H,C,A,01,,08,D,,,,,C,Y,N,A,1,0,0,0,22101.0,2,37.78848239,-122.42206281,4
2015,2015-04-08,1300,4,1,13,3,N,A,N,A,H,A,A,01,N,06,B,,,,,C,N,N,D,3,0,0,0,21750.0,2,37.77489291,-122.43949686,4
2015,2015-04-06,820,4,1,8,1,N,A,N,A,H,A,A,01,W,03,C,,,,,C,N,N,A,1,0,0,0,22350.0,3,37.74328372,-122.47038548,4
2015,2015-04-20,556,4,1,5,1,Y,A,N,A,H,D,N,60,,11,G,Y,,,,B,N,F,D,1,1,0,0,21955.0,2,37.74497997,-122.40031987,2
2015,2015-04-18,2336,4,1,23,6,Y,A,N,A,H,C,A,01,,04,C,,,,,C,N,F,A,1,0,0,0,21703.0,2,37.73588,-122.40816994,4
2015,2015-04-21,1513,4,1,15,2,Y,A,N,A,H,A,A,01,,03,C,,,,,E,Y,N,A,1,0,0,0,22350.0,4,37.7619299,-122.40721996,2
2015,2015-04-05,1520,4,1,15,7,Y,A,N,A,H,A,A,01,,12,D,,,,,C,N,N,A,2,0,0,0,21453.0,2,37.7850999,-122.41112987,4
2015,2015-04-19,125,4,1,1,7,N,A,N,A,H,C,A,07,S,00,C,,,,,E,Y,N,A,2,0,0,0,23153.0,3,37.78184577,-122.42068421,3
2015,2015-04-28,938,4,1,9,2,N,A,N,A,H,A,A,01,S,03,B,,,,,C,Y,N,D,2,0,0,0,22350.0,2,37.76638887,-122.39687684,4
2015,2015-04-01,1736,4,1,17,3,Y,A,N,A,H,A,A,01,,10,G,Y,,,,B,N,N,A,1,1,0,0,21950.0,2,37.77383992,-122.43928999,4
2015,2015-04-21,2315,4,1,23,2,Y,A,N,A,H,D,A,01,,03,C,,,,,C,N,N,D,1,0,0,0,22350.0,2,37.78588989,-122.39938,3
2015,2015-04-27,840,4,1,8,1,N,A,N,A,H,A,A,01,E,04,C,,,,,C,N,M,D,1,0,0,0,21703.0,2,37.72281968,-122.39752469,4
2015,2015-04-27,1900,4,1,19,1,Y,A,N,A,H,A,A,01,,08,B,,Y,,,G,N,F,A,1,0,1,0,22100.0,2,37.78097992,-122.40868999,4
2015,2015-04-01,645,4,1,6,3,Y,A,N,A,H,A,L,04,,06,D,,Y,,,G,N,N,A,1,0,1,0,21755.0,2,37.77768998,-122.43155991,3
2015,2015-04-21,2106,4,1,21,2,Y,B,N,A,H,C,A,01,,09,D,,,,,C,Y,N,A,1,0,0,0,21802.0,2,37.77547992,-122.50269991,4
2015,2015-04-25,430,4,1,4,6,Y,A,N,B,H,C,A,01,,10,G,Y,,,,B,N,F,A,1,1,0,0,21950.0,2,37.77432999,-122.41709998,4
2015,2015-04-04,2252,4,1,22,6,-,A,N,A,H,C,A,08,,21,G,Y,,,,B,N,N,D,1,1,0,0,22106.0,2,37.78357123,-122.41536051,4
2015,2015-04-24,1458,4,1,14,5,Y,A,N,-,H,A,A,01,,07,B,,,,,C,Y,N,A,1,0,0,0,21658.0,4,37.78399992,-122.40805989,4
2015,2015-04-19,2123,4,1,21,7,Y,A,N,A,H,C,N,60,,11,G,Y,,,,B,N,N,A,1,1,0,0,21955.0,2,37.76300994,-122.4262999,3
2015,2015-04-26,645,4,1,6,7,N,A,N,A,H,B,A,01,W,00,G,Y,,,,B,N,F,D,1,1,0,0,20001.0,2,37.78462819,-122.4146848,2
2015,2015-04-08,1610,4,1,16,3,N,A,N,A,H,A,N,60,S,11,G,Y,,,,B,N,N,A,1,1,0,0,21954.0,2,37.78770868,-122.42008799,3
2015,2015-04-01,1807,4,1,18,3,N,A,N,A,H,A,A,01,S,00,B,,Y,,,G,N,N,D,1,0,1,0,21760.0,2,37.79033377,-122.42063428,4
2015,2015-04-20,2217,4,1,22,1,N,A,N,A,H,C,L,04,W,07,H,,Y,Y,,A,N,F,D,1,0,0,1,21658.0,2,37.76419442,-122.39105144,3
2015,2015-04-28,1825,4,1,18,2,Y,A,N,A,H,A,-,,,10,G,Y,,,,B,N,N,A,1,1,0,0,21950.0,2,37.7700435,-122.40389475,4
2015,2015-04-07,821,4,1,8,2,N,B,N,B,H,A,A,01,W,03,C,,,,,C,N,N,D,1,0,0,0,22350.0,2,37.78333825,-122.43965088,4
2015,2015-04-24,955,4,1,9,5,Y,A,N,A,H,A,A,08,,09,D,,Y,Y,,C,Y,N,A,2,0,0,0,21801.0,7,37.76576993,-122.40755998,4
2015,2015-04-20,1211,4,1,12,1,Y,A,N,A,H,A,-,,,12,D,,Y,,,G,N,F,A,1,0,1,0,22450.0,2,37.73166998,-122.39017994,4
2015,2015-04-26,147,4,1,1,7,Y,A,N,A,H,C,A,01,,01,D,Y,,,,D,Y,F,A,1,1,0,0,23153.0,4,37.78900994,-122.41021987,3
2015,2015-04-08,2215,4,1,22,3,Y,A,N,A,H,C,-,- ,,09,D,,,,,C,Y,N,D,1,0,0,0,21802.0,3,37.78733991,-122.45358996,4
2015,2015-04-22,1732,4,1,17,3,Y,A,N,A,H,A,A,01,,03,B,,,,,C,N,M,A,1,0,0,0,22350.0,2,37.72446989,-122.40555997,4
2015,2015-04-28,806,4,1,8,2,Y,A,N,A,H,A,A,01,,12,G,Y,,,,B,N,F,A,1,1,0,0,22450.0,2,37.73350998,-122.4062299,4
2015,2015-04-09,2040,4,1,20,4,Y,A,N,A,H,C,L,04,,05,B,,Y,,,G,N,N,A,1,0,1,0,21202.0,2,37.76944996,-122.41340989,4
2015,2015-04-22,810,4,1,8,3,Y,A,N,A,H,A,A,01,,09,D,,,Y,,C,N,N,D,1,0,0,1,21801.0,2,37.74943991,-122.40282996,4
2015,2015-04-22,1603,4,1,16,3,N,A,N,A,H,A,N,60,S,11,G,Y,,,,B,N,N,D,1,1,0,0,21955.0,2,37.78505226,-122.40941322,3
2015,2015-04-21,1815,4,1,18,2,N,A,N,A,H,A,L,04,E,05,B,,Y,,,G,N,N,A,1,0,1,0,21202.0,2,37.78363892,-122.40223492,3
2015,2015-04-09,1957,4,1,19,4,Y,A,N,A,H,C,-,- ,,00,D,,Y,,,G,N,N,A,1,0,1,0,,2,37.79693999,-122.39947986,3
2015,2015-04-22,1615,4,1,16,3,Y,A,N,A,H,A,A,01,,03,C,,,,,C,N,N,A,4,0,0,0,22350.0,2,37.73038994,-122.47481987,4
2014,2014-08-04,927,8,2,9,1,Y,A,N,A,H,A,C,03,,03,F,,,Y,,J,N,N,A,1,0,0,1,22350.0,1,37.76602997,-122.40362997,3
2014,2014-08-02,609,8,2,6,6,Y,B,N,A,H,A,A,01,,07,C,,,,,E,Y,M,D,1,0,0,0,21658.0,2,37.7294299,-122.41457998,3
2014,2014-08-02,231,8,2,2,6,Y,A,N,A,H,C,I,11,,03,B,Y,,,,B,N,N,A,1,1,0,0,22350.0,2,37.78662999,-122.40638996,4
2014,2014-08-24,1720,8,2,17,7,Y,A,Y,A,H,A,A,01,,10,G,Y,,,,B,N,N,A,2,2,0,0,21950.0,3,37.798571,-122.42389283,3
2014,2014-08-24,1425,8,2,14,7,Y,A,N,A,H,A,A,01,,09,D,,,Y,,C,N,N,A,1,0,0,1,21801.0,2,37.76760989,-122.42893989,3
2014,2014-08-24,54,8,2,0,7,N,A,N,A,H,C,A,07,S,10,G,Y,,,,B,N,N,A,1,1,0,0,21950.0,2,37.79996372,-122.44283674,4
2014,2014-08-23,2020,8,2,20,6,Y,A,N,A,H,B,A,01,,09,D,,Y,,,G,N,N,A,1,0,1,0,21453.0,2,37.80083991,-122.39921988,2
2014,2014-08-23,1605,8,2,16,6,N,F,N,-,G,-,L,04,E,03,D,,Y,,,G,N,N,D,1,0,1,0,22350.0,2,37.7681599,-122.50051997,3
2014,2014-08-23,1348,8,2,13,6,Y,A,N,A,H,A,N,60,,11,G,Y,,,,B,N,N,A,1,1,0,0,21461.0,2,37.74350998,-122.38775986,4
2014,2014-08-18,1519,8,2,15,1,Y,B,Y,A,H,A,A,01,,12,D,,,,,C,N,N,A,1,0,0,0,21453.0,2,37.72388369,-122.44757899,4
2014,2014-08-18,1315,8,2,13,1,Y,B,N,A,H,A,-,,,09,D,,Y,,,G,N,F,A,1,0,1,0,21800.0,2,37.805733,-122.4203535,4
2014,2014-08-18,1223,8,2,12,1,Y,A,N,A,H,A,-,- ,,11,B,,Y,,,G,N,N,A,1,0,1,0,21456.0,1,37.77819998,-122.39194991,4
2014,2014-08-18,1120,8,2,11,1,N,A,N,A,H,A,-,,E,- ,D,,Y,,,G,N,N,D,1,0,1,0,,2,37.79192036,-122.41012463,3
2014,2014-08-18,1125,8,2,11,1,N,B,N,A,H,A,-,- ,W,18,H,,Y,,,J,N,N,D,1,0,1,0,,1,37.77261504,-122.48323404,4
2014,2014-08-18,800,8,2,8,1,Y,B,N,A,H,A,-,- ,,00,C,,Y,,,G,N,N,D,1,0,1,0,,2,37.76518991,-122.39582,4
2014,2014-08-27,2030,8,2,20,3,Y,A,N,A,H,C,N,60,,11,G,Y,,,,B,N,N,A,1,1,0,0,21456.0,2,37.78150996,-122.40492993,4
2014,2014-08-27,1948,8,2,19,3,Y,A,N,A,H,C,C,02,,03,E,,,Y,,E,Y,N,D,1,0,0,1,22350.0,3,37.72992996,-122.43845998,2
2014,2014-08-27,1100,8,2,11,3,N,A,N,A,H,A,A,01,S,03,D,,,,,C,Y,N,D,1,0,0,0,22350.0,3,37.75907079,-122.47573434,4
2015,2015-04-08,1306,4,1,13,3,Y,A,N,A,H,A,N,60,,11,G,Y,,,,B,N,N,D,1,1,0,0,21954.0,2,37.75507996,-122.4248299,3
2015,2015-04-25,2009,4,1,20,6,N,A,N,A,H,A,A,01,S,09,D,,,Y,,C,N,N,A,1,0,0,1,21453.0,2,37.73237167,-122.40558774,4
2015,2015-04-15,2130,4,1,21,3,N,A,N,A,H,C,A,01,E,00,C,,,,,C,N,F,-,2,0,0,0,20003.0,4,37.78447891,-122.41583447,4
2015,2015-04-12,36,4,1,0,7,N,A,N,A,H,C,A,01,S,03,G,Y,,,,B,N,F,D,1,1,0,0,22350.0,2,37.77364475,-122.41387649,2
2015,2015-04-09,957,4,1,9,4,Y,A,N,A,H,A,A,01,,09,D,,,,,C,N,N,A,1,0,0,0,21800.0,3,37.76639994,-122.42423995,4
2015,2015-04-24,2335,4,1,23,5,Y,C,N,B,H,C,A,01,,10,G,Y,,,,B,N,N,A,1,1,0,0,21950.0,2,37.78503992,-122.42799999,3
2015,2015-04-11,2126,4,1,21,6,N,A,N,A,H,C,A,08,W,07,B,,Y,,,G,Y,F,D,1,0,1,0,21658.0,3,37.78176003,-122.4109092,3
2015,2015-04-11,1305,4,1,13,6,N,A,N,A,H,A,A,01,N,08,B,,,,,D,Y,N,D,1,0,0,0,22107.0,2,37.75704652,-122.5078473,3
2015,2015-04-11,2146,4,1,21,6,Y,A,N,A,H,C,A,01,,03,D,,,,,C,Y,N,A,3,0,0,0,22350.0,3,37.74564994,-122.50170992,3
2015,2015-04-30,1530,4,1,15,4,N,A,N,A,H,A,A,01,S,08,C,,,,,E,Y,N,D,1,0,0,0,22107.0,3,37.80549663,-122.44187593,4
2015,2015-04-14,1617,4,1,16,2,N,A,N,A,H,A,A,01,E,07,D,,Y,,,G,N,N,D,1,0,1,0,21658.0,2,37.78372671,-122.38968334,3
2015,2015-04-18,1135,4,1,11,6,N,A,N,A,H,A,A,01,E,08,D,,Y,,,G,N,F,D,1,0,1,0,22107.0,2,37.77893767,-122.42934455,4
2015,2015-04-15,2357,4,1,23,3,Y,A,N,A,H,C,A,01,,10,G,Y,,,,B,N,N,A,1,1,0,0,21950.0,2,37.79076994,-122.4040299,2
2015,2015-04-30,1345,4,1,13,4,Y,A,N,A,H,A,-,,,08,D,,,,,C,Y,N,A,2,0,0,0,22101.0,2,37.77479993,-122.42429995,3
2015,2015-04-02,1740,4,1,17,4,N,A,N,A,H,A,A,07,E,08,C,,Y,,,C,Y,F,A,3,0,3,0,22107.0,7,37.77431025,-122.43562566,2
2015,2015-04-09,1336,4,1,13,4,Y,A,N,A,H,A,A,01,,12,D,,,,,C,Y,N,A,1,0,0,0,21453.0,2,37.79572993,-122.42349988,4
2015,2015-04-15,1101,4,1,11,3,Y,A,N,A,H,A,A,01,,12,D,,,,,C,N,N,A,2,0,0,0,21453.0,2,37.73482995,-122.39076998,4
2015,2015-04-28,2300,4,1,23,2,N,-,N,-,-,C,-,- ,W,00,G,Y,,,,B,N,N,D,1,1,0,0,,2,37.76262772,-122.43301143,3
2015,2015-04-17,1317,4,1,13,5,Y,A,N,A,H,A,A,01,,09,D,,,,,C,Y,N,A,2,0,0,0,21801.0,2,37.80435995,-122.4234499,4
2015,2015-04-08,1516,4,1,15,3,Y,-,N,-,H,A,-,,,07,B,,,Y,,C,N,F,A,1,0,0,1,21658.0,3,37.77684997,-122.4720599,4
2015,2015-04-11,1904,4,1,19,6,N,A,N,A,H,A,L,04,N,09,D,,Y,,,G,,N,A,1,0,1,0,21804.0,2,37.78516777,-122.411144,3
2015,2015-04-18,1312,4,1,13,6,Y,A,N,A,H,A,-,- ,,00,E,,,,,I,N,N,D,1,0,0,0,,2,37.7847599,-122.43636993,4
2015,2015-04-17,1905,4,1,19,5,Y,A,N,A,H,A,A,01,,10,G,Y,,,,B,N,N,A,1,1,0,0,21950.0,2,37.77286996,-122.42220993,3
2015,2015-04-10,1301,4,1,13,5,N,A,N,A,H,A,A,07,W,03,C,,,,,C,N,M,A,1,0,0,0,22350.0,2,37.78957059,-122.4210048,4
2015,2015-04-29,1821,4,1,18,3,Y,A,N,A,H,A,A,01,,10,G,Y,,,,B,N,F,A,1,1,0,0,21950.0,2,37.78500991,-122.40049986,4
2015,2015-04-18,1024,4,1,10,6,Y,A,N,A,H,A,A,01,,12,D,,,,,C,Y,N,A,1,0,0,0,21453.0,2,37.77020999,-122.44534989,2
2015,2015-04-11,2202,4,1,22,6,Y,A,N,A,H,C,A,01,,00,B,Y,,,,B,N,F,A,1,1,0,0,28002.0,2,37.78828992,-122.40839999,3