ACCIDENT_YEAR,COLLISION_DATE,COLLISION_TIME,MONTH,SEASON,24HOURS,DAY_OF_WEEK,INTERSECTION,WEATHER_1,STATE_HWY_IND,ROAD_SURFACE,ROAD_COND_1,LIGHTING,STWD_VEHTYPE_AT_FAULT,CHP_VEHTYPE_AT_FAULT,DIRECTION,PCF_VIOL_CATEGORY,TYPE_OF_COLLISION,PEDESTRIAN_ACCIDENT,BICYCLE_ACCIDENT,MOTORCYCLE_ACCIDENT,TRUCK_ACCIDENT,MVIW,TOW_AWAY,HIT_AND_RUN,CONTROL_DEVICE,NUMBER_INJURED,COUNT_PED_INJURED,COUNT_BICYCLIST_INJURED,COUNT_MC_INJURED,PCF_VIOLATION,PARTY_COUNT,POINT_Y,POINT_X,COLLISION_SEVERITY
2015,2015-05-24,819,5,1,8,7,Y,B,N,A,-,A,-,,,12,D,,,,,C,,N,A,1,0,0,0,21453.0,2,37.78073993,-122.4153199,4
2015,2015-05-15,113,5,1,1,5,Y,A,N,A,H,C,A,01,,12,D,,,,,C,Y,N,A,1,0,0,0,21453.0,2,37.77479993,-122.42429995,4
2015,2015-05-26,2246,5,1,22,2,Y,A,N,A,H,C,A,07,,08,D,,,,,J,N,F,A,1,0,0,0,22107.0,2,37.75059999,-122.40220986,2
2015,2015-05-31,317,5,1,3,7,Y,A,N,A,H,C,A,01,,03,B,,,,,C,N,N,A,1,0,0,0,22350.0,2,37.77313993,-122.43742995,4
2015,2015-05-23,1512,5,1,15,6,Y,A,N,A,H,A,N,60,,11,G,Y,,,,B,N,N,A,1,1,0,0,21456.0,2,37.71460989,-122.4426499,3
2015,2015-05-15,853,5,1,8,5,Y,A,N,A,H,A,A,01,,08,D,,Y,,,G,N,F,A,1,0,1,0,22101.0,2,37.77870988,-122.41475996,3
2015,2015-05-23,1437,5,1,14,6,Y,A,N,A,H,A,A,01,,10,G,Y,,,,B,N,F,D,1,1,0,0,21950.0,2,37.76477992,-122.40253995,4
2015,2015-05-30,1901,5,1,19,6,Y,A,N,A,H,A,A,01,,08,B,,,,,C,N,N,D,1,0,0,0,22107.0,2,37.74181994,-122.5035499,4
2015,2015-05-23,1420,5,1,14,6,Y,A,N,A,H,A,-,- ,,00,H,,Y,,,G,N,N,A,1,0,1,0,,3,37.799172,-122.397759,4
2015,2015-05-13,1710,5,1,17,3,Y,A,N,A,H,A,L,04,,17,D,,Y,,,G,N,F,A,1,0,1,0,21451.0,2,37.77297997,-122.44591997,4
2015,2015-05-23,1845,5,1,18,6,Y,A,N,A,H,A,A,01,,09,D,,,,,C,N,N,D,1,0,0,0,21802.0,2,37.71174989,-122.43263987,4
2015,2015-05-08,1630,5,1,16,5,Y,A,N,A,H,A,N,60,,11,G,Y,,,,B,N,F,A,1,1,0,0,21456.0,2,37.77516996,-122.41925991,4
2015,2015-05-23,2051,5,1,20,6,Y,A,N,A,H,C,A,01,,12,G,Y,,,,B,N,F,A,1,1,0,0,21453.0,2,37.78092991,-122.41368992,3
2015,2015-05-11,1511,5,1,15,1,Y,A,N,A,H,A,-,99,,08,B,,Y,,,G,N,F,A,1,0,1,0,22101.0,2,37.77177995,-122.42358993,4
2015,2015-05-24,2214,5,1,22,7,Y,A,N,B,H,C,A,01,,12,D,,,,,C,Y,N,A,2,0,0,0,21453.0,2,37.78515994,-122.43307997,3
2015,2015-05-07,1813,5,1,18,4,Y,A,N,A,H,A,N,60,,11,D,Y,,,,B,N,F,D,1,1,0,0,21954.0,2,37.7531299,-122.40435995,3
2015,2015-05-28,2100,5,1,21,4,Y,A,N,A,H,C,A,01,,08,D,,,,,C,Y,N,A,1,0,0,0,22101.0,2,37.7862699,-122.40199989,4
2015,2015-05-13,1240,5,1,12,3,Y,A,N,A,H,A,A,07,,08,D,,,,,C,,M,D,1,0,0,0,22107.0,2,37.7146699,-122.44731993,4
2015,2015-05-13,1018,5,1,10,3,Y,A,N,A,H,A,-,,,17,H,,,,,J,N,N,D,1,0,0,0,21968.0,2,37.78350996,-122.40745997,4
2015,2015-05-18,1700,5,1,17,1,Y,A,N,A,H,A,A,01,,10,G,Y,,,,B,N,N,A,1,1,0,0,21950.0,2,37.78430998,-122.43966997,4
2015,2015-05-23,755,5,1,7,6,Y,B,N,A,H,A,A,01,,09,D,,,,,C,Y,N,A,1,0,0,0,21802.0,2,37.76256995,-122.49960993,4
2015,2015-05-04,2159,5,1,21,1,Y,A,N,A,H,C,A,01,,03,G,Y,,,,B,N,F,D,1,1,0,0,22350.0,2,37.71615992,-122.45039994,4
2015,2015-05-18,940,5,1,9,1,Y,A,N,A,H,A,-,,,12,D,,,,,C,Y,N,A,2,0,0,0,21453.0,2,37.76971998,-122.41776996,3
2015,2015-05-09,2202,5,1,22,6,Y,A,N,A,H,C,-,99,,12,G,Y,,,,B,N,F,A,1,1,0,0,22450.0,2,37.77560999,-122.43282994,4
2015,2015-05-03,37,5,1,0,7,Y,A,N,A,H,C,A,07,,12,D,,,,,C,Y,F,A,2,0,0,0,21453.0,2,37.79225996,-122.39976986,3
2015,2015-05-04,2030,5,1,20,1,Y,A,N,A,H,C,A,01,,10,B,Y,,,,B,N,F,A,1,1,0,0,21950.0,2,37.7792099,-122.41089991,4
2015,2015-05-18,829,5,1,8,1,Y,B,N,A,H,A,C,03,,06,B,,,Y,,C,N,N,D,1,0,0,1,21750.0,2,37.7884099,-122.40030992,4
2015,2015-05-11,814,5,1,8,1,Y,A,N,A,H,A,L,04,,03,H,,Y,,,G,N,F,A,1,0,1,0,22350.0,2,37.76576993,-122.40755998,3
2015,2015-05-20,25,5,1,0,3,Y,A,N,A,H,C,-,99,,17,D,,,Y,,C,Y,M,A,1,0,0,1,21451.0,2,37.77187989,-122.4140099,4
2015,2015-05-03,418,5,1,4,7,Y,A,N,A,H,C,A,01,,12,D,,,,,C,Y,N,A,3,0,0,0,21453.0,2,37.78431995,-122.4345799,4
2015,2015-05-15,1755,5,1,17,5,Y,A,N,A,H,A,A,01,,09,D,,,Y,,C,N,N,A,1,0,0,1,21802.0,2,37.79952998,-122.40121989,4
2015,2015-05-08,1517,5,1,15,5,Y,A,N,A,H,A,A,01,,08,D,,,,,C,Y,N,A,2,0,0,0,22100.0,2,37.79182992,-122.41079,4
2015,2015-05-02,1730,5,1,17,6,Y,A,N,A,H,B,-,99,,10,G,Y,,,,B,N,F,A,1,1,0,0,21950.0,2,37.78923994,-122.40139995,3
2015,2015-05-04,1800,5,1,18,1,Y,A,N,A,H,A,A,01,,08,A,,,,,C,Y,N,D,4,0,0,0,22107.0,2,37.78026997,-122.40339986,3
2015,2015-05-14,1753,5,1,17,4,Y,A,N,A,H,A,M,94,,00,H,,,,,B,N,N,A,1,0,0,0,21967.0,2,37.7967799,-122.40068991,4
2015,2015-05-08,1710,5,1,17,5,Y,A,N,A,H,A,A,01,,12,D,,,,,C,N,N,C,2,0,0,0,22450.0,2,37.76154994,-122.48022997,4
2015,2015-05-22,1754,5,1,17,5,Y,B,N,A,H,A,A,07,,12,D,,,,,C,N,F,A,1,0,0,0,22450.0,4,37.72375993,-122.4183899,4
2015,2015-05-02,1700,5,1,17,6,Y,A,N,A,H,A,A,01,,10,G,Y,,,,B,N,N,A,1,1,0,0,21950.0,2,37.78765989,-122.40345987,4
2015,2015-05-13,904,5,1,9,3,Y,B,N,A,H,A,A,01,,09,D,,,Y,,C,Y,N,A,1,0,0,1,21801.0,2,37.74832989,-122.41053993,4
2015,2015-05-20,2216,5,1,22,3,Y,C,N,B,H,C,A,07,,01,D,,,,,C,Y,N,A,2,0,0,0,23153.0,2,37.77966998,-122.42353987,4
2015,2015-05-29,1530,5,1,15,5,N,A,N,A,H,A,N,60,E,11,G,Y,,,,B,N,N,D,1,1,0,0,21955.0,2,37.78620048,-122.41739208,4
2015,2015-05-12,1426,5,1,14,2,Y,A,N,A,H,A,A,01,,03,D,,Y,,,G,N,N,D,1,0,1,0,22350.0,2,37.71061994,-122.46930997,3
2015,2015-05-12,1833,5,1,18,2,Y,A,N,A,H,A,A,01,,07,B,,Y,,,G,N,N,A,1,0,1,0,21658.0,2,37.74801998,-122.42247997,4
2015,2015-05-20,1645,5,1,16,3,Y,B,N,A,H,A,-,99,,08,D,,,Y,,C,N,F,A,1,0,0,1,22107.0,2,37.72873992,-122.43127993,3
2015,2015-05-25,2211,5,1,22,1,Y,A,N,A,H,C,A,01,,09,D,,,,,C,Y,N,A,1,0,0,0,21800.0,2,37.78725993,-122.44677989,4
2015,2015-05-10,1730,5,1,17,7,Y,A,N,A,H,A,A,01,,09,D,,Y,,,G,N,N,A,1,0,1,0,21453.0,2,37.77297997,-122.44591997,4
2015,2015-05-11,1300,5,1,13,1,Y,A,N,A,H,A,A,01,,03,A,,,,,C,Y,N,D,1,0,0,0,22350.0,2,37.70857998,-122.44485994,4
2015,2015-05-18,1855,5,1,18,1,Y,A,N,A,H,A,A,01,,08,D,,Y,,,G,N,F,A,1,0,1,0,22100.0,2,37.79767989,-122.40087992,3
2015,2015-05-26,917,5,1,9,2,Y,B,N,B,H,A,-,,,10,A,Y,,,,B,N,N,A,1,1,0,0,21950.0,2,37.78329991,-122.41751985,4
2015,2015-05-13,1641,5,1,16,3,Y,A,N,A,H,A,A,01,,09,D,,,Y,,C,Y,N,A,1,0,0,1,21801.0,2,37.72431996,-122.45820998,4
2015,2015-05-11,1518,5,1,15,1,Y,A,N,A,H,A,-,,,00,B,,,,,C,Y,N,A,1,0,0,0,21809.0,2,37.78472993,-122.4312999,4
2015,2015-05-20,2230,5,1,22,3,Y,B,Y,B,H,C,A,01,,12,B,,,Y,,D,N,F,A,1,0,0,1,21453.0,2,37.78756679,-122.42187798,3
2015,2015-05-27,1334,5,1,13,3,Y,A,N,A,H,A,A,01,,09,D,,,,,C,Y,N,D,1,0,0,0,21804.0,2,37.79084966,-122.43310153,3
2015,2015-05-13,1736,5,1,17,3,Y,A,N,A,H,A,A,01,,08,C,,,,,C,N,N,A,2,0,0,0,22107.0,3,37.7819199,-122.45215998,4
2015,2015-05-05,1707,5,1,17,2,Y,A,N,A,H,A,-,- ,,18,D,,Y,,,G,N,N,D,1,0,1,0,,2,37.78089999,-122.40570992,4
2015,2015-05-01,808,5,1,8,5,Y,A,N,A,H,A,-,99,,09,D,,Y,,,G,N,M,A,1,0,1,0,21801.0,2,37.77863989,-122.43174987,3
2015,2015-05-05,2036,5,1,20,2,Y,A,N,A,H,C,A,01,,09,D,,,Y,,C,Y,N,A,1,0,0,1,21801.0,2,37.73115989,-122.47213992,4
2015,2015-05-26,2333,5,1,23,2,N,A,N,A,H,C,A,01,S,01,C,,,,,C,N,F,D,3,0,0,0,23153.0,3,37.79918779,-122.39746928,4
2015,2015-05-06,1725,5,1,17,3,N,A,N,A,H,A,A,01,N,04,C,,,,,C,N,N,D,1,0,0,0,21703.0,2,37.7671548,-122.40767498,4
2015,2015-05-28,1712,5,1,17,4,Y,A,N,A,H,A,L,04,,09,D,,Y,,,G,N,N,A,1,0,1,0,21801.0,2,37.77832993,-122.39653988,3
2015,2015-05-29,232,5,1,2,5,Y,B,N,B,H,C,N,60,,11,G,Y,,,,B,N,N,A,1,1,0,0,21955.0,2,37.78716995,-122.40985988,2
2015,2015-05-06,1700,5,1,17,3,N,A,N,A,H,A,-,,E,03,C,,,,,C,Y,N,A,2,0,0,0,22350.0,4,37.78508188,-122.42767543,4
2015,2015-05-23,45,5,1,0,6,N,F,N,B,H,C,A,07,W,03,E,Y,,,,I,Y,N,D,1,1,0,0,22350.0,2,37.77789773,-122.39232785,3
2015,2015-05-29,1759,5,1,17,5,Y,A,N,A,H,A,L,04,,09,A,,Y,,,G,N,N,A,1,0,1,0,21801.0,2,37.7669299,-122.41545989,4
2015,2015-05-29,745,5,1,7,5,Y,B,N,A,H,A,A,01,,09,D,,,,,C,Y,N,A,2,0,0,0,21801.0,2,37.72675993,-122.43605999,3
2015,2015-05-06,1614,5,1,16,3,N,A,N,A,H,A,N,60,S,11,G,Y,,,,B,N,N,A,1,1,0,0,21955.0,2,37.77440336,-122.48431708,2
2015,2015-05-27,30,5,1,0,3,N,A,N,A,H,C,N,60,W,11,G,Y,,,,B,Y,N,D,1,1,0,0,21955.0,2,37.76368931,-122.43389336,2
2015,2015-05-27,1919,5,1,19,3,Y,A,N,A,D,A,A,01,,09,D,,,,,C,Y,N,A,1,0,0,0,21801.0,2,37.77832993,-122.39653988,4
2015,2015-05-20,2354,5,1,23,3,Y,A,N,A,H,C,N,60,,11,G,Y,,,,B,N,N,A,1,1,0,0,21453.0,2,37.78827999,-122.42357987,3
2015,2015-05-26,1753,5,1,17,2,N,A,N,A,H,A,A,01,E,03,F,,,,,E,Y,N,A,1,0,0,0,22350.0,2,37.7821604,-122.4814454,4
2015,2015-05-22,1001,5,1,10,5,Y,A,N,A,H,A,C,02,,08,C,,,Y,,C,N,N,A,1,0,0,0,22101.0,2,37.77730992,-122.4040799,4
2015,2015-05-19,2325,5,1,23,2,N,A,Y,A,H,C,A,01,N,00,C,,,,,C,Y,N,D,2,0,0,0,23159.0,2,37.71759528,-122.47312481,3
2015,2015-05-11,1626,5,1,16,1,N,A,N,A,H,A,L,04,N,05,D,,Y,,,G,N,N,A,1,0,1,0,21650.0,2,37.78258087,-122.41569201,4
2015,2015-05-28,1632,5,1,16,4,N,B,N,A,H,A,A,01,S,03,C,,,,,C,N,N,A,1,0,0,0,22350.0,2,37.71890608,-122.50033791,4
2015,2015-05-22,1305,5,1,13,5,Y,B,N,A,H,A,A,01,,03,C,,,,,C,N,N,D,1,0,0,0,22350.0,3,37.76801994,-122.42440985,4
2015,2015-05-19,1030,5,1,10,2,N,B,N,A,H,A,A,01,S,21,C,,Y,,,G,N,N,D,1,0,1,0,22106.0,2,37.74285015,-122.47676942,3
2015,2015-05-11,1353,5,1,13,1,N,A,N,A,H,A,L,04,W,12,D,,Y,,,G,N,N,A,1,0,1,0,22450.0,2,37.75224845,-122.47854532,3
2015,2015-05-16,800,5,1,8,6,N,A,N,A,H,A,A,07,W,08,D,,,,,C,Y,N,D,2,0,0,0,22107.0,2,37.71123542,-122.42692423,4
2015,2015-05-22,2011,5,1,20,5,Y,A,N,A,H,A,L,04,,12,D,,Y,,,G,N,N,A,1,0,1,0,21453.0,2,37.77768998,-122.43155991,4
2015,2015-05-13,1735,5,1,17,3,N,A,N,A,H,A,A,01,N,03,C,,,,,E,N,N,D,1,0,0,0,22350.0,2,37.76217816,-122.44689545,3
2015,2015-05-08,2331,5,1,23,5,N,A,Y,A,H,C,A,01,N,01,A,,,,,C,Y,F,A,3,0,0,0,23153.0,2,37.70708304,-122.46985444,2
2015,2015-05-19,1900,5,1,19,2,-,A,N,A,H,A,A,01,,08,-,,Y,,,G,N,F,A,1,0,1,0,22107.0,2,37.79080374,-122.39947021,4
2015,2015-05-22,2251,5,1,22,5,Y,A,N,A,H,C,A,01,,03,A,,,,,J,Y,N,A,1,0,0,0,22350.0,1,37.72820989,-122.37914998,4
2015,2015-05-06,2056,5,1,20,3,N,A,N,A,B,D,A,01,S,08,A,,,,,C,Y,N,D,1,0,0,0,22107.0,2,37.7089638,-122.39287965,4
2015,2015-05-08,1100,5,1,11,5,N,A,N,A,H,A,A,01,,17,B,,Y,,,G,N,F,D,1,0,1,0,22517.0,2,37.78307993,-122.39362985,4
2015,2015-05-30,1636,5,1,16,6,N,A,N,A,H,A,L,04,N,08,B,,Y,,,G,N,N,A,1,0,1,0,22107.0,2,37.7644202,-122.43088669,4
2015,2015-05-20,1900,5,1,19,3,Y,B,N,A,H,A,A,01,,21,G,Y,,,,B,N,N,A,1,1,0,0,22106.0,2,37.80269317,-122.41385758,4
2015,2015-05-02,200,5,1,2,6,N,A,N,A,H,A,A,01,N,03,C,,,,,C,N,F,A,1,0,0,0,22350.0,2,37.77254672,-122.40702673,3
2015,2015-05-10,235,5,1,2,7,N,A,N,A,H,C,A,01,S,03,E,,,,,I,Y,M,D,1,0,0,0,22350.0,1,37.77205311,-122.48391795,3
2015,2015-05-30,1517,5,1,15,6,N,A,N,A,H,A,A,07,S,- ,H,,,,,E,Y,N,D,1,0,0,0,,2,37.73362214,-122.41502845,2
2015,2015-05-22,955,5,1,9,5,Y,B,Y,A,H,A,A,01,,12,D,,,,,C,Y,N,A,2,0,0,0,21453.0,2,37.79950967,-122.42408247,4
2015,2015-05-30,1725,5,1,17,6,N,A,N,A,H,A,A,01,E,17,H,,Y,,,G,N,N,D,1,0,1,0,22517.0,2,37.782154,-122.48158361,3
2015,2015-05-09,1045,5,1,10,6,N,B,N,A,H,A,A,01,E,07,B,,,,,C,Y,N,A,1,0,0,0,21658.0,3,37.77285351,-122.44710581,4
2015,2015-05-19,2245,5,1,22,2,N,A,N,A,H,C,A,01,N,03,E,,,,,I,Y,N,D,1,0,0,0,22350.0,1,37.73610465,-122.4079992,3
2015,2015-05-17,1647,5,1,16,7,Y,A,N,A,H,A,C,02,,17,D,Y,,Y,,C,Y,N,A,2,1,0,1,23109.0,3,37.77730992,-122.4040799,3
2015,2015-05-30,1417,5,1,14,6,N,A,N,A,H,A,A,01,S,21,D,,,,,C,Y,N,D,1,0,0,0,22106.0,2,37.79181559,-122.42935153,3
2015,2015-05-11,39,5,1,0,1,Y,A,N,A,H,D,A,01,,03,A,,,,,C,Y,N,D,3,0,0,0,22350.0,2,37.75486999,-122.4636199,2
2015,2015-05-19,1827,5,1,18,2,N,B,N,A,H,A,L,04,S,08,B,,Y,,,G,N,N,A,1,0,1,0,22107.0,2,37.72105635,-122.43757237,4
2015,2015-05-17,1205,5,1,12,7,Y,B,N,A,H,A,A,07,,09,D,,,Y,,C,Y,N,A,1,0,0,1,21453.0,2,37.79928387,-122.39754796,2
2015,2015-05-15,2116,5,1,21,5,N,A,N,A,H,C,A,01,E,09,D,,,,,C,Y,N,D,1,0,0,0,21801.0,2,37.79021923,-122.42345615,4
2015,2015-05-19,242,5,1,2,2,N,B,Y,A,H,C,A,01,N,01,E,,,,,I,Y,N,D,1,0,0,0,23152.0,1,37.7671077,-122.40540814,3
2015,2015-05-17,1746,5,1,17,7,Y,A,N,A,H,A,A,01,,08,B,,,Y,,C,Y,N,A,1,0,0,1,22107.0,2,37.77274996,-122.47990999,3
2015,2015-05-07,1540,5,1,15,4,N,A,N,A,H,A,N,60,S,11,G,Y,,,,B,N,N,A,1,1,0,0,21950.0,2,37.80302188,-122.41137825,3
2015,2015-05-15,710,5,1,7,5,N,A,N,A,H,A,N,60,E,11,G,Y,,,,B,N,N,A,1,1,0,0,21453.0,2,37.78206218,-122.42738291,4
2015,2015-05-20,805,5,1,8,3,N,B,N,A,H,A,-,,N,03,B,,,,,E,,N,D,1,0,0,0,22350.0,2,,,2
2015,2015-05-31,2050,5,1,20,7,Y,A,N,A,H,C,A,01,,12,B,,,,,C,Y,N,A,1,0,0,0,22450.0,5,37.7131899,-122.45903995,4
2015,2015-05-08,1653,5,1,16,5,N,A,N,A,H,A,A,01,N,04,C,,,Y,,C,N,N,D,1,0,0,1,21703.0,2,37.73600734,-122.43971708,4
2015,2015-05-15,1155,5,1,11,5,N,B,N,A,H,A,A,08,S,09,-,,,Y,,C,N,N,D,1,0,0,1,21801.0,2,37.7636987,-122.44954215,4
2015,2015-05-26,2119,5,1,21,2,Y,A,N,A,H,C,C,02,,03,H,,,Y,,A,N,N,A,1,0,0,1,22350.0,1,37.77588996,-122.41513994,3
2015,2015-05-31,1200,5,1,12,7,Y,A,N,D,G,A,-,- ,,18,H,,,Y,,J,N,N,A,1,0,0,1,,1,37.805058,-122.4253485,4
2015,2015-05-05,1554,5,1,15,2,N,A,N,A,H,A,N,60,N,11,G,Y,,,,B,N,N,D,1,1,0,0,21954.0,2,37.71516098,-122.45611,3
2015,2015-05-03,1703,5,1,17,7,N,A,N,A,H,A,A,01,S,09,D,,,,,C,N,N,A,2,0,0,0,21804.0,2,37.77240723,-122.45419931,4
2015,2015-05-31,2336,5,1,23,7,N,A,N,A,H,C,A,01,N,01,C,,Y,,,G,Y,F,D,1,0,1,0,23152.0,4,37.76203026,-122.42159431,2
2015,2015-05-16,2158,5,1,21,6,Y,A,N,A,H,C,A,01,,12,D,,,,,C,Y,N,A,2,0,0,0,21453.0,2,37.7608599,-122.49582995,4
2015,2015-05-07,816,5,1,8,4,N,A,N,A,H,A,A,01,E,03,C,,,,,C,Y,N,D,1,0,0,0,22350.0,2,37.80618571,-122.40912805,4
2015,2015-05-15,650,5,1,6,5,N,A,N,A,H,A,A,01,E,03,C,,,,,C,N,N,A,2,0,0,0,22350.0,3,37.78071055,-122.43032589,4
2015,2015-05-30,1234,5,1,12,6,N,A,N,A,H,A,A,01,S,08,D,,,,,C,,N,D,1,0,0,0,22107.0,2,37.75232094,-122.39263772,4
2015,2015-05-18,1538,5,1,15,1,Y,A,N,A,H,A,A,01,,12,A,,,,,C,N,N,A,1,0,0,0,21453.0,2,37.78063,-122.47398993,4
2015,2015-05-03,1523,5,1,15,7,N,A,N,A,H,A,A,01,E,09,D,,,,,C,N,N,A,1,0,0,0,21804.0,2,37.71024805,-122.4604461,4
2015,2015-05-13,1922,5,1,19,3,N,A,N,A,H,B,-,,W,07,C,,,,,A,N,N,D,1,0,0,0,21658.0,2,37.78864832,-122.4152359,3
2015,2015-05-10,419,5,1,4,7,N,A,N,B,H,C,C,02,N,03,C,,,Y,,C,Y,N,A,1,0,0,1,22350.0,2,37.78104858,-122.40877491,2
2015,2015-05-16,2327,5,1,23,6,Y,A,N,A,H,C,A,07,,01,C,,,,,D,N,N,A,1,0,0,0,23153.0,2,37.74220995,-122.49452995,4
2015,2015-05-04,1617,5,1,16,1,N,A,N,A,H,A,-,- ,S,00,G,Y,,,,B,N,F,D,1,1,0,0,,2,37.74277837,-122.47245579,3
2015,2015-05-19,1133,5,1,11,2,N,B,N,A,H,A,-,,N,08,A,,,,,I,Y,N,D,1,0,0,0,22107.0,1,37.79018714,-122.43241317,3
2015,2015-05-17,2220,5,1,22,7,N,A,N,A,H,C,L,04,E,09,D,,Y,,,G,N,M,D,1,0,1,0,21804.0,2,37.79080093,-122.40375932,3
2015,2015-05-30,20,5,1,0,6,N,A,N,A,H,C,N,60,N,11,G,Y,,,,B,N,N,A,1,1,0,0,21955.0,2,37.76105155,-122.43501657,4
2015,2015-05-23,1419,5,1,14,6,N,A,N,A,H,A,N,60,N,11,G,Y,,,,B,N,N,D,1,1,0,0,21956.0,2,37.78032666,-122.40785233,3
2015,2015-05-25,2336,5,1,23,1,Y,A,N,A,H,C,A,01,,10,G,Y,,,,B,N,N,A,1,1,0,0,21950.0,2,37.79593996,-122.42175989,3
2015,2015-05-29,855,5,1,8,5,N,B,N,A,H,A,A,01,,03,C,,,,,C,N,F,A,4,0,0,0,22350.0,2,37.72148993,-122.39988992,4
2015,2015-05-24,1315,5,1,13,7,N,A,N,A,H,A,A,01,E,17,B,,,,,C,Y,N,D,1,0,0,0,22517.0,2,37.77964719,-122.4566139,4
2015,2015-02-26,640,2,4,6,4,Y,A,N,A,H,A,A,01,,21,C,,,,,C,N,N,A,1,0,0,0,22106.0,2,37.76828997,-122.41996989,4
2015,2015-02-26,1220,2,4,12,4,N,A,N,A,H,A,-,,N,08,E,Y,,,,I,N,N,D,1,1,0,0,22107.0,2,37.77990673,-122.43201377,4
2015,2015-02-26,1045,2,4,10,4,Y,A,Y,A,H,A,A,01,,03,B,,,,,C,Y,N,A,1,0,0,0,22350.0,2,37.79322078,-122.42302197,4
2015,2015-02-16,1439,2,4,14,1,Y,A,N,A,H,A,-,,,10,G,Y,,,,-,N,N,D,2,2,0,0,21950.0,3,37.7575899,-122.40959994,3
2015,2015-02-26,2315,2,4,23,4,Y,A,N,A,H,C,A,01,,09,D,,Y,,,G,N,F,A,1,0,1,0,21802.0,2,37.76625993,-122.42659992,4
2015,2015-05-18,705,5,1,7,1,N,B,N,A,H,A,-,- ,N,18,C,,,,,C,Y,N,A,1,0,0,0,,2,37.75464573,-122.40647644,3
2015,2015-02-12,617,2,4,6,4,Y,A,N,A,H,C,A,01,,12,D,,,,,C,Y,N,A,2,0,0,0,21453.0,2,37.80036,-122.44710996,4
2015,2015-05-30,2300,5,1,23,6,N,A,N,A,H,C,L,04,S,17,D,,Y,,,G,N,N,A,1,0,1,0,21200.0,2,37.77159801,-122.41124762,4
2015,2015-05-23,1010,5,1,10,6,N,A,N,A,H,A,A,01,N,03,B,,Y,,,G,,F,D,1,0,1,0,22350.0,2,37.78443364,-122.39531373,3
2015,2015-05-14,845,5,1,8,4,Y,A,N,A,H,A,A,01,,09,D,,,,,C,N,N,B,1,0,0,0,21800.0,2,37.76420998,-122.39080996,4
2015,2015-05-22,1937,5,1,19,5,Y,A,N,A,H,B,A,01,,12,D,,,,,C,Y,N,A,1,0,0,0,21453.0,2,37.71211998,-122.45200992,4
2015,2015-05-23,218,5,1,2,6,Y,F,N,D,H,C,N,60,,11,G,Y,,,,B,Y,N,A,1,1,0,0,21453.0,2,37.75050993,-122.47617997,4
2015,2015-05-17,336,5,1,3,7,N,B,N,A,H,C,-,,W,06,A,,,,,C,Y,N,D,2,0,0,0,21750.0,3,37.73799254,-122.39630695,4
2015,2015-01-12,1149,1,4,11,1,Y,-,N,-,-,A,D,22,,17,B,,,,,E,N,N,A,1,0,0,0,22517.0,2,37.76183993,-122.41936989,4
2015,2015-01-21,1034,1,4,10,3,N,A,N,A,H,A,A,01,E,03,C,,,,,C,Y,N,D,1,0,0,0,22350.0,3,37.71091977,-122.42603128,4
2015,2015-01-25,1627,1,4,16,7,Y,A,N,A,H,A,D,22,,10,G,Y,,,,B,N,F,D,1,1,0,0,21954.0,2,37.78702989,-122.39998996,4
2015,2015-01-27,1926,1,4,19,2,Y,A,N,A,H,C,D,22,,10,G,Y,,,,B,N,N,A,1,1,0,0,21950.0,2,37.75133993,-122.49990998,3
2015,2015-01-30,1301,1,4,13,5,N,A,N,A,H,A,I,09,N,03,C,,,,,C,N,N,D,6,0,0,0,22350.0,2,37.76556238,-122.41971658,4
2015,2015-01-06,130,1,4,1,2,N,A,N,A,H,C,I,20,E,21,G,Y,,,,B,N,N,D,1,1,0,0,22106.0,2,37.77540326,-122.44961752,4
2015,2015-01-07,859,1,4,8,3,N,A,N,A,H,A,D,22,W,03,C,,,,,C,N,N,D,1,0,0,0,22350.0,3,37.73731792,-122.39671042,4
2015,2015-01-08,710,1,4,7,4,N,A,N,A,H,A,G,25,S,05,B,,,,Y,C,N,N,D,2,0,0,0,21650.0,2,37.74502993,-122.38723989,4
2015,2015-01-06,1555,1,4,15,2,N,A,N,A,H,A,A,01,E,03,C,,,,,E,N,N,A,1,0,0,0,22350.0,2,37.78554267,-122.43005769,4
2015,2015-01-14,1301,1,4,13,3,Y,A,N,A,H,A,N,60,,- ,H,Y,,,,J,N,N,A,1,1,0,0,,2,37.77144996,-122.45061987,4
2015,2015-01-05,1535,1,4,15,1,Y,A,N,A,H,A,D,22,,12,D,,,Y,,C,N,N,A,1,0,0,1,21453.0,2,37.79191993,-122.40255,4
2015,2015-01-16,1524,1,4,15,5,N,A,N,A,H,A,N,60,W,11,B,Y,,,,B,N,N,D,1,1,0,0,21956.0,2,37.73617767,-122.5042618,3
2015,2015-01-05,1323,1,4,13,1,N,A,Y,A,H,A,A,01,E,03,C,,,,,C,N,N,D,2,0,0,0,22350.0,3,37.77280432,-122.47189887,4
2015,2015-01-05,801,1,4,8,1,N,A,N,A,H,A,I,,N,03,B,,,,Y,C,N,N,A,1,0,0,0,22350.0,2,37.73478283,-122.41371622,4
2015,2015-01-28,1830,1,4,18,3,Y,A,N,A,H,E,-,,,00,D,,,,,-,N,N,A,1,0,0,0,21967.0,2,37.7668699,-122.41654999,4
2015,2015-01-02,1934,1,4,19,5,N,A,N,A,H,C,A,01,N,05,A,,,,,I,Y,N,D,1,0,0,0,21460.0,1,37.74932755,-122.46006443,4
2015,2015-01-02,2200,1,4,22,5,Y,A,N,A,A,C,-,- ,,18,E,,,Y,,I,N,N,A,1,0,0,1,,1,37.75820993,-122.42582988,4
2015,2015-01-03,400,1,4,4,6,Y,A,N,A,H,C,A,01,,12,D,,,,,C,Y,N,A,1,0,0,0,21453.0,2,37.78452997,-122.43294989,3