ACCIDENT_YEAR,COLLISION_DATE,COLLISION_TIME,MONTH,SEASON,24HOURS,DAY_OF_WEEK,INTERSECTION,WEATHER_1,STATE_HWY_IND,ROAD_SURFACE,ROAD_COND_1,LIGHTING,STWD_VEHTYPE_AT_FAULT,CHP_VEHTYPE_AT_FAULT,DIRECTION,PCF_VIOL_CATEGORY,TYPE_OF_COLLISION,PEDESTRIAN_ACCIDENT,BICYCLE_ACCIDENT,MOTORCYCLE_ACCIDENT,TRUCK_ACCIDENT,MVIW,TOW_AWAY,HIT_AND_RUN,CONTROL_DEVICE,NUMBER_INJURED,COUNT_PED_INJURED,COUNT_BICYCLIST_INJURED,COUNT_MC_INJURED,PCF_VIOLATION,PARTY_COUNT,POINT_Y,POINT_X,COLLISION_SEVERITY
2015,2015-11-10,1535,11,3,15,2,Y,A,N,A,H,A,N,60,,11,G,Y,,,,B,N,N,A,1,1,0,0,21453.0,2,37.776294,-122.390019,3
2015,2015-11-13,2050,11,3,20,5,N,A,N,A,H,C,A,07,E,12,C,,,,,C,N,N,A,1,0,0,0,22450.0,2,37.758845,-122.41567332,4
2015,2015-11-15,200,11,3,2,7,Y,A,N,A,-,C,A,01,,01,A,,,,,C,Y,N,A,3,0,0,0,23152.0,3,37.78023992,-122.48257993,4
2015,2015-11-14,1500,11,3,15,6,Y,A,N,A,H,A,C,02,,09,H,,,Y,,J,Y,N,A,1,0,0,1,21801.0,1,37.76143993,-122.42615994,2
2015,2015-11-11,1453,11,3,14,3,Y,B,N,A,H,A,N,60,,11,G,Y,,,,B,Y,N,A,1,1,0,0,21456.0,3,37.78038991,-122.4793899,4
2015,2015-11-12,1905,11,3,19,4,N,A,N,A,H,C,A,01,S,21,C,,,,,C,Y,F,D,1,0,0,0,22106.0,2,37.75148781,-122.40617898,4
2015,2015-11-14,1208,11,3,12,6,N,A,N,A,H,A,A,01,W,07,B,,,,,C,Y,N,A,1,0,0,0,21658.0,3,37.78035987,-122.40350185,4
2015,2015-11-11,525,11,3,5,3,N,A,N,A,H,C,A,01,W,03,B,,,,,C,Y,N,D,1,0,0,0,22350.0,2,37.72906235,-122.41858561,4
2015,2015-11-16,1800,11,3,18,1,N,A,N,A,H,C,C,02,S,01,B,,,Y,,C,N,N,A,1,0,0,1,23152.0,2,37.77923211,-122.45874057,3
2015,2015-11-14,1000,11,3,10,6,Y,A,N,A,H,A,A,01,,12,D,,,,,D,Y,N,A,3,0,0,0,21453.0,2,37.78097992,-122.40868999,4
2015,2015-11-13,817,11,3,8,5,Y,A,N,D,H,A,-,- ,,00,F,,Y,,,I,N,N,A,1,0,1,0,,1,37.75436,-122.43658987,3
2015,2015-11-16,753,11,3,7,1,N,A,N,A,H,A,L,04,W,08,D,,Y,,,G,N,N,A,1,0,1,0,22107.0,2,37.77091604,-122.4899975,4
2015,2015-11-14,5,11,3,0,6,Y,A,N,A,H,C,N,60,,12,G,Y,,,,B,N,N,A,1,1,0,0,21453.0,2,37.78137995,-122.45774996,3
2015,2015-11-13,1935,11,3,19,5,Y,-,N,-,-,-,-,- ,,00,-,,,,,-,N,N,-,1,0,0,0,,2,37.78152992,-122.42391991,4
2015,2015-11-07,1246,11,3,12,6,Y,A,N,A,H,A,L,04,,10,G,Y,Y,,,B,N,N,A,2,1,1,0,21950.0,2,37.77168989,-122.43372996,3
2015,2015-11-11,1313,11,3,13,3,N,A,N,A,H,A,C,03,E,06,B,,,Y,,C,N,N,A,1,0,0,1,21750.0,2,37.8053881,-122.42295648,4
2015,2015-11-13,2130,11,3,21,5,N,A,N,A,H,C,N,60,N,11,G,Y,,,,B,N,N,A,1,1,0,0,21456.0,2,37.78590187,-122.4129893,3
2015,2015-11-13,928,11,3,9,5,Y,A,N,A,H,A,N,60,,11,D,Y,Y,,,-,N,N,A,2,1,1,0,21954.0,2,37.78765989,-122.40345987,2
2015,2015-11-15,1501,11,3,15,7,Y,A,N,A,H,A,A,01,,09,D,,,Y,,C,N,N,A,1,0,0,1,21802.0,2,37.74200994,-122.49925995,2
2015,2015-11-12,652,11,3,6,4,N,A,N,A,H,A,A,08,S,10,G,Y,,,,B,N,F,A,1,1,0,0,21950.0,2,37.73294733,-122.40464333,2
2015,2015-11-14,2120,11,3,21,6,N,A,N,A,H,C,A,07,N,21,B,,,,,C,N,N,D,1,0,0,0,22106.0,2,37.7604996,-122.4192433,4
2015,2015-11-13,1650,11,3,16,5,N,A,N,A,H,B,N,60,E,12,G,Y,,,,B,N,F,A,2,2,0,0,21453.0,3,37.73005704,-122.39243668,3
2015,2015-11-15,955,11,3,9,7,Y,A,N,A,H,A,-,- ,,00,G,Y,,,,B,N,N,A,1,1,0,0,,2,37.78256989,-122.41568995,4
2015,2015-11-18,1845,11,3,18,3,N,-,N,A,H,C,C,02,S,08,C,,,Y,,C,N,N,D,1,0,0,1,22107.0,2,37.73267514,-122.50721749,4
2015,2015-11-10,838,11,3,8,2,Y,A,N,A,H,A,A,01,,10,G,Y,,,,B,N,N,A,1,1,0,0,21950.0,2,37.80456995,-122.42179996,3
2015,2015-11-08,2259,11,3,22,7,Y,A,N,B,H,C,A,07,,08,B,,,Y,,C,Y,N,D,1,0,0,1,22107.0,2,37.77498989,-122.41004988,4
2015,2015-11-13,2130,11,3,21,5,Y,A,N,A,H,A,-,,,03,B,,,,,C,N,M,D,1,0,0,0,22350.0,2,37.72137,-122.47367986,4
2015,2015-11-17,1421,11,3,14,2,Y,A,N,A,H,A,L,04,,03,C,,Y,,,E,N,N,D,1,0,1,0,22350.0,2,37.76667998,-122.50629994,3
2015,2015-11-13,1914,11,3,19,5,Y,A,N,A,H,C,A,01,,17,H,,Y,,,G,N,N,A,1,0,1,0,22517.0,2,37.79232994,-122.39119986,3
2015,2015-11-19,1028,11,3,10,4,Y,A,N,A,H,A,A,01,,12,D,,,Y,,C,Y,N,A,1,0,0,1,21453.0,2,37.7422799,-122.42328998,4
2015,2015-11-11,655,11,3,6,3,N,A,Y,A,H,A,A,01,N,03,C,,,,,C,Y,N,A,2,0,0,0,22350.0,3,37.71975209,-122.39992279,4
2015,2015-11-08,757,11,3,7,7,Y,C,Y,B,H,A,-,,,12,D,,,,,C,,N,A,2,0,0,0,21453.0,2,37.78196262,-122.42055652,4
2015,2015-11-10,841,11,3,8,2,N,A,N,A,H,A,A,01,E,10,G,Y,,,,B,N,N,A,1,1,0,0,21950.0,2,37.7804311,-122.47831275,3
2015,2015-11-09,800,11,3,8,1,Y,C,N,B,H,A,A,01,,10,G,Y,,,,B,N,N,A,1,1,0,0,21950.0,2,37.73151991,-122.45339995,4
2015,2015-11-18,1627,11,3,16,3,Y,A,N,A,H,A,A,07,,09,D,,,,,C,Y,N,A,1,0,0,0,21801.0,2,37.73662996,-122.49412989,4
2015,2015-11-08,1632,11,3,16,7,Y,B,N,A,H,A,A,01,,08,D,,,,,C,Y,N,A,2,0,0,0,22100.0,2,37.77187989,-122.4140099,4
2015,2015-11-25,1353,11,3,13,3,Y,A,N,A,H,A,A,01,,04,C,,,,,C,N,N,D,1,0,0,0,21703.0,2,37.71717997,-122.47271987,4
2015,2015-11-25,930,11,3,9,3,N,A,N,A,H,A,A,01,E,10,G,Y,,,,B,N,N,A,1,1,0,0,21950.0,2,37.77725,-122.45856923,3
2015,2015-11-25,1015,11,3,10,3,Y,A,Y,A,H,A,A,01,,04,C,,,,,C,N,N,A,5,0,0,0,21703.0,2,37.79132585,-122.42242926,4
2015,2015-10-25,1352,10,3,13,7,Y,A,N,A,H,A,A,01,,09,D,,,,,C,N,N,D,1,0,0,0,21800.0,2,37.71699989,-122.44346991,4
2015,2015-11-24,2227,11,3,22,2,N,C,N,B,H,C,A,01,E,01,A,,,,,C,Y,F,A,2,0,0,0,23152.0,2,37.76604582,-122.4640925,3
2015,2015-11-23,1538,11,3,15,1,Y,A,N,A,D,A,A,01,,00,C,,Y,,,G,N,N,A,1,0,1,0,21760.0,2,37.76300994,-122.4262999,4
2015,2015-11-30,945,11,3,9,1,Y,B,N,A,H,A,A,01,,- ,B,,Y,,,G,N,N,A,1,0,1,0,,2,37.78800992,-122.39978994,4
2015,2015-11-12,2214,11,3,22,4,Y,A,N,A,H,C,L,04,,12,A,,Y,,,G,N,N,D,1,0,1,0,22450.0,2,37.72716998,-122.43680992,4
2015,2015-11-20,139,11,3,1,5,Y,A,Y,A,H,C,A,01,,09,B,,,,,-,N,N,A,1,0,0,0,21801.0,2,37.78480613,-122.42113308,3
2015,2015-11-23,900,11,3,9,1,N,A,N,A,H,A,A,01,W,10,-,Y,,,,-,N,N,-,1,1,0,0,21950.0,2,37.80481979,-122.41238497,3
2015,2015-11-15,2110,11,3,21,7,Y,A,N,A,H,C,C,02,,03,D,,,Y,,C,N,N,D,1,0,0,1,22350.0,2,37.78229991,-122.40591999,4
2015,2015-11-12,1630,11,3,16,4,N,A,N,A,-,A,A,07,W,17,E,,,,,J,N,N,D,1,0,0,0,22517.0,3,37.78160651,-122.41584176,4
2015,2015-11-26,1600,11,3,16,4,N,A,N,A,H,A,A,08,,04,C,,,,,C,N,N,D,2,0,0,0,21703.0,2,37.79134988,-122.39959986,4
2015,2015-11-23,1413,11,3,14,1,N,A,N,A,H,A,N,60,S,11,G,Y,,,,B,N,N,D,1,1,0,0,21956.0,2,37.75325333,-122.42299855,4
2015,2015-11-23,1740,11,3,17,1,N,B,N,A,H,C,A,01,N,03,C,,,,,C,N,F,A,2,0,0,0,22350.0,2,37.71431912,-122.39936418,4
2015,2015-11-12,1331,11,3,13,4,Y,A,N,A,D,A,C,06,,04,C,,,Y,,C,N,N,A,1,0,0,0,21703.0,2,37.77752991,-122.39110987,4
2015,2015-11-25,1906,11,3,19,3,N,A,N,A,H,C,A,01,S,04,C,,,,,C,Y,N,D,2,0,0,0,21703.0,2,37.74792809,-122.40353535,4
2015,2015-11-24,850,11,3,8,2,N,C,N,B,H,A,A,01,S,17,B,,Y,,,G,N,N,D,1,0,1,0,22517.0,2,37.7551594,-122.4209546,4
2015,2015-11-19,1224,11,3,12,4,Y,A,N,A,H,A,D,22,,08,B,,,Y,,C,N,F,A,1,0,0,1,22100.0,2,37.77824993,-122.41995988,4
2015,2015-11-30,1330,11,3,13,1,Y,B,N,A,H,A,A,07,,12,D,,,,,C,N,N,A,1,0,0,0,21453.0,2,37.71609998,-122.44459999,4
2015,2015-11-22,1555,11,3,15,7,N,A,N,A,H,A,A,01,W,01,C,,,,,C,Y,N,A,1,0,0,0,23152.0,3,37.76786392,-122.42694533,4
2015,2015-11-25,2212,11,3,22,3,Y,A,N,A,H,C,A,01,,09,D,,,,,C,Y,N,A,1,0,0,0,21802.0,2,37.73388997,-122.43580998,4
2015,2015-11-21,806,11,3,8,6,N,A,N,A,H,A,C,02,E,03,C,,,Y,,C,,N,A,1,0,0,0,22350.0,2,37.7809441,-122.46739936,4
2015,2015-11-26,1530,11,3,15,4,Y,A,N,A,H,B,A,01,,12,D,,,,,C,N,F,D,1,0,0,0,22450.0,2,37.76431993,-122.41037988,4
2015,2015-11-21,2245,11,3,22,6,N,A,Y,A,H,C,A,01,E,12,B,,,,,C,Y,F,A,1,0,0,0,21453.0,2,37.79762183,-122.42390995,4
2015,2015-11-09,1058,11,3,10,1,Y,B,Y,B,H,A,A,01,,10,G,Y,,,,B,N,N,D,1,1,0,0,21950.0,2,37.77525791,-122.40556271,4
2015,2015-11-17,1406,11,3,14,2,Y,A,N,A,H,A,A,01,,09,B,,,Y,,C,Y,N,A,1,0,0,1,21802.0,2,37.73103373,-122.42962539,4
2015,2015-11-18,1723,11,3,17,3,Y,A,N,A,H,C,A,01,,10,G,Y,,,,B,N,N,D,1,1,0,0,21950.0,2,37.73137,-122.45576989,2
2015,2015-11-21,1850,11,3,18,6,N,A,N,A,H,C,A,01,W,05,B,,,,,C,Y,N,A,1,0,0,0,21460.0,2,37.76928617,-122.49613191,4
2015,2015-11-25,1047,11,3,10,3,N,A,N,A,H,A,A,01,E,03,B,,,,,C,N,N,D,4,0,0,0,22350.0,3,37.77733488,-122.43449101,4
2015,2015-11-13,2150,11,3,21,5,Y,A,N,A,H,C,C,02,,03,H,,,Y,,A,Y,N,D,1,0,0,1,22350.0,1,37.78442996,-122.47312992,3
2015,2015-11-20,2002,11,3,20,5,-,A,N,A,H,C,A,01,,08,D,,,,,C,Y,N,D,2,0,0,0,22107.0,2,37.72036263,-122.43809044,4
2015,2015-11-23,2016,11,3,20,1,N,A,N,A,H,C,C,02,S,03,H,,,Y,,J,N,N,A,1,0,0,1,22350.0,1,37.77510367,-122.42932722,4
2015,2015-11-19,828,11,3,8,4,N,A,N,A,H,A,A,01,E,10,G,Y,,,,B,N,N,A,4,4,0,0,21950.0,5,37.73671225,-122.39407572,3
2015,2015-11-23,1730,11,3,17,1,Y,A,N,A,H,A,-,- ,,00,C,,Y,,,G,N,F,D,1,0,1,0,,2,37.74920998,-122.4153799,3
2015,2015-11-21,1849,11,3,18,6,Y,C,N,B,H,C,-,- ,,00,D,,,,,C,Y,N,-,1,0,0,0,,1,37.79061999,-122.39339987,4
2015,2015-11-24,1310,11,3,13,2,Y,A,N,A,H,A,A,01,,21,G,Y,,,,B,N,N,D,1,1,0,0,22106.0,2,37.80529992,-122.4236399,4
2015,2015-11-24,1512,11,3,15,2,Y,A,N,A,H,A,A,01,,09,D,,,,,C,Y,N,D,2,0,0,0,21800.0,2,37.74146992,-122.40358987,4
2015,2015-11-22,1300,11,3,13,7,Y,A,N,A,H,A,A,01,,08,G,Y,,,,B,N,N,D,1,1,0,0,22107.0,2,37.7856999,-122.40588997,3
2015,2015-11-19,1954,11,3,19,4,Y,A,N,A,H,C,A,01,,03,G,Y,,,,B,Y,F,A,1,1,0,0,22350.0,2,37.7557199,-122.41438997,4
2015,2015-11-17,1123,11,3,11,2,Y,A,N,A,C,A,A,01,,09,D,,,,,C,Y,N,A,1,0,0,0,21801.0,3,37.76143993,-122.42615994,4
2015,2015-11-20,2015,11,3,20,5,Y,A,N,A,H,C,A,01,,09,A,,,,,C,Y,N,A,1,0,0,0,21801.0,2,,,4
2015,2015-11-20,1800,11,3,18,5,Y,A,Y,A,H,C,-,- ,,00,G,Y,,,,B,N,N,A,1,1,0,0,,2,37.77829341,-122.4198223,3
2015,2015-11-15,1815,11,3,18,7,Y,A,N,A,H,C,A,01,,21,D,,,,,C,N,N,A,1,0,0,0,22106.0,2,37.78196998,-122.48593987,3
2015,2015-11-30,204,11,3,2,1,Y,A,N,A,H,A,L,04,,11,G,,Y,,,B,N,N,D,1,0,1,0,21954.0,2,37.76945996,-122.42911992,3
2015,2015-11-21,1104,11,3,11,6,N,A,N,A,H,A,A,01,W,03,C,,,,,C,N,F,A,1,0,0,0,22350.0,2,37.79119579,-122.4158523,4
2015,2015-11-26,344,11,3,3,4,N,A,N,A,H,C,A,01,S,01,G,Y,,,,B,Y,N,D,1,1,0,0,23153.0,2,37.78554577,-122.41459892,4
2015,2015-11-21,1737,11,3,17,6,N,A,N,A,H,C,A,01,N,08,C,,,,,C,N,N,D,1,0,0,0,22107.0,2,37.76430199,-122.46740351,4
2015,2015-11-04,828,11,3,8,3,Y,A,N,A,H,A,A,01,,01,G,Y,,,,B,Y,N,D,2,2,0,0,23152.0,3,37.80306999,-122.43332987,2
2015,2015-11-22,623,11,3,6,7,Y,A,N,A,H,C,A,01,,12,D,Y,,,,C,Y,F,A,4,1,0,0,21453.0,3,37.76183993,-122.41936989,3
2015,2015-11-27,1420,11,3,14,5,Y,A,N,A,H,A,N,60,,11,D,Y,,,,B,N,N,A,1,1,0,0,21950.0,2,37.72694994,-122.47601997,4
2015,2015-11-20,1816,11,3,18,5,Y,A,N,A,H,C,A,01,,08,B,,,Y,,C,N,N,A,1,0,0,1,22107.0,2,37.78026991,-122.41859999,3
2015,2015-11-27,1813,11,3,18,5,Y,A,N,A,H,C,A,01,,08,D,,,,,C,Y,N,A,1,0,0,0,22107.0,2,37.77656989,-122.39875995,4
2015,2015-11-26,2133,11,3,21,4,Y,A,N,A,H,C,N,60,,11,G,Y,,,,B,N,N,D,2,2,0,0,21955.0,3,37.71231999,-122.45903994,3
2015,2015-11-28,1244,11,3,12,6,Y,A,N,A,H,A,A,01,,08,B,,,,,C,Y,N,A,1,0,0,0,22107.0,2,37.79267998,-122.40437991,4
2015,2015-11-22,1144,11,3,11,7,N,A,N,A,H,A,L,04,N,09,B,,Y,,,G,N,N,D,1,0,1,0,21804.0,2,37.77563758,-122.41084895,4
2015,2015-11-21,1032,11,3,10,6,N,A,N,A,H,A,N,60,S,11,G,Y,,,,B,N,N,D,1,1,0,0,21954.0,2,37.78779638,-122.40089674,3
2015,2015-11-22,1937,11,3,19,7,Y,A,N,A,H,C,A,01,,09,A,,,,,C,Y,N,A,1,0,0,0,21801.0,2,37.80435995,-122.4234499,4
2015,2015-11-14,821,11,3,8,6,N,A,N,A,H,A,A,01,E,10,G,Y,,,,B,N,N,D,1,1,0,0,21950.0,2,37.73369453,-122.40346924,4
2015,2015-11-29,2054,11,3,20,7,Y,A,N,A,H,C,A,08,,09,D,,,,,D,N,N,A,1,0,0,0,21800.0,2,37.70917994,-122.41195986,4
2015,2015-11-22,1447,11,3,14,7,Y,A,N,A,H,A,C,02,,03,H,,,Y,,I,N,N,A,1,0,0,1,22350.0,1,37.77731994,-122.46188991,4
2015,2015-11-30,1927,11,3,19,1,Y,A,N,A,H,C,A,07,,09,D,,,Y,,C,N,N,A,1,0,0,1,21804.0,2,37.7821899,-122.40716992,4
2015,2015-11-23,1445,11,3,14,1,N,A,N,A,E,A,A,01,S,17,B,,,,,C,Y,N,A,2,0,0,0,21657.0,2,37.7339241,-122.41501383,3
2015,2015-11-04,1558,11,3,15,3,Y,-,N,-,-,-,-,,,08,-,,,,,-,,N,-,1,0,0,0,22102.0,2,37.79593996,-122.42175989,4
2015,2015-11-07,1901,11,3,19,6,N,A,N,A,H,C,N,60,E,11,G,Y,,,,B,N,N,D,1,1,0,0,21954.0,2,37.79633985,-122.40410411,4
2015,2015-11-22,2025,11,3,20,7,Y,A,N,A,H,C,-,,,10,G,Y,,,,B,N,N,A,1,1,0,0,21950.0,2,37.77128997,-122.40852986,3
2015,2015-11-04,1438,11,3,14,3,Y,A,N,A,H,A,A,01,,08,D,,,,,C,Y,N,A,2,0,0,0,22101.0,2,37.73005995,-122.39244998,4
2015,2015-11-07,27,11,3,0,6,Y,A,N,A,H,C,N,60,,12,G,Y,,,,B,N,N,A,1,1,0,0,21453.0,2,37.80006,-122.4343899,3
2015,2015-11-03,914,11,3,9,2,Y,-,N,-,-,-,-,,,10,-,Y,,,,-,N,N,-,1,1,0,0,21950.0,2,37.78432997,-122.39517994,3
2015,2015-11-12,1435,11,3,14,4,Y,A,N,A,H,A,A,01,,06,B,,,,,C,N,F,D,1,0,0,0,21755.0,2,37.74558993,-122.41986995,4
2015,2015-11-03,1344,11,3,13,2,Y,A,N,A,H,A,C,03,,03,C,,,Y,,C,N,N,A,1,0,0,1,22350.0,2,37.78890996,-122.43381987,4
2015,2015-11-07,210,11,3,2,6,N,A,N,A,H,C,N,60,N,10,G,Y,,,,B,N,N,-,1,1,0,0,21950.0,2,37.76055442,-122.41924787,3
2015,2015-11-01,216,11,3,2,7,N,B,N,A,H,C,N,60,N,11,G,Y,,,,B,N,N,D,1,1,0,0,21954.0,2,37.75999328,-122.48331261,3
2015,2015-11-03,1900,11,3,19,2,Y,A,Y,A,H,C,A,07,,12,B,,,,,C,N,F,A,1,0,0,0,21453.0,2,37.79035504,-122.42244206,4
2015,2015-11-05,920,11,3,9,4,Y,A,Y,A,-,A,A,01,,08,D,,,,,C,,N,A,1,0,0,0,22107.0,2,37.78102773,-122.42053853,3
2015,2015-11-05,2006,11,3,20,4,Y,A,N,A,H,D,A,01,,17,H,,Y,,,G,N,N,D,1,0,1,0,22517.0,2,37.77885999,-122.4149,4
2015,2015-11-23,920,11,3,9,1,N,B,N,A,B,A,L,04,N,03,H,,Y,,,A,N,N,D,1,0,1,0,22350.0,1,37.74252436,-122.50764485,3
2015,2015-11-05,815,11,3,8,4,N,A,N,-,H,A,C,02,N,04,C,,,Y,,C,N,N,D,2,0,0,2,21703.0,2,37.75709146,-122.42335638,2
2015,2015-11-22,1338,11,3,13,7,N,A,N,A,H,A,C,02,N,03,H,,,Y,,A,N,N,D,1,0,0,1,22350.0,1,37.71707833,-122.42752843,4
2015,2015-11-24,1224,11,3,12,2,Y,A,N,A,H,A,N,60,,12,G,Y,,,,-,N,N,A,1,1,0,0,21453.0,2,37.78273989,-122.40648992,4
2015,2015-11-04,1820,11,3,18,3,Y,A,N,A,H,C,A,01,,12,D,,Y,,,G,N,F,A,1,0,1,0,21453.0,2,37.71050995,-122.45491999,4
2015,2015-11-23,1750,11,3,17,1,Y,A,N,A,H,C,A,01,,17,D,,,,,C,N,N,A,1,0,0,0,21657.0,2,37.79389995,-122.41627998,4
2015,2015-11-21,1230,11,3,12,6,Y,A,N,A,H,A,A,01,,12,D,,,,,C,N,N,A,3,0,0,0,21453.0,2,37.7669299,-122.41545989,4
2015,2015-11-05,740,11,3,7,4,N,A,N,A,H,A,N,60,N,11,G,Y,,,,B,N,N,A,1,1,0,0,21954.0,2,37.71229043,-122.4025458,4
2015,2015-11-21,1331,11,3,13,6,Y,A,N,A,H,A,A,01,,07,B,,,,,C,Y,N,A,2,0,0,0,21658.0,2,37.79131995,-122.39254994,4
2015,2015-11-23,2015,11,3,20,1,N,A,N,A,H,D,A,01,W,04,C,,,,,C,Y,N,A,1,0,0,0,21703.0,3,37.74686819,-122.45971108,4
2015,2015-11-05,2358,11,3,23,4,Y,A,N,A,H,C,A,01,,12,D,,,,,C,Y,N,A,1,0,0,0,21453.0,2,37.7649099,-122.42189,4
2015,2015-11-21,121,11,3,1,6,Y,A,Y,A,H,C,-,,,10,G,Y,,,,B,N,F,A,1,1,0,0,21950.0,2,37.79762183,-122.42390995,3
2015,2015-11-18,1813,11,3,18,3,Y,A,N,A,H,C,A,01,,09,D,,,,,C,,N,A,1,0,0,0,21804.0,2,37.78139999,-122.40920997,4
2015,2015-11-07,1840,11,3,18,6,N,A,N,A,H,B,A,01,N,05,D,,,,,C,Y,N,D,1,0,0,0,21460.0,3,37.78625117,-122.39314827,4
2015,2015-11-11,2234,11,3,22,3,Y,A,N,A,H,C,C,02,,03,H,,,Y,,J,N,N,A,1,0,0,1,22350.0,1,37.77159996,-122.41124993,4
2015,2015-10-31,1632,10,3,16,6,N,B,N,A,H,A,J,48,W,21,D,,,,,C,N,N,A,1,0,0,0,22106.0,2,37.77475694,-122.40105394,4
2015,2015-10-28,1815,10,3,18,3,Y,A,N,A,H,A,C,03,,03,C,,,Y,,C,N,N,A,1,0,0,1,22350.0,2,37.78846989,-122.42202996,2
2015,2015-10-29,2015,10,3,20,4,Y,A,N,A,H,C,A,01,,12,D,,,Y,,C,Y,N,A,1,0,0,1,21453.0,2,37.7854099,-122.42469,4
2015,2015-10-10,2320,10,3,23,6,Y,A,N,A,H,C,A,01,,09,A,,,,,C,Y,N,A,2,0,0,0,21801.0,2,37.80412993,-122.42514999,4
2015,2015-12-21,1820,12,4,18,1,Y,C,N,B,H,C,A,01,,10,G,Y,,,,B,N,N,A,1,1,0,0,21950.0,2,37.78489999,-122.41277993,4
2015,2015-12-06,1502,12,4,15,7,N,B,Y,A,H,A,A,01,E,07,B,,,,,C,N,N,D,1,0,0,0,21658.0,2,37.77829341,-122.4198223,4
2015,2015-12-24,1010,12,4,10,4,Y,B,N,B,H,A,A,01,,10,G,Y,,,,B,N,N,D,1,1,0,0,21950.0,2,37.71578989,-122.44156986,3
2015,2015-12-25,1516,12,4,15,5,Y,A,N,A,H,A,A,01,,12,D,,,,,C,Y,N,A,4,0,0,0,21453.0,2,37.7925599,-122.39406989,4
2015,2015-12-02,1723,12,4,17,3,Y,A,N,A,H,C,A,01,,08,D,,,,,C,N,N,A,1,0,0,0,22107.0,2,37.76093989,-122.49412988,4
2015,2015-11-30,1914,11,3,19,1,Y,A,N,A,H,C,A,01,,09,D,,,,,C,Y,N,A,1,0,0,0,21801.0,2,37.7895299,-122.42888991,3
2015,2015-12-01,930,12,4,9,2,Y,A,N,A,H,A,A,01,,12,D,,,,,C,Y,N,A,2,0,0,0,21453.0,4,37.78574993,-122.48513986,3
2015,2015-12-01,1030,12,4,10,2,-,-,N,-,-,C,A,01,,21,E,Y,,,,I,Y,N,D,1,1,0,0,22106.0,2,37.73851884,-122.46843696,4
2015,2015-12-03,1335,12,4,13,4,N,B,N,B,H,A,-,- ,E,18,E,,,Y,,J,N,N,A,1,0,0,1,,1,37.78440219,-122.40753887,3
2015,2015-12-02,130,12,4,1,3,Y,A,N,A,H,C,A,07,,03,C,,,,,C,N,F,A,1,0,0,0,22350.0,3,37.7856999,-122.40588997,4
2015,2015-12-11,1623,12,4,16,5,Y,A,N,A,H,A,N,60,,11,G,Y,,,Y,B,N,N,A,1,1,0,0,21955.0,2,37.78207989,-122.41222997,4
2015,2015-12-02,2219,12,4,22,3,N,A,N,A,H,C,A,01,N,06,B,,Y,,,G,N,F,D,1,0,1,0,21750.0,2,37.76034552,-122.42142355,3
2015,2015-12-01,1550,12,4,15,2,N,A,N,A,H,A,A,01,S,03,G,Y,,,,B,N,N,D,1,1,0,0,22350.0,2,37.72006991,-122.39497342,3
2015,2015-12-07,1230,12,4,12,1,Y,A,N,A,H,A,A,01,,09,D,,,,,C,Y,N,A,1,0,0,0,21802.0,3,37.78538989,-122.46136997,4
2015,2015-12-03,1423,12,4,14,4,Y,A,N,B,H,A,L,04,,17,D,,Y,,,G,N,N,A,1,0,1,0,21200.0,2,37.76971998,-122.41776996,3
2015,2015-12-09,1600,12,4,16,3,Y,C,N,B,H,A,A,01,,09,D,,,,,C,Y,N,A,1,0,0,0,21802.0,2,37.77453996,-122.45629996,4
2015,2015-12-20,1215,12,4,12,7,N,B,N,B,H,-,A,07,S,03,C,,,Y,,C,N,N,D,1,0,0,1,22350.0,2,37.70835315,-122.47103691,3
2015,2015-12-20,1128,12,4,11,7,N,B,Y,B,H,A,A,01,S,03,C,,,,,C,N,N,A,1,0,0,0,22350.0,2,37.77468173,-122.47182157,4
2015,2015-12-15,1907,12,4,19,2,Y,A,N,A,H,C,A,01,,10,D,Y,,,,B,N,N,A,1,1,0,0,21950.0,2,37.78949999,-122.38860987,4
2015,2015-12-15,2257,12,4,22,2,N,A,N,A,H,C,A,01,S,03,C,,,,,E,Y,N,D,1,0,0,0,22350.0,3,37.75470943,-122.49048169,3
2015,2015-12-15,920,12,4,9,2,Y,A,N,A,H,A,L,04,,12,D,,Y,,,G,N,N,A,1,0,1,0,21453.0,2,37.77779999,-122.40028996,4
2015,2015-12-16,933,12,4,9,3,Y,A,N,A,H,A,A,01,,12,D,,,,,C,Y,N,A,1,0,0,0,21453.0,2,37.7669299,-122.41545989,4
2015,2015-12-18,1720,12,4,17,5,N,C,N,B,H,C,A,01,N,03,A,,,,,C,Y,N,A,1,0,0,0,22350.0,5,37.7570757,-122.40272422,4
2015,2015-12-17,1339,12,4,13,4,Y,A,N,A,H,A,A,01,,09,D,,,,,C,Y,N,D,2,0,0,0,21802.0,3,37.76378996,-122.41359991,4
2015,2015-12-18,1630,12,4,16,5,Y,B,N,B,H,B,A,01,,10,G,Y,,,,B,N,N,A,1,1,0,0,21950.0,2,37.78712998,-122.45524991,4
2015,2015-12-18,904,12,4,9,5,Y,A,N,A,H,A,C,02,,09,D,,,Y,,C,N,N,D,1,0,0,1,21801.0,2,37.77673999,-122.40335998,4
2015,2015-12-18,1750,12,4,17,5,Y,-,N,A,H,B,A,01,,04,C,,,,,C,Y,F,D,3,0,0,0,21703.0,3,37.74916997,-122.40550994,4
2015,2015-12-20,30,12,4,0,7,N,A,N,A,H,C,A,01,E,10,G,Y,,,,B,N,N,D,1,1,0,0,21950.0,2,37.80437378,-122.41602263,3