ACCIDENT_YEAR,COLLISION_DATE,COLLISION_TIME,MONTH,SEASON,24HOURS,DAY_OF_WEEK,INTERSECTION,WEATHER_1,STATE_HWY_IND,ROAD_SURFACE,ROAD_COND_1,LIGHTING,STWD_VEHTYPE_AT_FAULT,CHP_VEHTYPE_AT_FAULT,DIRECTION,PCF_VIOL_CATEGORY,TYPE_OF_COLLISION,PEDESTRIAN_ACCIDENT,BICYCLE_ACCIDENT,MOTORCYCLE_ACCIDENT,TRUCK_ACCIDENT,MVIW,TOW_AWAY,HIT_AND_RUN,CONTROL_DEVICE,NUMBER_INJURED,COUNT_PED_INJURED,COUNT_BICYCLIST_INJURED,COUNT_MC_INJURED,PCF_VIOLATION,PARTY_COUNT,POINT_Y,POINT_X,COLLISION_SEVERITY
2015,2015-12-22,1202,12,4,12,2,Y,B,N,B,H,A,A,01,,04,C,,,,,C,N,N,A,1,0,0,0,21703.0,2,37.78033995,-122.48045,4
2015,2015-12-15,1430,12,4,14,2,Y,A,N,A,H,A,A,01,,10,G,Y,,,,B,N,N,A,1,1,0,0,21950.0,2,37.7853599,-122.43142996,3
2015,2015-12-20,1320,12,4,13,7,N,B,N,B,H,A,A,01,S,08,B,,Y,,,G,N,N,D,1,0,1,0,22107.0,2,37.77707434,-122.41796668,4
2015,2015-12-20,1718,12,4,17,7,Y,C,N,B,H,C,A,01,,03,A,,,,,I,Y,N,D,1,0,0,0,22350.0,1,37.76123996,-122.48769992,3
2015,2015-12-20,1727,12,4,17,7,Y,C,N,B,-,C,-,99,,03,G,Y,,,,B,N,F,D,1,1,0,0,22350.0,2,37.76128998,-122.48663995,4
2015,2015-12-10,1802,12,4,18,4,N,A,N,-,H,C,-,- ,N,00,D,Y,,,,B,N,N,A,1,1,0,0,,2,37.77620761,-122.40547999,4
2015,2015-12-11,2030,12,4,20,5,N,A,N,-,H,C,A,01,N,08,B,,,Y,,C,Y,N,D,1,0,0,1,22107.0,2,37.7215596,-122.44006024,3
2015,2015-12-10,944,12,4,9,4,N,B,N,B,H,A,-,- ,S,18,B,,Y,,,G,N,N,A,1,0,1,0,,2,37.78969239,-122.40210786,4
2015,2015-12-15,1733,12,4,17,2,N,A,N,A,H,B,N,60,S,11,G,Y,,,,B,N,N,D,1,1,0,0,21955.0,2,37.77539357,-122.44639327,2
2015,2015-12-18,1250,12,4,12,5,Y,A,N,A,H,A,A,01,,10,G,Y,,,,B,N,N,D,1,1,0,0,21950.0,2,37.79952998,-122.40121989,4
2015,2015-12-18,1845,12,4,18,5,Y,B,N,A,H,C,A,01,,03,C,,,,,C,N,N,A,1,0,0,0,22350.0,2,37.79879994,-122.44432993,4
2015,2015-12-18,1852,12,4,18,5,N,C,N,B,H,C,A,01,N,10,G,Y,,,,B,N,N,A,1,1,0,0,21950.0,2,37.78010774,-122.39430983,4
2015,2015-12-31,1205,12,4,12,4,Y,A,N,A,A,A,C,03,,03,-,,,Y,,-,N,N,A,1,0,0,1,22350.0,1,37.78731989,-122.39446989,3
2015,2015-12-28,1616,12,4,16,1,Y,A,N,A,H,A,A,01,,08,A,,,,,C,Y,N,A,1,0,0,0,22101.0,2,37.76732992,-122.43561999,4
2015,2015-12-30,1625,12,4,16,3,N,A,Y,B,H,B,A,01,S,03,C,,,,,C,N,N,A,2,0,0,0,22350.0,3,37.77627631,-122.41941981,4
2015,2015-12-04,815,12,4,8,5,N,A,N,A,H,A,A,07,S,17,B,,Y,,,G,N,N,D,1,0,1,0,22517.0,2,37.78584183,-122.41805294,3
2015,2015-12-27,600,12,4,6,7,Y,A,N,A,H,C,A,01,,01,C,,,,,C,Y,N,A,1,0,0,0,23152.0,2,37.7785,-122.40559986,4
2015,2015-12-27,1415,12,4,14,7,N,A,N,A,H,A,A,01,N,10,G,Y,,,,B,N,N,D,1,1,0,0,21954.0,2,37.80726237,-122.41729137,4
2015,2015-12-29,1556,12,4,15,2,Y,A,N,A,H,A,A,01,,03,C,,,,,C,N,M,D,1,0,0,0,22350.0,3,37.76770998,-122.4288299,4
2015,2015-12-05,1405,12,4,14,6,N,A,Y,A,H,A,A,01,N,03,C,,,,,C,Y,F,A,1,0,0,0,22350.0,4,37.79622998,-122.42342024,4
2015,2015-12-26,2313,12,4,23,6,Y,A,Y,A,H,C,A,01,,08,B,,,,,C,N,N,A,3,0,0,0,22107.0,2,37.72964307,-122.40346253,4
2015,2015-12-28,840,12,4,8,1,N,B,N,A,H,A,A,01,S,21,B,,,Y,,C,N,N,D,1,0,0,1,22106.0,2,37.76998885,-122.44529604,4
2015,2015-12-04,1619,12,4,16,5,N,A,N,A,H,A,A,01,E,08,G,Y,,,,B,N,N,A,1,1,0,0,22101.0,2,37.78401914,-122.40803517,3
2015,2015-12-04,915,12,4,9,5,Y,A,N,A,H,A,A,01,,17,H,,Y,,,G,N,N,A,1,0,1,0,22517.0,2,37.76679994,-122.41763986,4
2015,2015-12-31,2131,12,4,21,4,Y,A,N,A,H,C,A,01,,10,G,Y,,,,B,N,N,D,1,1,0,0,21950.0,2,37.78108994,-122.40439996,4
2015,2015-12-29,1533,12,4,15,2,Y,A,N,A,H,A,A,07,,09,D,,,,,C,Y,N,A,2,0,0,0,21802.0,2,37.76378996,-122.41359991,4
2015,2015-12-03,2019,12,4,20,4,Y,A,N,A,H,C,A,01,,01,D,,,,,C,Y,N,A,5,0,0,0,23152.0,3,37.78130989,-122.39584993,2
2015,2015-12-28,29,12,4,0,1,Y,C,Y,B,H,C,A,01,,10,G,Y,,,,B,N,N,A,2,2,0,0,21950.0,3,37.77282591,-122.47171351,3
2015,2015-12-31,1515,12,4,15,4,Y,A,N,A,H,A,A,01,,10,G,Y,,,,B,N,N,A,1,1,0,0,21950.0,2,37.78068997,-122.43048986,4
2015,2015-12-01,539,12,4,5,2,N,A,N,A,H,B,A,08,W,10,G,Y,,,,B,N,N,A,1,1,0,0,21950.0,2,37.78921113,-122.39516516,3
2015,2015-12-03,958,12,4,9,4,Y,B,N,B,H,A,A,01,,12,D,,,,,C,N,N,A,1,0,0,0,22450.0,2,37.73181996,-122.46785996,4
2015,2015-12-26,2042,12,4,20,6,Y,A,N,A,H,C,A,01,,08,B,,,,,C,N,N,D,1,0,0,0,22100.0,2,37.73593998,-122.42448992,4
2015,2015-12-15,930,12,4,9,2,N,A,N,A,H,A,A,01,E,03,C,,,,,C,N,N,A,1,0,0,0,22350.0,2,37.775551,-122.42595409,4
2015,2015-12-01,1755,12,4,17,2,Y,A,N,A,H,C,I,11,,10,G,Y,,,,B,N,N,A,1,1,0,0,21950.0,2,37.74127989,-122.4734399,4
2015,2015-12-04,717,12,4,7,5,Y,A,N,A,H,A,A,01,,10,G,Y,,,,B,N,N,D,1,1,0,0,21950.0,2,37.7200099,-122.45615997,4
2015,2015-12-24,1536,12,4,15,4,Y,A,Y,A,H,A,C,02,,07,B,,,Y,,C,N,N,A,1,0,0,1,21658.0,2,37.78943769,-122.42204783,2
2015,2015-12-05,39,12,4,0,6,Y,A,N,A,H,C,A,01,,03,D,,,,,C,N,F,A,1,0,0,0,22350.0,2,37.77310998,-122.41862997,4
2015,2015-12-01,2042,12,4,20,2,N,A,N,A,H,C,A,01,E,08,B,,,Y,,C,N,N,D,1,0,0,1,22107.0,2,37.7781916,-122.41221428,4
2015,2015-12-24,1058,12,4,10,4,N,C,N,B,H,A,A,01,E,03,E,,,,,I,Y,N,D,2,0,0,0,22350.0,1,37.70995743,-122.47036474,4
2015,2015-12-07,115,12,4,1,1,N,A,N,B,H,C,A,01,S,03,E,,,,,J,Y,N,A,2,0,0,0,22350.0,1,37.77711922,-122.40384561,2
2015,2015-12-01,1308,12,4,13,2,N,A,N,A,H,A,A,01,E,03,G,Y,,,,B,N,F,A,1,1,0,0,22350.0,2,37.74818,-122.41802545,4
2015,2015-12-28,1548,12,4,15,1,Y,B,N,A,H,A,A,07,,03,B,,,,,C,Y,N,A,1,0,0,0,22350.0,2,37.73923992,-122.37774987,4
2015,2015-12-06,2131,12,4,21,7,N,A,N,B,H,C,A,01,E,03,C,,,,,E,N,N,D,1,0,0,0,22350.0,3,37.78659893,-122.41434916,3
2015,2015-12-30,1659,12,4,16,3,Y,B,N,A,H,B,A,01,,10,G,Y,,,,B,N,N,D,1,1,0,0,21950.0,2,37.72363998,-122.45818989,4
2015,2015-12-29,1127,12,4,11,2,-,A,N,A,H,A,A,01,,03,E,,,,,J,N,N,D,1,0,0,0,22350.0,1,37.73978868,-122.41333008,3
2015,2015-12-25,1925,12,4,19,5,N,B,N,A,H,C,N,60,S,11,G,Y,,,,B,N,N,A,1,1,0,0,21453.0,2,37.77869302,-122.41473736,4
2015,2015-12-26,1333,12,4,13,6,Y,A,N,A,H,A,A,01,,08,D,,Y,,,G,N,F,A,1,0,1,0,22107.0,2,37.78403996,-122.41934987,4
2015,2015-12-30,1251,12,4,12,3,N,A,N,B,H,A,L,04,W,05,A,,Y,,,G,N,N,B,1,0,1,0,21650.0,2,37.72416883,-122.45751135,4
2015,2015-12-27,2215,12,4,22,7,Y,B,N,A,H,C,A,01,,12,D,,,,,C,Y,N,A,2,0,0,0,21453.0,2,37.78678994,-122.39824992,4
2015,2015-12-21,1156,12,4,11,1,N,C,N,B,H,A,A,01,E,08,B,,,,,C,Y,N,D,1,0,0,0,22107.0,2,37.74890243,-122.40356058,3
2015,2015-12-11,1833,12,4,18,5,Y,A,N,A,H,B,C,02,,04,C,,,Y,,C,Y,N,D,1,0,0,1,21703.0,3,37.785429,-122.419638,4
2015,2015-12-23,1554,12,4,15,3,Y,A,N,A,H,A,A,07,,08,B,,,Y,,C,N,N,A,1,0,0,1,22107.0,2,37.77955996,-122.43193991,4
2015,2015-12-11,844,12,4,8,5,Y,B,N,B,H,A,N,60,,11,G,Y,Y,,,B,N,N,A,1,1,0,0,21453.0,2,37.77577997,-122.39333999,3
2015,2015-12-12,1621,12,4,16,6,Y,A,N,A,H,A,A,01,,04,C,,,,,C,N,N,A,1,0,0,0,21703.0,2,37.78377999,-122.39895997,4
2015,2015-12-21,1305,12,4,13,1,N,C,N,B,H,A,A,01,S,03,C,,,,,C,N,N,A,1,0,0,0,22350.0,2,37.75756669,-122.42115893,4
2015,2015-12-13,845,12,4,8,7,N,B,N,B,H,A,A,01,N,17,B,,Y,,,C,N,N,A,1,0,1,0,22517.0,2,37.77193951,-122.41168853,3
2015,2015-12-11,1617,12,4,16,5,N,A,N,A,H,A,A,01,E,07,B,,,,,C,N,N,A,1,0,0,0,21658.0,2,37.76924713,-122.40787457,4
2015,2015-12-20,2230,12,4,22,7,Y,F,N,B,H,C,-,- ,,- ,G,Y,,,,B,N,N,A,1,1,0,0,,2,37.78164991,-122.41549995,4
2015,2015-12-11,937,12,4,9,5,N,B,N,A,H,A,A,01,W,08,D,,,,,C,N,N,D,1,0,0,0,22102.0,3,37.74709982,-122.39767205,4
2015,2015-12-11,2046,12,4,20,5,N,A,N,A,H,C,C,02,E,03,H,,,Y,,I,N,N,D,1,0,0,1,22350.0,1,37.76108612,-122.44053333,3
2015,2015-12-23,1003,12,4,10,3,Y,A,N,A,H,A,A,08,,12,D,,,,,-,N,N,A,1,0,0,0,21453.0,2,37.77553993,-122.40627995,4
2015,2015-12-01,1530,12,4,15,2,N,A,N,A,H,A,G,25,S,08,B,,,Y,Y,C,N,M,D,2,0,0,2,22107.0,2,37.73896644,-122.40702494,4
2015,2015-12-02,630,12,4,6,3,N,A,N,A,H,A,A,01,W,17,B,,,,,E,N,N,D,1,0,0,0,22517.0,2,37.75249385,-122.41438339,4
2015,2015-12-12,205,12,4,2,6,N,A,N,A,H,C,A,08,S,08,E,,,,,I,Y,N,D,1,0,0,0,22107.0,1,37.76422593,-122.4195841,3
2015,2015-11-26,1540,11,3,15,4,Y,A,N,A,H,A,A,01,,10,G,Y,,,,B,N,N,A,1,1,0,0,21950.0,2,37.70993996,-122.44938993,3
2015,2015-12-23,2240,12,4,22,3,N,C,N,B,H,C,A,01,E,03,C,,,,,C,N,N,D,1,0,0,0,22350.0,3,37.71174226,-122.46519714,4
2015,2015-12-01,1604,12,4,16,2,Y,A,N,A,H,A,A,07,,10,G,Y,,,,B,N,N,A,2,2,0,0,21950.0,3,37.77499991,-122.47191991,4
2015,2015-12-11,2225,12,4,22,5,N,A,N,A,H,C,-,,N,03,C,,,,,C,N,F,A,2,0,0,0,22350.0,2,37.77408798,-122.41444379,4
2015,2015-12-09,1059,12,4,10,3,N,B,N,B,H,A,A,01,W,07,H,,,Y,,C,N,N,D,1,0,0,1,21658.0,2,37.77712698,-122.41359203,3
2015,2015-12-01,1055,12,4,10,2,Y,A,N,A,H,A,A,01,,05,D,,,,,C,Y,N,A,2,0,0,0,21460.0,3,37.78026997,-122.40339986,3
2015,2015-12-04,55,12,4,0,5,N,A,N,B,H,C,A,01,E,03,C,,,,,E,Y,N,D,1,0,0,0,22350.0,5,37.73243965,-122.37649188,3
2015,2015-11-29,1131,11,3,11,7,N,A,N,A,H,A,A,01,E,10,G,Y,,,,B,N,N,D,1,1,0,0,21950.0,2,37.78179145,-122.40964318,4
2015,2015-12-24,700,12,4,7,4,N,C,N,B,H,A,N,60,S,11,G,Y,,,,B,N,N,A,1,1,0,0,21956.0,2,37.78541137,-122.4128977,4
2015,2015-11-30,1735,11,3,17,1,Y,A,N,A,H,C,A,01,,09,D,,Y,,,G,N,F,D,1,0,1,0,21801.0,2,37.77402997,-122.46057993,3
2015,2015-12-10,1040,12,4,10,4,Y,B,N,A,H,A,-,,,12,D,,,,,C,Y,N,A,2,0,0,0,22450.0,2,37.78512992,-122.46349989,4
2015,2015-12-21,1846,12,4,18,1,Y,C,N,B,H,E,N,60,,11,G,Y,,,,B,N,N,A,1,1,0,0,21456.0,2,37.77745997,-122.41315999,4
2015,2015-12-10,1533,12,4,15,4,N,C,N,B,H,B,A,01,N,06,C,,Y,,,G,N,N,D,1,0,1,0,21750.0,2,37.7525948,-122.39266498,4
2015,2015-12-02,2336,12,4,23,3,Y,A,N,A,G,C,L,04,,03,H,,Y,,,A,N,N,A,1,0,1,0,22350.0,1,37.72292989,-122.44480986,2
2015,2015-12-21,1441,12,4,14,1,N,B,N,B,H,A,-,- ,E,12,D,,,Y,,C,N,N,A,1,0,0,1,21453.0,2,37.77397796,-122.42238999,3
2015,2015-12-10,1857,12,4,18,4,N,B,N,A,H,D,A,01,W,04,A,,,,,C,N,F,A,1,0,0,0,21703.0,2,37.79052418,-122.40598098,4
2015,2015-12-02,1435,12,4,14,3,N,B,N,A,H,A,A,08,S,04,C,,,,,C,N,N,A,1,0,0,0,21703.0,2,37.74162479,-122.42354921,4
2015,2015-12-07,1540,12,4,15,1,Y,B,N,A,H,A,A,01,,08,D,,,,,C,Y,N,A,1,0,0,0,22107.0,3,37.71723998,-122.44042987,4
2015,2015-12-22,1125,12,4,11,2,N,B,N,B,D,A,-,,S,21,C,,,,,C,N,N,A,1,0,0,0,22106.0,2,37.75680722,-122.40669563,4
2015,2015-12-10,1753,12,4,17,4,N,C,N,B,H,E,L,04,,03,D,,Y,,,G,,N,A,1,0,1,0,22350.0,2,37.7821899,-122.40716992,3
2015,2015-12-03,935,12,4,9,4,Y,A,N,A,H,A,-,,,03,C,,,,,C,Y,N,A,1,0,0,0,22350.0,3,37.72415995,-122.48502988,4
2015,2015-12-11,1808,12,4,18,5,Y,A,N,A,H,C,A,01,,09,D,,,,,C,Y,N,A,2,0,0,0,21802.0,2,37.73982991,-122.41133987,4
2015,2015-12-27,540,12,4,5,7,Y,A,N,A,H,C,-,,,12,G,Y,,,,B,N,F,A,1,1,0,0,21453.0,2,37.78097992,-122.40868999,4
2015,2015-12-25,238,12,4,2,5,Y,A,N,A,H,C,A,01,,04,C,,,,,C,N,N,A,1,0,0,0,21703.0,2,37.77295993,-122.42392996,4
2015,2015-12-22,745,12,4,7,2,Y,B,Y,B,H,A,A,,,12,G,,Y,,,G,N,F,A,1,0,1,0,22450.0,2,37.76599134,-122.47744573,4
2015,2015-12-26,2021,12,4,20,6,Y,A,N,A,H,C,A,01,,03,B,,,,,E,Y,N,D,1,0,0,0,22350.0,4,37.76339992,-122.40436985,3
2015,2015-12-24,2200,12,4,22,4,Y,A,N,A,H,C,-,- ,,00,D,,,,,C,Y,N,A,1,0,0,0,,2,37.78889993,-122.40365998,4
2015,2015-12-18,1904,12,4,19,5,N,C,N,B,H,C,N,60,,11,G,Y,,,,B,N,F,D,1,1,0,0,21954.0,2,37.77898447,-122.4081105,2
2015,2015-12-06,1220,12,4,12,7,N,C,N,B,H,A,A,07,N,21,B,,,,,C,Y,N,D,2,0,0,0,22106.0,2,37.80080755,-122.42275466,4
2015,2015-12-25,35,12,4,0,5,Y,A,N,A,H,C,N,60,,11,G,Y,,,,B,N,N,A,1,1,0,0,21453.0,2,37.78631989,-122.41644988,4
2015,2015-12-22,1220,12,4,12,2,Y,C,N,B,H,A,A,07,,10,G,Y,,,,B,N,F,A,1,1,0,0,21950.0,2,37.77819998,-122.39194991,4
2015,2015-12-05,1630,12,4,16,6,Y,B,N,A,H,C,A,01,,12,D,,,,,C,N,N,A,1,0,0,0,22450.0,2,37.72163997,-122.40111996,4
2015,2015-12-24,2015,12,4,20,4,Y,A,N,A,H,C,A,01,,12,D,,,,,C,N,N,A,1,0,0,0,21453.0,2,37.78555999,-122.39672994,4
2015,2015-12-15,1122,12,4,11,2,Y,A,N,A,H,A,L,04,,08,B,,Y,,,G,N,N,A,1,0,1,0,22100.0,2,37.78183995,-122.39205999,3
2015,2015-12-05,1855,12,4,18,6,Y,A,N,A,H,C,A,01,,10,G,Y,,,,B,N,N,A,1,1,0,0,21950.0,2,37.7239199,-122.40204992,4
2015,2015-12-24,2333,12,4,23,4,N,A,N,A,H,C,A,07,S,07,E,,,,,I,Y,N,-,2,0,0,0,21658.0,2,37.75083935,-122.40609258,2
2015,2015-11-25,1838,11,3,18,3,Y,A,N,A,H,C,A,01,,10,G,Y,,,,B,N,N,D,1,1,0,0,21950.0,2,37.71542993,-122.44182987,4
2015,2015-12-24,1152,12,4,11,4,Y,B,N,A,H,A,A,01,,03,D,,,,,C,Y,F,D,1,0,0,0,22350.0,2,37.7577299,-122.48209998,4
2015,2015-11-22,1539,11,3,15,7,Y,A,N,A,H,A,A,08,,09,D,,,Y,,C,Y,N,A,1,0,0,1,21801.0,2,37.79141989,-122.41410994,2
2015,2015-12-22,1315,12,4,13,2,N,C,N,B,H,A,A,01,W,21,B,,Y,,,G,N,N,D,1,0,1,0,22106.0,2,37.72353603,-122.45432793,4
2015,2015-12-30,2011,12,4,20,3,Y,B,N,B,H,C,A,01,,04,C,,,,,C,N,N,A,2,0,0,0,21703.0,2,37.77752991,-122.39110987,4
2015,2015-12-22,252,12,4,2,2,Y,C,N,B,H,C,A,07,,03,F,,,,,I,Y,N,A,1,0,0,0,22350.0,1,37.76459994,-122.49653999,3
2015,2015-12-07,1802,12,4,18,1,Y,A,N,A,H,C,A,01,,10,G,Y,,,,B,N,N,A,1,1,0,0,21950.0,2,37.72689989,-122.47423997,4
2015,2015-12-03,1319,12,4,13,4,Y,C,Y,B,H,A,L,04,,03,D,,Y,,,G,N,N,A,1,0,1,0,22350.0,2,37.71993023,-122.44822849,3
2015,2015-12-21,818,12,4,8,1,Y,C,N,B,H,A,A,07,,12,D,,,,,C,Y,N,A,2,0,0,0,21453.0,4,37.78130989,-122.39584993,3
2015,2015-12-27,543,12,4,5,7,Y,A,N,A,H,C,A,01,,03,E,,,,,I,Y,N,D,1,0,0,0,22350.0,1,37.77247998,-122.41631989,4
2015,2015-12-20,1650,12,4,16,7,Y,C,N,B,H,C,A,01,,10,G,Y,,,,B,N,F,A,1,1,0,0,21950.0,2,37.77824993,-122.41995988,4
2015,2015-11-25,1305,11,3,13,3,N,A,N,A,H,A,A,01,W,05,B,,,,,C,N,N,D,3,0,0,0,21460.0,2,37.72997693,-122.37216211,4
2015,2015-12-25,2055,12,4,20,5,Y,A,N,A,H,C,A,01,,08,G,Y,,,,B,N,F,D,1,1,0,0,22107.0,2,37.73488991,-122.41618995,4
2015,2015-12-19,915,12,4,9,6,Y,B,N,A,H,A,A,01,,09,B,,,,,C,N,F,D,1,0,0,0,21800.0,2,37.73021995,-122.37429987,4
2015,2015-12-15,740,12,4,7,2,N,A,N,A,H,A,A,01,E,08,B,,Y,,,G,N,N,D,1,0,1,0,22107.0,2,37.74715678,-122.40321907,4
2015,2015-12-06,1620,12,4,16,7,Y,A,N,A,H,A,A,01,,09,D,,,Y,,C,Y,N,A,1,0,0,1,21453.0,2,37.79168989,-122.4042099,4
2015,2015-12-24,2317,12,4,23,4,N,A,N,A,H,C,N,60,W,11,A,Y,,,,B,N,N,A,1,1,0,0,21950.0,2,37.78538861,-122.41627024,4
2015,2015-12-05,122,12,4,1,6,N,A,N,A,H,C,A,01,N,10,G,Y,,,,B,N,F,A,1,1,0,0,21950.0,2,37.7683037,-122.41997123,4
2015,2015-12-28,1620,12,4,16,1,Y,A,N,A,H,A,A,01,,10,G,Y,,,,B,N,N,D,1,1,0,0,21950.0,2,37.70993996,-122.44938993,4
2015,2015-12-25,558,12,4,5,5,N,-,N,A,H,C,-,- ,W,00,G,Y,,,,B,N,F,A,1,1,0,0,,2,37.70938883,-122.42360445,4
2015,2015-12-04,1252,12,4,12,5,Y,A,N,A,H,A,N,60,,10,G,Y,,,,B,N,N,A,1,1,0,0,21950.0,2,37.7644999,-122.42864988,3
2015,2015-12-15,729,12,4,7,2,Y,A,N,A,H,A,A,01,,21,D,,,,,C,N,N,A,2,0,0,0,22106.0,2,37.72748989,-122.39111,4
2015,2015-12-19,1100,12,4,11,6,Y,A,N,A,H,A,A,01,,12,D,,,,,C,N,F,A,2,0,0,0,21453.0,2,37.75077995,-122.41616989,4
2015,2015-12-11,1040,12,4,10,5,Y,A,N,B,H,A,A,01,,00,D,,,,,C,Y,N,A,1,0,0,0,21423.0,2,37.79859997,-122.40103999,4
2015,2015-12-21,1429,12,4,14,1,Y,C,N,B,H,A,N,60,,11,G,Y,,,,B,N,N,A,1,1,0,0,21955.0,2,37.78601989,-122.41131997,2
2015,2015-12-15,1930,12,4,19,2,N,A,N,A,H,C,A,01,,08,D,,Y,,,G,N,N,D,1,0,1,0,22107.0,2,37.76593212,-122.46429026,4
2015,2015-12-12,218,12,4,2,6,Y,A,N,A,H,C,A,01,,01,F,,,,,I,Y,N,D,1,0,0,0,23152.0,1,37.72819988,-122.47868998,3
2015,2015-12-14,755,12,4,7,1,Y,A,N,A,H,A,A,07,,08,B,,Y,,,G,N,N,A,1,0,1,0,22100.0,2,37.76971998,-122.41776996,4
2015,2015-12-10,849,12,4,8,4,N,B,N,B,H,A,-,- ,,07,B,,Y,,,G,N,F,D,1,0,1,0,21658.0,2,37.7804799,-122.4125099,4
2015,2015-12-25,2343,12,4,23,5,Y,A,N,A,H,C,A,08,,12,D,,,,,C,Y,N,A,3,0,0,0,21453.0,2,37.78516993,-122.41789997,4
2015,2015-12-20,1244,12,4,12,7,Y,C,N,B,H,A,A,01,,10,G,Y,,,,B,N,F,A,1,1,0,0,21950.0,2,37.78794995,-122.40350987,4
2015,2015-12-13,1920,12,4,19,7,Y,A,N,A,H,C,A,01,,09,D,,,,,C,N,N,D,1,0,0,0,21800.0,2,37.71490999,-122.47307987,4
2015,2015-12-16,1425,12,4,14,3,Y,A,N,A,H,A,A,07,,10,G,Y,,,,B,N,F,A,1,1,0,0,21950.0,2,37.79427997,-122.4062599,4
2015,2015-12-14,1715,12,4,17,1,N,A,,A,H,C,A,01,W,03,C,,,,,C,N,F,A,4,0,0,0,22350.0,2,37.77614054,-122.41483935,4
2015,2015-12-19,1945,12,4,19,6,Y,A,N,A,H,C,A,01,,08,B,,,,,C,Y,N,A,2,0,0,0,22100.0,2,37.72601999,-122.46424992,4
2015,2015-12-11,640,12,4,6,5,Y,C,N,B,H,C,-,,,10,G,Y,,,,B,N,N,A,1,1,0,0,21950.0,2,37.77824993,-122.41995988,3
2015,2015-12-17,1531,12,4,15,4,N,A,N,A,H,A,A,01,E,17,H,,Y,,,G,N,N,A,1,0,1,0,22109.0,2,37.7805507,-122.41242286,3
2015,2015-12-07,739,12,4,7,1,Y,B,N,A,H,A,A,01,,08,B,,Y,,,G,N,N,A,1,0,1,0,22107.0,2,37.77437991,-122.40484986,3
2015,2015-12-17,1813,12,4,18,4,N,A,N,A,H,C,L,04,W,06,B,,Y,,,G,N,N,A,1,0,1,0,21750.0,2,37.78220142,-122.41034929,4
2015,2015-12-10,1120,12,4,11,4,Y,A,N,A,H,A,A,01,,03,C,,,,,C,N,N,A,1,0,0,0,22350.0,3,37.78837993,-122.41517995,4
2015,2015-12-15,1154,12,4,11,2,Y,A,N,A,H,A,A,01,,07,B,,,,,C,Y,N,A,1,0,0,0,21658.0,2,37.78995998,-122.41042993,4
2015,2015-12-18,2026,12,4,20,5,Y,C,N,B,H,C,A,01,,10,G,Y,,,,B,N,N,D,1,1,0,0,21950.0,2,37.76433,-122.45421986,4
2015,2015-12-09,1940,12,4,19,3,Y,A,N,A,H,C,A,07,,10,G,Y,,,,B,N,N,D,1,1,0,0,21950.0,2,37.71360994,-122.44372989,2
2015,2015-12-17,1136,12,4,11,4,N,A,N,A,H,A,L,04,S,09,D,,Y,,,G,N,N,D,1,0,1,0,21804.0,2,37.77947373,-122.43699133,4
2015,2015-12-08,1311,12,4,13,2,Y,A,N,A,H,A,-,,,10,G,Y,,,,B,N,N,A,1,1,0,0,21950.0,2,37.80562998,-122.41358996,4
2015,2015-12-19,1432,12,4,14,6,N,A,N,A,H,A,A,07,S,06,B,,,,,C,N,N,D,1,0,0,0,21750.0,2,37.72398,-122.45654,4
2015,2015-12-12,2223,12,4,22,6,N,A,N,A,H,D,A,08,S,08,H,,,,,C,N,N,D,2,0,0,0,22107.0,2,37.75191026,-122.39259523,4
2015,2015-12-04,1848,12,4,18,5,Y,A,N,A,H,C,A,01,,03,D,,,Y,,C,Y,N,D,1,0,0,1,22350.0,3,37.74175994,-122.4209499,4
2015,2015-12-17,2330,12,4,23,4,Y,A,N,A,H,C,A,01,,12,C,,,,,C,N,F,A,1,0,0,0,21453.0,2,37.78795994,-122.43362986,4
2015,2015-12-10,1823,12,4,18,4,Y,A,N,B,H,C,A,01,,12,G,Y,,,,B,N,N,D,1,1,0,0,22450.0,2,37.71120992,-122.40702998,4
2015,2015-12-14,955,12,4,9,1,Y,A,N,A,H,A,I,11,,10,G,Y,,,,B,N,M,A,1,1,0,0,21950.0,2,37.78694993,-122.41151,4
2015,2015-12-06,1952,12,4,19,7,N,B,N,B,H,C,A,01,E,08,D,,,,,C,N,N,A,3,0,0,0,22107.0,2,37.71165831,-122.44599672,4
2015,2015-12-18,1301,12,4,13,5,Y,A,N,A,H,A,A,08,,17,B,,Y,,,E,N,N,D,1,0,1,0,22517.0,2,37.76329993,-122.42173997,4
2015,2015-12-09,853,12,4,8,3,Y,B,N,B,H,A,A,01,,08,H,,,,,C,Y,N,A,1,0,0,0,22100.0,2,37.72494994,-122.46122996,4
2015,2015-12-17,910,12,4,9,4,Y,A,N,A,H,A,-,- ,,00,D,,,,,C,Y,N,A,1,0,0,0,,2,37.77374989,-122.43245988,4
2015,2015-12-06,2033,12,4,20,7,Y,B,N,B,H,C,A,01,,12,D,,,,,C,Y,F,A,2,0,0,0,21453.0,4,37.75862991,-122.41903997,4
2015,2015-12-18,1645,12,4,16,5,N,B,N,A,H,C,-,,E,17,B,,Y,,,G,N,N,D,1,0,1,0,22517.0,3,37.77844458,-122.43321568,4
2015,2015-12-12,1220,12,4,12,6,N,A,N,A,H,A,N,60,W,11,C,Y,,,,B,N,N,D,1,1,0,0,21954.0,2,37.71278939,-122.41938782,4
2015,2015-12-18,1848,12,4,18,5,Y,C,N,B,H,C,A,01,,10,G,Y,,,,B,N,N,A,1,1,0,0,21950.0,2,37.79092992,-122.43256999,4