ACCIDENT_YEAR,COLLISION_DATE,COLLISION_TIME,MONTH,SEASON,24HOURS,DAY_OF_WEEK,INTERSECTION,WEATHER_1,STATE_HWY_IND,ROAD_SURFACE,ROAD_COND_1,LIGHTING,STWD_VEHTYPE_AT_FAULT,CHP_VEHTYPE_AT_FAULT,DIRECTION,PCF_VIOL_CATEGORY,TYPE_OF_COLLISION,PEDESTRIAN_ACCIDENT,BICYCLE_ACCIDENT,MOTORCYCLE_ACCIDENT,TRUCK_ACCIDENT,MVIW,TOW_AWAY,HIT_AND_RUN,CONTROL_DEVICE,NUMBER_INJURED,COUNT_PED_INJURED,COUNT_BICYCLIST_INJURED,COUNT_MC_INJURED,PCF_VIOLATION,PARTY_COUNT,POINT_Y,POINT_X,COLLISION_SEVERITY
2015,2015-10-15,1641,10,3,16,4,N,B,N,A,H,A,N,60,E,11,G,Y,,,,B,N,N,A,1,1,0,0,21955.0,4,37.72001687,-122.39624922,2
2015,2015-10-05,2343,10,3,23,1,Y,A,N,A,H,C,A,01,,12,D,,,,,C,Y,N,A,1,0,0,0,21453.0,2,37.79034996,-122.42240999,4
2015,2015-10-14,827,10,3,8,3,Y,A,N,A,H,A,-,,,04,C,,,,,C,N,N,A,1,0,0,0,21703.0,2,37.77652997,-122.41752993,3
2015,2015-10-16,1529,10,3,15,5,Y,A,N,A,H,A,A,01,,07,D,,,,,C,Y,N,D,1,0,0,0,21658.0,2,37.76693997,-122.38920995,4
2015,2015-10-15,1336,10,3,13,4,Y,A,N,A,G,A,A,01,,09,D,,,Y,,C,Y,N,A,1,0,0,1,21801.0,2,37.79061999,-122.39339987,3
2015,2015-10-03,1120,10,3,11,6,Y,A,N,A,H,A,-,- ,,12,D,,,,,C,Y,N,A,1,0,0,0,21453.0,2,37.75005,-122.392422,4
2015,2015-10-08,1658,10,3,16,4,Y,A,N,A,H,B,A,01,,10,G,Y,,,,B,N,N,A,1,1,0,0,21950.0,2,37.7740599,-122.43759986,4
2015,2015-10-16,1940,10,3,19,5,N,A,N,A,H,C,A,01,N,03,E,,,,,J,Y,N,D,1,0,0,0,22350.0,1,37.73137031,-122.42846668,4
2015,2015-10-14,802,10,3,8,3,N,A,N,A,H,A,A,01,W,21,C,,,,,C,Y,N,A,1,0,0,0,22106.0,2,37.72930088,-122.39293384,4
2015,2015-10-07,1843,10,3,18,3,Y,A,N,A,H,B,L,04,,08,-,,Y,,,G,N,N,A,1,0,1,0,22107.0,2,37.76320991,-122.40733988,4
2015,2015-10-11,1530,10,3,15,7,N,A,N,A,H,A,L,04,W,17,D,,Y,,,G,N,F,D,1,0,1,0,21657.0,2,37.78835653,-122.39628576,4
2015,2015-10-16,1940,10,3,19,5,Y,A,N,A,H,C,A,01,,22,B,,Y,,,G,N,N,D,1,0,1,0,,2,37.76483989,-122.42309996,4
2015,2015-10-12,1320,10,3,13,1,N,A,N,A,H,A,A,01,S,17,B,,Y,,,G,N,N,D,1,0,1,0,22517.0,2,37.77525942,-122.41827253,4
2015,2015-10-06,1916,10,3,19,2,Y,A,N,A,H,C,-,- ,,12,F,,Y,,,A,N,N,A,1,0,1,0,21457.0,1,37.77479993,-122.42429995,4
2015,2015-10-09,1619,10,3,16,5,N,A,N,A,H,A,A,01,S,07,B,,,Y,,C,N,N,A,1,0,0,1,21658.0,2,37.78277209,-122.41236442,3
2015,2015-10-28,2309,10,3,23,3,Y,A,N,A,H,C,C,02,,07,B,,,Y,,D,N,N,A,1,0,0,1,21658.0,2,37.77568998,-122.45485996,4
2015,2015-10-11,1020,10,3,10,7,Y,A,N,A,H,C,A,01,,12,D,,,,,C,Y,N,A,2,0,0,0,21453.0,2,37.77286996,-122.42220993,4
2015,2015-10-09,1440,10,3,14,5,Y,A,N,A,H,A,-,- ,,00,H,,,,,-,N,N,A,1,0,0,0,,1,37.77337996,-122.46587996,3
2015,2015-10-08,645,10,3,6,4,Y,A,N,A,H,B,A,01,,08,H,,Y,,,A,N,N,A,1,0,1,0,22107.0,2,37.76801994,-122.42440985,3
2015,2015-10-11,2045,10,3,20,7,Y,A,N,A,H,C,L,04,,00,A,,Y,,,G,,N,A,1,0,1,0,22800.0,2,37.77188997,-122.43207996,3
2015,2015-10-12,1638,10,3,16,1,Y,A,N,A,H,A,A,01,,10,G,Y,,,,B,N,N,A,1,1,0,0,21950.0,2,37.79873998,-122.39985986,4
2015,2015-10-10,1430,10,3,14,6,N,A,N,A,H,A,A,01,W,21,G,Y,,,,B,N,N,D,1,1,0,0,22106.0,2,37.78770624,-122.43563174,4
2015,2015-10-11,1,10,3,0,7,Y,A,N,A,H,C,A,01,,09,D,,Y,,,G,N,N,A,2,0,1,0,21801.0,2,37.77966998,-122.42353987,3
2015,2015-10-30,1712,10,3,17,5,Y,A,N,A,H,A,L,04,,08,D,,Y,,,G,N,N,A,1,0,1,0,22107.0,2,37.76329993,-122.42173997,4
2015,2015-10-11,1915,10,3,19,7,N,A,N,A,H,C,N,60,W,11,G,Y,,,,B,N,N,D,1,1,0,0,21956.0,2,37.74455829,-122.39623715,4
2015,2015-10-03,1436,10,3,14,6,N,A,N,A,H,A,-,,N,00,H,,Y,,,G,N,N,D,1,0,1,0,21760.0,2,37.78320988,-122.41077986,4
2015,2015-10-11,1116,10,3,11,7,Y,A,N,A,H,A,A,01,,12,D,,,,,C,Y,N,A,2,0,0,0,21453.0,2,37.78430998,-122.43966997,4
2015,2015-10-30,1033,10,3,10,5,Y,A,N,A,H,A,C,02,,04,C,,,Y,,C,N,N,A,1,0,0,1,21703.0,2,37.77676989,-122.40784985,4
2015,2015-10-12,1750,10,3,17,1,Y,A,N,A,H,A,A,01,,10,G,Y,,,,B,N,N,D,1,1,0,0,21950.0,2,37.74290993,-122.47890994,3
2015,2015-10-10,403,10,3,4,6,Y,E,N,B,H,C,A,01,,03,E,,,,,I,Y,N,D,2,0,0,0,22350.0,1,37.77118,-122.47944991,3
2015,2015-10-30,1405,10,3,14,5,N,A,N,A,H,A,-,,E,03,C,,,,,C,N,N,A,2,0,0,0,22350.0,2,37.78138452,-122.45764979,4
2015,2015-10-11,210,10,3,2,7,N,A,N,A,H,C,A,01,W,03,H,,,,,E,Y,N,D,1,0,0,0,22350.0,2,37.73739815,-122.46383238,4
2015,2015-10-10,10,10,3,0,6,N,A,N,A,H,C,N,60,S,11,G,Y,,,,B,N,N,D,1,1,0,0,21954.0,2,37.75693545,-122.4167274,3
2015,2015-10-30,1655,10,3,16,5,N,A,N,A,C,A,-,- ,N,18,H,,Y,,,A,N,N,D,1,0,1,0,,1,37.75559419,-122.38710824,2
2015,2015-10-10,1909,10,3,19,6,Y,A,N,A,H,C,L,04,,12,D,,Y,,,G,N,N,A,1,0,1,0,21453.0,2,37.78703992,-122.43344994,4
2015,2015-10-30,1905,10,3,19,5,N,A,N,A,H,C,L,04,E,03,H,,Y,,,A,N,N,D,1,0,1,0,22350.0,1,37.76279412,-122.43009167,3
2015,2015-10-12,1212,10,3,12,1,N,A,N,A,H,A,A,01,S,03,C,,,,,C,Y,N,D,3,0,0,0,22350.0,2,37.74970101,-122.47611957,4
2015,2015-10-10,1719,10,3,17,6,Y,A,N,A,H,A,-,- ,,00,D,,Y,,,G,N,N,A,1,0,1,0,,2,37.77713992,-122.46616998,3
2015,2015-10-30,2105,10,3,21,5,N,A,N,A,H,C,L,04,N,07,D,,Y,,,G,N,N,D,1,0,1,0,21658.0,2,37.76563088,-122.41972289,4
2015,2015-10-09,635,10,3,6,5,Y,A,N,A,H,A,A,01,,10,B,Y,,,,B,N,N,A,1,1,0,0,21950.0,2,37.7239199,-122.40204992,4
2015,2015-10-09,1040,10,3,10,5,Y,A,N,A,H,A,-,,,08,H,,,,,A,N,N,D,1,0,0,0,22107.0,2,37.76847991,-122.41670993,4
2015,2015-10-13,1817,10,3,18,2,N,A,N,A,H,B,A,01,W,03,C,,,,,C,N,N,A,3,0,0,0,22350.0,2,37.71126155,-122.46765902,4
2015,2015-10-09,1547,10,3,15,5,Y,A,N,A,H,A,-,- ,,00,H,,Y,,,-,N,N,D,1,0,1,0,,1,37.74551995,-122.45742999,3
2015,2015-10-08,1604,10,3,16,4,Y,A,N,A,H,A,A,07,,17,H,,Y,,,G,N,N,D,1,0,1,0,22517.0,2,37.76341996,-122.41949991,3
2015,2015-10-11,723,10,3,7,7,N,A,N,A,H,A,A,01,S,21,D,,,Y,,D,N,N,D,1,0,0,1,22106.0,2,37.78919729,-122.40689735,4
2015,2015-10-08,648,10,3,6,4,Y,A,N,A,-,A,C,02,,06,D,,,Y,,C,N,N,A,1,0,0,1,21755.0,2,37.78622,-122.38968994,4
2015,2015-10-08,650,10,3,6,4,Y,A,N,A,H,C,A,01,,09,D,,Y,,,G,N,N,D,1,0,1,0,21801.0,2,37.76973993,-122.40496988,2
2015,2015-10-02,1918,10,3,19,5,N,A,N,A,H,C,N,60,E,11,G,Y,,,,B,N,N,D,1,1,0,0,21956.0,2,37.79507071,-122.40727313,4
2015,2015-10-01,1615,10,3,16,4,Y,A,N,A,H,A,C,02,,07,B,,,Y,,C,Y,N,D,1,0,0,1,21658.0,2,37.80111999,-122.41135999,3
2015,2015-10-02,2208,10,3,22,5,Y,A,N,A,H,C,A,01,,10,G,Y,,,,B,Y,F,A,1,1,0,0,21954.0,2,37.78702989,-122.39998996,4
2015,2015-10-21,1447,10,3,14,3,N,A,N,A,H,A,C,02,W,03,E,,,Y,,I,Y,N,D,1,0,0,1,22350.0,1,37.73297,-122.3854756,2
2015,2015-10-09,808,10,3,8,5,Y,A,N,A,H,A,C,02,,06,B,,,Y,,C,N,N,A,1,0,0,1,21755.0,2,37.78703992,-122.43344994,4
2015,2015-09-04,1910,9,3,19,5,Y,A,N,A,H,A,A,01,,08,C,,,Y,,C,N,N,D,1,0,0,1,22103.0,2,37.7523799,-122.41627992,3
2015,2015-10-10,8,10,3,0,6,N,A,N,A,H,C,D,22,E,01,B,,,,,E,Y,N,D,1,0,0,0,23152.0,2,37.74613,-122.39399,2
2015,2015-10-31,1704,10,3,17,6,N,A,N,A,H,A,A,01,N,03,C,,,,,C,Y,F,A,4,0,0,0,22350.0,3,37.76546775,-122.39486366,4
2015,2015-10-09,1448,10,3,14,5,Y,A,N,A,H,A,L,04,,09,B,,Y,,,G,N,N,A,1,0,1,0,21801.0,2,37.75411992,-122.41424992,4
2015,2015-10-07,2109,10,3,21,3,Y,A,N,A,H,C,A,01,,08,D,,,,,C,Y,N,A,4,0,0,0,22100.0,2,37.78807993,-122.44045,4
2015,2015-10-08,2246,10,3,22,4,Y,A,N,A,H,C,A,07,,07,B,,,,,C,Y,N,A,1,0,0,0,21658.0,4,37.76356,-122.41733986,4
2015,2015-10-02,1630,10,3,16,5,Y,A,N,A,H,A,N,60,,11,G,Y,,Y,,B,N,N,A,1,1,0,0,21955.0,2,37.76209989,-122.4149899,4
2015,2015-10-06,854,10,3,8,2,Y,A,N,A,C,A,C,02,,03,H,,,Y,,A,Y,N,A,1,0,0,1,22350.0,1,37.77710997,-122.39498995,2
2015,2015-10-10,1510,10,3,15,6,N,A,N,A,H,A,N,60,W,11,G,Y,,,,B,N,N,D,1,1,0,0,21954.0,2,37.79702889,-122.40570957,2
2015,2015-10-08,2223,10,3,22,4,Y,A,N,A,H,C,A,01,,10,H,,,,,B,N,N,A,1,0,0,0,21950.0,2,37.72156989,-122.4726699,4
2015,2015-10-07,909,10,3,9,3,Y,A,N,A,H,A,A,01,,09,H,,,Y,,I,N,N,D,1,0,0,1,21801.0,2,37.76587994,-122.46749986,4
2015,2015-10-06,1212,10,3,12,2,Y,A,N,A,H,A,A,01,,10,G,Y,,,,B,N,N,A,1,1,0,0,21950.0,2,37.77376989,-122.41160992,3
2015,2015-10-03,100,10,3,1,6,N,A,N,A,H,C,A,01,W,01,B,,,,,C,Y,M,-,1,0,0,0,23152.0,2,37.76302901,-122.38909183,3
2015,2015-10-06,1357,10,3,13,2,Y,A,N,A,H,A,A,01,,10,G,Y,,,,B,N,N,A,1,1,0,0,21950.0,2,37.79691992,-122.40680998,4
2015,2015-10-06,736,10,3,7,2,Y,A,N,A,H,B,A,07,,12,D,,,,,C,Y,N,A,2,0,0,0,21453.0,2,37.78161994,-122.43066994,4
2015,2015-10-04,1122,10,3,11,7,Y,A,N,A,H,A,A,01,,12,D,,,,,C,Y,N,A,1,0,0,0,21453.0,2,37.7849399,-122.43471994,4
2015,2015-10-03,1630,10,3,16,6,Y,A,N,A,H,A,A,01,,12,D,,,,,C,Y,N,A,2,0,0,0,21453.0,2,37.7636899,-122.41514996,4
2015,2015-10-06,2100,10,3,21,2,N,A,N,A,H,C,N,60,W,11,G,Y,,,,B,N,N,D,1,1,0,0,21954.0,2,37.80058548,-122.40794164,3
2015,2015-10-06,1814,10,3,18,2,Y,A,N,A,H,A,A,01,,09,D,,Y,,,G,N,N,A,1,0,1,0,21801.0,2,37.76876999,-122.42224994,4
2015,2015-10-05,1605,10,3,16,1,N,A,N,A,H,A,N,60,E,11,G,Y,,,,B,N,N,A,1,1,0,0,21956.0,2,37.80826963,-122.41541241,3
2015,2015-10-05,1526,10,3,15,1,Y,A,N,A,H,A,A,07,,10,G,Y,,,,B,N,N,A,1,1,0,0,21950.0,2,37.79427995,-122.43489988,4
2015,2015-10-03,2242,10,3,22,6,Y,A,N,A,H,C,A,01,,12,D,,,,,C,N,N,A,1,0,0,0,21453.0,2,37.78286998,-122.42089998,4
2015,2015-10-06,1841,10,3,18,2,N,A,N,A,H,A,A,01,W,09,D,,Y,,,G,N,N,A,1,0,1,0,21801.0,2,37.78392153,-122.40815693,4
2015,2015-10-05,2315,10,3,23,1,N,A,N,A,H,C,A,01,S,01,F,,,,,E,Y,N,A,1,0,0,0,23152.0,3,37.73082096,-122.40494777,4
2015,2015-10-04,527,10,3,5,7,Y,A,N,A,H,C,A,01,,10,G,Y,,,,B,N,N,A,1,1,0,0,21950.0,2,37.7891199,-122.41700991,4
2015,2015-10-05,1252,10,3,12,1,Y,A,N,A,H,A,-,,,12,D,,,,,C,Y,N,A,2,0,0,0,21453.0,2,37.80394989,-122.42673996,4
2015,2015-10-11,16,10,3,0,7,N,A,N,A,H,C,D,22,S,03,C,,,,,C,Y,N,A,1,0,0,0,22350.0,3,37.77313,-122.47178,4
2015,2015-10-02,1422,10,3,14,5,Y,A,N,A,H,A,A,01,,12,D,,,,,C,Y,N,A,1,0,0,0,21453.0,2,37.79486991,-122.40148,4
2015,2015-10-03,1935,10,3,19,6,N,A,N,A,H,C,-,- ,W,00,B,,,Y,,C,N,N,D,2,0,0,2,,2,37.77327863,-122.46834422,4
2015,2015-10-07,108,10,3,1,3,N,A,N,A,H,C,A,01,N,03,B,,,,,E,Y,N,D,1,0,0,0,22350.0,3,37.72683442,-122.38606052,4
2015,2015-10-09,1455,10,3,14,5,Y,A,N,A,H,A,A,01,,09,D,,,Y,,C,Y,N,A,1,0,0,1,21801.0,2,37.80769993,-122.41231997,3
2015,2015-10-04,1805,10,3,18,7,Y,A,N,A,H,A,A,07,,10,G,Y,,,,B,N,N,A,1,1,0,0,21950.0,2,37.77925998,-122.42681999,4
2015,2015-10-04,210,10,3,2,7,Y,A,N,A,H,C,A,01,,03,C,,,,,C,N,F,A,1,0,0,0,22350.0,2,37.79238996,-122.42104993,4
2015,2015-10-16,2048,10,3,20,5,N,A,N,A,H,C,A,01,E,03,C,,,,,E,N,N,D,1,0,0,0,22350.0,2,37.73140425,-122.42807329,4
2015,2015-12-05,1300,12,4,13,6,N,A,N,A,H,A,-,99,E,03,C,,,,,E,N,F,A,1,0,0,0,22350.0,2,,,4
2015,2015-12-07,1118,12,4,11,1,N,B,N,A,H,A,I,11,N,10,G,Y,,,,B,N,N,A,1,1,0,0,21950.0,2,37.7395964,-122.40698788,4
2015,2015-11-13,729,11,3,7,5,N,A,N,A,H,A,A,01,N,03,C,,,,,C,N,N,A,1,0,0,0,22350.0,2,37.7937008,-122.3964173,4
2015,2015-12-04,2205,12,4,22,5,Y,A,N,A,H,C,A,01,,21,G,Y,,,,B,N,F,A,1,1,0,0,22106.0,2,37.78298993,-122.46335999,4
2015,2015-11-22,1229,11,3,12,7,N,A,N,A,H,A,I,11,W,10,G,Y,,,,B,N,N,A,1,1,0,0,21950.0,2,37.78837538,-122.41521763,3
2015,2015-11-19,1623,11,3,16,4,N,A,N,A,H,A,D,22,E,10,G,Y,,,,B,N,F,A,1,1,0,0,21950.0,2,37.72391642,-122.4020333,3
2015,2015-11-01,1455,11,3,14,7,N,B,N,A,H,A,-,- ,S,18,E,,,,,I,Y,N,D,1,0,0,0,,1,37.79143139,-122.41072893,4
2015,2015-12-12,1038,12,4,10,6,Y,A,N,A,H,A,A,07,,08,D,,,,,C,N,N,A,1,0,0,0,22107.0,2,37.7881499,-122.39031995,4
2015,2015-12-05,1417,12,4,14,6,Y,A,N,A,H,A,A,01,,01,D,,,,,C,Y,N,A,3,0,0,0,23152.0,3,37.77975995,-122.4302999,4
2015,2015-12-05,1401,12,4,14,6,N,A,N,A,H,A,C,02,E,03,B,,,Y,,D,N,N,A,1,0,0,1,22350.0,3,37.78049811,-122.47706337,4
2015,2015-11-30,1500,11,3,15,1,N,B,N,A,H,A,D,22,W,09,D,,,,,C,Y,N,D,2,0,0,0,21804.0,2,37.76574517,-122.40792895,3
2015,2015-12-17,1540,12,4,15,4,Y,B,N,A,H,A,L,04,,05,G,Y,Y,,,B,N,N,D,2,2,0,0,21650.0,3,37.79509995,-122.40698996,3
2015,2015-12-10,1835,12,4,18,4,Y,C,N,B,H,C,A,07,,10,G,Y,,,,B,N,N,A,1,1,0,0,21950.0,2,37.78629998,-122.43161986,3
2015,2015-12-06,1625,12,4,16,7,Y,A,N,B,H,A,A,08,,08,B,,Y,,,G,N,N,A,1,0,1,0,22107.0,2,37.7521099,-122.42064999,4
2015,2015-11-23,629,11,3,6,1,Y,B,N,A,H,C,D,23,,07,B,,Y,,,G,N,N,A,1,0,1,0,21658.0,2,37.74681996,-122.45872997,3
2015,2015-12-16,724,12,4,7,3,Y,A,N,A,H,A,A,01,,12,B,,,,,C,N,N,A,1,0,0,0,21453.0,3,37.78806989,-122.42523992,4
2015,2015-12-04,1750,12,4,17,5,Y,A,N,A,H,C,A,01,,10,G,Y,,,,B,N,N,A,1,1,0,0,21950.0,2,37.78889995,-122.41866993,4
2015,2015-12-07,1841,12,4,18,1,N,A,N,A,H,C,A,01,S,10,G,Y,,,,B,N,N,A,1,1,0,0,21950.0,2,37.75713535,-122.41674752,3
2015,2015-11-28,1430,11,3,14,6,Y,A,N,A,H,A,I,11,,12,D,,,,,D,N,N,A,2,0,0,0,21453.0,2,37.78628997,-122.44659989,4
2015,2015-12-04,1721,12,4,17,5,Y,A,N,A,H,C,-,,,10,G,Y,,,,B,N,N,D,1,1,0,0,21950.0,2,37.73016994,-122.3989799,4
2015,2015-12-09,738,12,4,7,3,Y,A,N,A,H,A,A,01,,09,D,,Y,,,G,N,N,A,1,0,1,0,21802.0,2,37.7770499,-122.41259999,4
2015,2015-11-04,2239,11,3,22,3,Y,A,N,A,H,C,A,01,,09,D,,,,,C,Y,N,A,1,0,0,0,21801.0,2,37.75341992,-122.42539991,4
2015,2015-12-17,1830,12,4,18,4,Y,A,N,A,H,C,A,01,,07,B,,,Y,,C,N,N,A,1,0,0,1,21658.0,2,,,3
2015,2015-12-02,2318,12,4,23,3,N,A,N,A,H,C,A,01,W,09,D,,Y,,,G,N,N,D,1,0,1,0,21801.0,2,37.76286126,-122.42885523,3
2015,2015-12-08,2213,12,4,22,2,Y,A,N,A,H,C,N,60,,11,B,Y,,,,-,N,F,A,1,1,0,0,21954.0,2,37.76828997,-122.41996989,3
2015,2015-11-06,909,11,3,9,5,Y,A,N,A,H,A,A,08,,07,H,,,,Y,C,N,N,A,1,0,0,0,21658.0,3,37.77637999,-122.4195,4
2015,2015-12-17,35,12,4,0,4,Y,A,N,A,H,C,A,01,,08,D,,,,,C,Y,N,A,2,0,0,0,22100.0,2,37.77128993,-122.40542986,4
2015,2015-12-02,1220,12,4,12,3,N,A,N,A,H,A,A,01,W,17,H,,Y,,,G,N,N,D,1,0,1,0,22517.0,2,37.78288199,-122.46564624,3
2015,2015-12-09,1800,12,4,18,3,Y,A,N,A,H,C,A,01,,08,D,,Y,,,G,Y,N,A,1,0,1,0,22107.0,2,37.77311988,-122.41556991,4
2015,2015-11-04,1927,11,3,19,3,Y,A,N,A,H,C,G,26,,07,B,,,Y,Y,C,N,N,D,1,0,0,1,21658.0,2,37.77201991,-122.38970999,4
2015,2015-12-15,1449,12,4,14,2,Y,A,N,A,H,A,A,01,,08,D,,,Y,,C,Y,N,D,1,0,0,1,22107.0,2,37.7314699,-122.45487996,4
2015,2015-12-04,1549,12,4,15,5,Y,A,N,A,H,A,A,01,,10,G,Y,Y,,,G,N,N,A,1,0,1,0,21950.0,5,37.79056996,-122.42067992,4
2015,2015-12-09,827,12,4,8,3,Y,B,N,B,H,A,N,60,,11,D,Y,,,,B,N,N,A,1,1,0,0,21955.0,2,37.78765989,-122.40345987,3
2015,2015-12-13,1540,12,4,15,7,N,B,N,B,C,A,A,01,W,03,C,,,,,C,N,N,D,1,0,0,0,22350.0,2,37.73771654,-122.40810946,4
2015,2015-12-02,1555,12,4,15,3,Y,A,N,A,H,A,A,01,,12,D,,,,,C,Y,N,A,1,0,0,0,21453.0,2,37.78628997,-122.44659989,3
2015,2015-12-09,1621,12,4,16,3,Y,A,N,A,H,A,A,01,,10,G,Y,,,,B,N,N,A,1,1,0,0,21950.0,2,37.77281991,-122.41281991,4
2015,2015-11-11,1131,11,3,11,3,Y,A,N,A,H,A,E,22,,03,A,,,,,C,Y,N,A,3,0,0,0,22350.0,2,37.71894999,-122.5003399,2
2015,2015-12-15,1035,12,4,10,2,N,A,Y,A,H,A,A,01,N,03,B,,,,,C,N,N,D,1,0,0,0,22350.0,2,37.78408328,-122.4209947,4
2015,2015-12-09,1932,12,4,19,3,N,B,N,A,H,C,A,01,E,10,G,Y,,,,B,N,N,A,1,1,0,0,21950.0,2,37.77594366,-122.42275622,4
2015,2015-12-08,1603,12,4,16,2,N,B,N,A,H,C,C,02,S,03,H,,,Y,,I,Y,N,A,1,0,0,1,22350.0,2,37.77114589,-122.41070655,3
2015,2015-10-30,1606,10,3,16,5,N,A,N,A,H,A,J,48,W,03,F,,,,,A,Y,N,D,1,0,0,0,22350.0,1,37.74710436,-122.40375442,4
2015,2015-12-09,2000,12,4,20,3,Y,A,N,A,H,C,A,01,,17,E,,Y,,,G,N,N,A,1,0,1,0,22517.0,2,37.78150996,-122.40492993,4
2015,2015-12-15,1132,12,4,11,2,N,A,N,A,H,A,A,01,N,17,E,,,,,I,N,N,A,1,0,0,0,21461.0,1,37.75790114,-122.4669632,4
2015,2015-12-02,1348,12,4,13,3,N,A,N,A,H,A,N,60,W,11,B,Y,,,,B,N,N,D,1,1,0,0,21954.0,2,37.79139375,-122.41431505,4
2015,2015-12-06,2340,12,4,23,7,Y,B,Y,B,H,C,A,01,,01,A,,,,,C,Y,N,A,1,0,0,0,23152.0,2,37.77638628,-122.4194426,4
2015,2015-12-27,2237,12,4,22,7,N,B,Y,B,H,C,D,22,S,03,F,,,,,I,Y,N,D,1,0,0,0,22350.0,1,37.77255498,-122.47396557,3
2015,2015-12-09,1748,12,4,17,3,N,B,N,B,H,B,A,07,N,17,B,,,,,C,N,N,A,1,0,0,0,22517.0,2,37.78484562,-122.40937842,4
2015,2015-12-10,1832,12,4,18,4,Y,A,N,A,H,C,A,01,,09,D,,,,,C,Y,N,D,2,0,0,0,21802.0,2,37.79710997,-122.42030992,4
2015,2015-12-14,1305,12,4,13,1,Y,A,N,A,H,A,D,23,,04,C,,,Y,,C,Y,N,A,1,0,0,1,21703.0,2,37.77622995,-122.41158998,4
2015,2015-12-15,834,12,4,8,2,N,A,N,A,D,A,N,60,E,22,G,Y,,,,B,N,N,D,1,1,0,0,,2,37.72898597,-122.36877367,3
2015,2015-12-25,1307,12,4,13,5,N,A,N,A,H,A,A,01,E,21,D,,,,,C,Y,N,D,1,0,0,0,22106.0,3,37.77310736,-122.42996464,4
2015,2015-12-16,905,12,4,9,3,N,A,N,A,H,A,A,01,S,03,B,Y,,,,E,N,F,D,1,1,0,0,22350.0,3,37.75241508,-122.4665709,4
2015,2015-12-10,701,12,4,7,4,Y,B,N,B,H,C,D,22,,10,B,Y,,,,B,N,N,A,1,1,0,0,21950.0,2,37.78693994,-122.38874993,4
2015,2015-12-11,640,12,4,6,5,Y,C,N,B,H,C,E,22,,03,G,Y,,,,B,N,N,D,1,1,0,0,22350.0,2,37.70843992,-122.45884989,4
2015,2015-12-16,1736,12,4,17,3,N,A,N,A,H,C,L,04,W,08,C,,Y,Y,,G,N,N,A,1,0,1,0,22107.0,2,37.77742239,-122.41870583,4
2015,2015-12-21,1726,12,4,17,1,Y,C,N,B,E,C,I,11,,10,G,Y,,,,B,N,N,A,1,1,0,0,21950.0,2,37.77571996,-122.42447987,4
2015,2015-12-17,1656,12,4,16,4,N,A,N,A,H,C,N,60,W,11,G,Y,,,,B,N,N,A,1,1,0,0,21456.0,2,37.78982281,-122.40389464,4
2015,2015-12-16,1000,12,4,10,3,Y,-,N,-,-,-,F,25,,21,B,,,,Y,E,N,N,-,1,0,0,0,22106.0,2,37.76639994,-122.42423995,3
2015,2015-12-20,1613,12,4,16,7,Y,C,N,B,H,A,D,22,,03,C,,,,,E,Y,N,B,1,0,0,0,22350.0,3,37.78602995,-122.47870992,4
2015,2015-12-16,1809,12,4,18,3,Y,A,N,A,H,C,D,22,,10,G,Y,,,,B,N,N,A,1,1,0,0,21950.0,2,37.72737997,-122.40458996,2
2015,2015-12-01,840,12,4,8,2,Y,A,N,A,H,A,C,02,,12,D,,,Y,,C,Y,N,A,1,0,0,1,21453.0,2,37.7439299,-122.42275,3
2015,2015-12-29,1210,12,4,12,2,Y,A,N,A,H,A,A,01,,09,D,,,Y,,C,N,F,A,1,0,0,1,21801.0,2,37.77328993,-122.46803986,4
2014,2014-06-30,637,6,2,6,1,N,A,N,A,H,A,A,01,W,08,A,,Y,,,G,N,N,D,1,0,1,0,22107.0,2,37.72249367,-122.43460416,4
2014,2014-07-03,1645,7,2,16,4,N,A,N,A,H,A,C,02,W,03,C,,,Y,,C,Y,N,A,2,0,0,2,22350.0,2,37.76572241,-122.47110348,4
2014,2014-07-15,1950,7,2,19,2,N,A,N,A,G,B,L,04,E,03,H,,Y,,,A,N,N,D,1,0,1,0,22350.0,1,37.78949095,-122.40109463,3
2014,2014-06-30,315,6,2,3,1,N,A,N,A,H,C,N,60,S,11,G,Y,,,,B,N,N,A,1,1,0,0,21955.0,2,37.79140238,-122.42085006,3
2014,2014-07-03,125,7,2,1,4,N,A,N,A,H,C,A,01,E,03,B,,,,,E,Y,F,D,3,0,0,0,22350.0,3,37.74830847,-122.41124343,2
2014,2014-07-07,1700,7,2,17,1,N,A,N,A,H,A,-,- ,W,18,H,,Y,,,-,N,N,D,1,0,1,0,,1,37.80838163,-122.41434506,3
2014,2014-07-15,1710,7,2,17,2,N,A,N,A,H,A,A,08,S,03,C,,,,,C,N,N,A,2,0,0,0,22350.0,2,37.73750339,-122.40688715,4
2014,2014-06-30,2151,6,2,21,1,Y,A,N,A,H,C,-,,,06,G,Y,,,,B,N,N,A,1,1,0,0,21951.0,2,37.77642998,-122.39414997,4
2014,2014-07-04,1900,7,2,19,5,Y,B,N,A,H,B,A,01,,09,B,,,,,C,Y,N,A,2,0,0,0,21801.0,4,37.72240994,-122.39574992,4
2014,2014-07-09,1606,7,2,16,3,N,A,N,A,H,A,A,01,E,21,C,,,,,E,N,N,D,1,0,0,0,22106.0,3,37.75788753,-122.40040531,4
2014,2014-07-17,1456,7,2,14,4,N,A,N,A,H,A,A,01,S,04,C,,Y,,,G,N,N,A,1,0,1,0,21703.0,2,37.78138383,-122.40477079,3
2014,2014-06-30,1833,6,2,18,1,Y,A,N,A,H,A,A,01,,04,C,,,,,C,N,N,A,1,0,0,0,21703.0,3,37.76930998,-122.41081987,3