ACCIDENT_YEAR,COLLISION_DATE,COLLISION_TIME,MONTH,SEASON,24HOURS,DAY_OF_WEEK,INTERSECTION,WEATHER_1,STATE_HWY_IND,ROAD_SURFACE,ROAD_COND_1,LIGHTING,STWD_VEHTYPE_AT_FAULT,CHP_VEHTYPE_AT_FAULT,DIRECTION,PCF_VIOL_CATEGORY,TYPE_OF_COLLISION,PEDESTRIAN_ACCIDENT,BICYCLE_ACCIDENT,MOTORCYCLE_ACCIDENT,TRUCK_ACCIDENT,MVIW,TOW_AWAY,HIT_AND_RUN,CONTROL_DEVICE,NUMBER_INJURED,COUNT_PED_INJURED,COUNT_BICYCLIST_INJURED,COUNT_MC_INJURED,PCF_VIOLATION,PARTY_COUNT,POINT_Y,POINT_X,COLLISION_SEVERITY
2016,2016-08-09,1546,8,2,15,2,Y,A,N,A,H,A,C,02,,03,D,,,Y,,C,Y,N,A,3,0,0,1,22350.0,2,37.71071989,-122.41881996,4
2016,2016-08-26,1830,8,2,18,5,Y,A,N,A,H,A,-,- ,,00,B,,Y,,,G,N,N,D,1,0,1,0,,2,37.7700391,-122.48508811,4
2016,2016-08-13,1800,8,2,18,6,N,A,N,A,H,A,A,01,W,08,B,,,Y,,C,N,N,D,2,0,0,2,22107.0,2,37.77571764,-122.42450055,4
2016,2016-08-24,1145,8,2,11,3,Y,A,N,A,H,A,-,- ,,- ,G,Y,,,,B,N,N,D,1,1,0,0,,2,37.73982991,-122.41133987,3
2016,2016-08-13,845,8,2,8,6,Y,A,N,A,H,A,C,02,,12,D,,,Y,,C,N,N,A,1,0,0,1,21453.0,2,37.77416998,-122.42912999,2
2016,2016-08-12,1810,8,2,18,5,Y,A,N,A,H,A,A,01,,10,H,Y,,,,B,N,N,-,1,1,0,0,21950.0,2,37.7891199,-122.41700991,4
2016,2016-08-25,2015,8,2,20,4,N,A,N,A,H,C,A,01,N,03,C,,,,,C,N,F,A,1,0,0,0,22350.0,2,37.77787691,-122.43837664,4
2016,2016-08-12,1702,8,2,17,5,N,A,N,A,H,A,A,07,W,08,B,,,,,C,Y,N,D,1,0,0,0,22107.0,2,37.74498925,-122.44311743,3
2016,2016-08-28,1233,8,2,12,7,Y,A,N,A,H,A,A,01,,12,D,,,,,C,Y,N,A,4,0,0,0,21453.0,3,37.77758991,-122.45522986,4
2016,2016-08-26,730,8,2,7,5,N,A,N,A,H,A,-,,W,03,C,,,,,E,Y,N,-,1,0,0,0,22350.0,2,37.76837198,-122.48153648,4
2016,2016-08-12,1616,8,2,16,5,Y,A,N,A,H,A,A,01,,10,G,Y,,,,B,N,N,A,1,1,0,0,21950.0,2,37.77578998,-122.44646989,3
2016,2016-08-13,44,8,2,0,6,Y,A,N,A,H,C,A,07,,01,D,,,,,C,Y,N,A,2,0,0,0,23153.0,2,37.76018995,-122.41997994,4
2016,2016-08-26,920,8,2,9,5,Y,B,N,A,H,A,A,01,,08,B,,Y,,,G,N,M,A,1,0,1,0,22107.0,2,37.76914992,-122.45352987,4
2016,2016-08-28,1500,8,2,15,7,N,A,N,A,H,A,N,60,W,11,G,Y,,,,B,N,N,D,1,1,0,0,21954.0,2,37.80638183,-122.42261411,4
2016,2016-08-14,1022,8,2,10,7,Y,A,N,A,H,A,C,02,,09,D,,,Y,,C,N,N,A,1,0,0,1,21801.0,2,37.76524995,-122.41636994,4
2016,2016-08-27,2130,8,2,21,6,N,A,N,A,H,C,A,08,N,21,C,,,Y,,C,N,N,D,1,0,0,1,22106.0,2,37.80227355,-122.40019619,3
2016,2016-08-13,1904,8,2,19,6,Y,A,N,A,H,A,-,,,12,D,,,,,C,Y,N,A,2,0,0,0,21453.0,2,37.72771998,-122.43233996,3
2016,2016-08-25,1959,8,2,19,4,Y,A,N,A,H,C,A,01,,12,D,,,,,C,N,F,A,1,0,0,0,22450.0,2,37.7295299,-122.40656986,4
2016,2016-08-11,2330,8,2,23,4,N,E,N,B,H,C,A,01,E,03,C,,,,,C,Y,N,D,2,0,0,0,22350.0,3,37.76554494,-122.47501637,3
2016,2016-08-29,950,8,2,9,1,Y,A,Y,A,H,A,-,,,12,D,,,,,C,Y,N,A,1,0,0,0,21453.0,3,37.79950967,-122.42408247,4
2016,2016-08-20,1119,8,2,11,6,Y,A,Y,A,H,A,A,01,,03,C,,,,,C,Y,N,A,3,0,0,0,22350.0,3,37.77100695,-122.47927971,4
2016,2016-08-08,26,8,2,0,1,Y,A,N,A,H,C,A,07,,12,D,,Y,,,G,N,F,A,1,0,1,0,21453.0,2,37.78216997,-122.41899994,4
2016,2016-08-20,2022,8,2,20,6,Y,A,N,A,H,C,-,,,10,A,Y,,,,B,N,N,A,1,1,0,0,21950.0,2,37.74693998,-122.44483992,4
2016,2016-08-19,1925,8,2,19,5,N,A,N,A,H,A,A,01,S,03,C,,Y,,,G,N,N,A,1,0,1,0,22350.0,2,37.77140879,-122.41102118,3
2016,2016-08-19,455,8,2,4,5,Y,A,Y,A,H,C,N,60,,11,G,Y,,,,B,N,N,A,1,1,0,0,21456.0,2,37.7807196,-122.47226798,2
2016,2016-08-13,1458,8,2,14,6,N,A,N,A,H,A,A,01,,21,G,Y,,,,I,Y,F,D,1,1,0,0,22106.0,2,37.77970989,-122.49328999,4
2016,2016-08-16,631,8,2,6,2,Y,A,N,A,H,A,A,01,,12,D,,,,,I,Y,N,A,1,0,0,0,21453.0,2,37.78712,-122.44023993,4
2016,2016-08-08,1220,8,2,12,1,Y,-,N,-,-,-,-,- ,,00,G,Y,,,,-,,N,-,1,1,0,0,,2,37.78223989,-122.41029991,3
2016,2016-08-15,1930,8,2,19,1,Y,A,N,A,H,A,A,01,,09,D,,Y,,,G,N,N,D,1,0,1,0,21801.0,2,37.76505996,-122.46423989,3
2016,2016-08-18,2258,8,2,22,4,N,A,N,A,H,C,A,01,S,08,B,,Y,,,G,N,N,D,1,0,1,0,22107.0,2,37.79120713,-122.42081017,4
2016,2016-08-26,1228,8,2,12,5,Y,A,N,A,H,A,A,01,,04,C,,,,,C,Y,N,A,2,0,0,0,21703.0,2,37.7269299,-122.47503993,4
2016,2016-08-30,658,8,2,6,2,N,A,N,A,H,A,A,01,W,10,G,Y,,,,B,N,N,A,1,1,0,0,21950.0,2,37.78318969,-122.45902691,3
2016,2016-08-20,154,8,2,1,6,Y,A,N,A,H,C,A,01,,03,A,,,,,-,Y,N,A,1,0,0,0,22350.0,1,37.73223989,-122.41901995,4
2016,2016-08-18,2358,8,2,23,4,Y,A,N,A,H,C,A,01,,03,D,,,,,E,Y,N,A,2,0,0,0,22350.0,2,37.77223999,-122.49168998,4
2016,2016-08-17,2214,8,2,22,3,N,A,N,A,H,C,L,04,N,08,-,,Y,,,G,N,N,D,1,0,1,0,22107.0,2,37.75242766,-122.42068197,3
2016,2016-08-19,611,8,2,6,5,Y,A,N,A,H,B,A,01,,08,D,,,,,C,Y,N,A,1,0,0,0,22100.0,2,37.79325,-122.39318994,4
2016,2016-07-25,851,7,2,8,1,N,A,N,A,H,A,A,01,W,08,B,,,Y,,C,N,N,D,1,0,0,1,22107.0,2,37.77756427,-122.40682548,4
2016,2016-08-19,2119,8,2,21,5,N,A,N,A,H,C,A,01,N,03,G,Y,,,,B,N,N,D,1,1,0,0,22350.0,2,37.74475363,-122.40298761,4
2016,2016-08-27,320,8,2,3,6,Y,A,N,A,H,C,A,01,,03,B,,,,,C,Y,N,D,1,0,0,0,22350.0,2,37.71160999,-122.46389992,3
2016,2016-08-29,1548,8,2,15,1,N,A,N,A,H,A,A,01,S,08,E,,Y,,,G,N,N,D,1,0,1,0,22107.0,2,37.78397207,-122.41933726,4
2016,2016-08-30,1220,8,2,12,2,Y,A,N,A,G,A,L,04,,- ,H,,Y,,,I,N,N,A,1,0,1,0,,1,37.73849989,-122.49426995,3
2016,2016-08-30,1620,8,2,16,2,N,A,N,A,H,A,A,07,N,03,D,,,,,C,N,F,D,1,0,0,0,22350.0,3,37.77806974,-122.43671156,4
2016,2016-08-09,2315,8,2,23,2,Y,A,N,A,H,C,N,60,,11,G,Y,,,,B,N,N,A,1,1,0,0,21453.0,2,37.7881499,-122.39031995,3
2016,2016-08-10,2150,8,2,21,3,Y,A,N,A,H,C,N,60,,11,G,Y,,,,B,N,N,A,1,1,0,0,21453.0,2,37.77020999,-122.44534989,4
2016,2016-07-30,1537,7,2,15,6,Y,A,N,A,H,A,A,01,,09,A,,,,,C,Y,N,A,1,0,0,0,21801.0,2,37.80696989,-122.41049999,3
2016,2016-07-13,1228,7,2,12,3,N,A,N,A,H,A,A,08,S,17,E,,Y,,,G,N,N,D,1,0,1,0,22517.0,2,37.75857788,-122.41903645,4
2016,2016-09-01,1031,9,3,10,4,Y,A,N,A,H,A,A,01,,12,D,,,,,C,Y,N,A,2,0,0,0,21453.0,2,37.78628997,-122.44659989,4
2016,2016-08-10,2306,8,2,23,3,N,A,N,A,H,C,A,01,W,07,F,,,,,E,Y,N,D,1,0,0,0,21658.0,2,37.79019297,-122.41607234,4
2016,2016-08-23,717,8,2,7,2,N,A,N,A,H,A,A,01,S,03,C,,,,,C,Y,N,A,3,0,0,0,22350.0,3,37.71558453,-122.47220206,4
2016,2016-08-04,910,8,2,9,4,Y,B,N,A,H,A,N,60,,11,G,Y,,,,B,N,N,D,1,1,0,0,21955.0,2,37.72163997,-122.40111996,3
2016,2016-08-04,1813,8,2,18,4,Y,B,N,A,H,A,A,01,,12,D,,,,,C,Y,N,A,2,0,0,0,21453.0,2,37.78762989,-122.44374986,4
2016,2016-08-04,1234,8,2,12,4,N,A,N,A,H,A,L,04,E,08,C,,Y,,,E,N,N,D,1,0,1,0,22107.0,2,37.77078131,-122.48665628,3
2016,2016-08-25,1819,8,2,18,4,Y,A,N,A,H,A,-,- ,,18,H,,Y,,,A,N,N,D,1,0,1,0,,1,37.77797997,-122.40939992,2
2016,2016-08-05,45,8,2,0,5,Y,B,N,B,H,C,A,01,,10,G,Y,,,,B,N,N,A,1,1,0,0,21950.0,2,37.79065995,-122.41224988,4
2016,2016-08-05,2005,8,2,20,5,Y,A,N,A,H,B,A,01,,01,C,,,,,D,Y,M,A,1,0,0,0,23153.0,3,37.80642999,-122.43605987,4
2016,2016-08-11,1315,8,2,13,4,Y,A,N,A,H,A,-,- ,,18,B,,,,,C,Y,N,A,2,0,0,0,,2,37.74539097,-122.50791371,3
2016,2016-08-24,2040,8,2,20,3,Y,A,N,A,-,C,N,60,,11,G,Y,,,,B,N,N,A,1,1,0,0,21453.0,2,37.79034996,-122.42240999,3
2016,2016-08-02,928,8,2,9,2,Y,A,N,A,H,A,A,01,,10,G,Y,,,,B,N,N,A,1,1,0,0,21950.0,2,37.78329991,-122.41751985,4
2016,2016-08-16,1600,8,2,16,2,Y,A,N,A,H,A,-,- ,,00,G,Y,,,,B,N,N,A,1,1,0,0,,2,37.76423996,-122.43313992,2
2016,2016-08-13,154,8,2,1,6,Y,A,N,A,H,C,A,01,,08,G,Y,,,,B,N,F,A,1,1,0,0,22100.0,2,37.76423996,-122.43313992,4
2016,2016-08-13,2004,8,2,20,6,Y,B,N,A,H,B,L,04,,05,D,,Y,,,G,N,N,D,1,0,1,0,21650.0,2,37.77886995,-122.40824998,4
2016,2016-08-02,1723,8,2,17,2,Y,A,N,A,H,A,N,60,,11,G,Y,,,,B,N,N,A,1,1,0,0,21950.0,2,37.80657991,-122.4137799,4
2016,2016-08-08,1809,8,2,18,1,N,A,N,A,H,A,-,,E,10,G,Y,,,,B,N,N,A,1,1,0,0,21950.0,2,37.76971915,-122.41776316,3
2016,2016-08-12,901,8,2,9,5,Y,A,N,A,H,A,-,- ,,18,G,Y,Y,,,J,N,N,D,1,0,1,0,,2,37.78203994,-122.40115995,4
2016,2016-08-24,915,8,2,9,3,N,B,N,A,H,A,-,,W,08,D,,,,,C,N,N,A,1,0,0,0,22101.0,2,37.77596418,-122.44508421,3
2016,2016-08-02,2205,8,2,22,2,N,A,N,A,H,B,A,01,N,07,B,,,Y,,C,N,N,A,1,0,0,1,21658.0,2,37.75752173,-122.41895977,3
2016,2016-08-10,1800,8,2,18,3,Y,A,N,A,H,A,A,01,,09,D,,Y,,,G,N,N,A,1,0,1,0,21802.0,2,37.80616995,-122.43562992,4
2016,2016-08-12,1612,8,2,16,5,Y,A,N,A,H,A,A,01,,01,D,,,,,C,Y,F,A,1,0,0,0,23153.0,2,37.78471993,-122.46668996,4
2016,2016-08-25,1420,8,2,14,4,Y,A,N,A,H,A,A,01,,10,G,Y,,,,B,N,N,A,2,2,0,0,21950.0,3,37.78489999,-122.41277993,3
2016,2016-08-03,1521,8,2,15,3,N,A,N,A,H,A,A,07,E,07,E,,,Y,,I,N,N,D,1,0,0,1,21658.0,2,37.7497038,-122.39707844,3
2016,2016-08-01,1933,8,2,19,1,N,A,N,A,H,A,L,04,N,05,D,,Y,,,G,N,N,D,1,0,1,0,21460.0,2,37.76275293,-122.41946194,4
2016,2016-08-15,2104,8,2,21,1,N,A,N,A,H,C,A,01,,03,E,,,,,I,Y,N,D,1,0,0,0,22350.0,1,37.72426352,-122.45798707,4
2016,2016-08-25,1053,8,2,10,4,Y,A,N,A,H,A,A,01,,10,G,Y,,,,B,N,N,A,1,1,0,0,21950.0,2,37.79104989,-122.39913993,4
2016,2016-08-04,2200,8,2,22,4,Y,A,N,B,D,C,A,01,,10,G,Y,,,,B,N,N,A,1,1,0,0,21950.0,2,37.7792099,-122.41089991,4
2016,2016-08-06,1820,8,2,18,6,Y,B,N,A,H,A,A,01,,09,D,,,,,C,Y,N,A,2,0,0,0,21801.0,2,37.73740995,-122.46833,4
2016,2016-08-15,1600,8,2,16,1,Y,A,N,A,-,A,A,01,,09,B,,Y,,,G,N,N,D,1,0,1,0,21801.0,2,37.76498999,-122.42056986,4
2016,2016-08-27,1225,8,2,12,6,Y,A,N,A,H,A,A,01,,10,G,Y,,,,B,N,N,D,1,1,0,0,21950.0,2,37.74289998,-122.42656993,3
2016,2016-08-01,1625,8,2,16,1,N,A,N,A,H,A,A,01,S,03,C,,,,,C,N,F,A,2,0,0,0,22350.0,3,37.72897655,-122.39258218,4
2016,2016-08-07,1800,8,2,18,7,N,A,N,A,H,A,N,60,S,11,G,Y,,,,B,N,N,D,1,1,0,0,21954.0,2,37.7230132,-122.45514,3
2016,2016-08-12,1632,8,2,16,5,N,A,N,A,H,A,A,01,S,04,C,,,,,C,N,N,A,1,0,0,0,21703.0,2,37.76375681,-122.4641312,4
2016,2016-08-18,1656,8,2,16,4,N,A,N,-,H,A,N,60,N,11,G,Y,,,,B,N,N,A,1,1,0,0,21954.0,2,37.7772134,-122.42136271,2
2016,2016-08-09,1900,8,2,19,2,Y,A,N,A,H,A,A,07,,17,D,,,Y,,C,N,F,A,1,0,0,1,21451.0,2,37.77426993,-122.43593987,4
2016,2016-08-03,824,8,2,8,3,Y,B,N,A,H,A,L,04,,12,D,,Y,,,G,N,N,A,1,0,1,0,22450.0,2,37.75319994,-122.50002994,3
2016,2016-08-14,921,8,2,9,7,N,B,N,A,H,A,C,02,W,10,G,Y,,Y,,B,N,N,A,2,1,0,1,21950.0,3,37.77251899,-122.48532918,2
2016,2016-08-23,1620,8,2,16,2,N,A,N,A,H,A,A,01,N,21,C,,,,,C,N,N,A,1,0,0,0,22106.0,2,37.72685174,-122.45647967,4
2016,2016-08-30,920,8,2,9,2,N,A,N,A,H,A,A,01,N,04,C,,,Y,,C,N,M,D,1,0,0,1,21703.0,2,37.79032896,-122.4022429,4
2016,2016-08-06,1817,8,2,18,6,N,A,N,A,H,A,A,01,S,03,C,,,,,C,N,N,A,1,0,0,0,22350.0,2,37.76220784,-122.42161334,4
2016,2016-08-16,2125,8,2,21,2,Y,A,N,A,H,C,A,01,,03,G,Y,,,,B,N,F,A,1,1,0,0,22350.0,2,37.78054994,-122.40812986,4
2016,2016-08-24,1250,8,2,12,3,Y,A,N,A,H,A,A,01,,08,D,,,,,C,N,N,D,1,0,0,0,22107.0,2,37.71766,-122.44012992,4
2016,2016-08-09,2323,8,2,23,2,Y,A,N,A,H,C,A,01,,09,D,,,,,C,Y,M,A,1,0,0,0,21453.0,2,37.79078992,-122.41903992,4
2016,2016-08-04,2210,8,2,22,4,Y,C,N,B,H,C,N,60,,11,G,Y,,,,B,N,N,A,1,1,0,0,21954.0,2,37.76595992,-122.40462994,4
2016,2016-08-05,1545,8,2,15,5,Y,A,N,A,H,A,A,01,,07,B,,,,,C,N,N,A,3,0,0,0,21658.0,2,37.7807799,-122.39962994,4
2016,2016-08-27,1320,8,2,13,6,N,A,N,A,H,A,A,01,N,17,D,,Y,,,G,N,N,A,1,0,1,0,22517.0,2,37.76425546,-122.42405409,4
2016,2016-08-06,2043,8,2,20,6,Y,A,N,A,H,C,A,01,,08,B,,,Y,,C,N,F,A,1,0,0,1,22100.0,2,37.79467992,-122.40311989,4
2016,2016-08-06,2310,8,2,23,6,Y,B,N,A,H,C,A,01,,09,D,,,,,C,Y,N,A,1,0,0,0,21802.0,2,37.78430996,-122.47536995,4
2016,2016-08-17,727,8,2,7,3,N,B,N,A,H,A,A,01,E,08,B,,Y,,,G,N,N,A,1,0,1,0,22107.0,2,37.80664624,-122.41317286,4
2016,2016-08-26,1950,8,2,19,5,Y,A,N,A,H,B,A,01,,10,G,Y,,,,B,N,N,A,1,1,0,0,21950.0,2,37.78991994,-122.39427986,4
2016,2016-08-07,2235,8,2,22,7,N,B,N,A,H,C,A,01,W,03,C,,,,,C,Y,F,D,1,0,0,0,22350.0,3,37.76576868,-122.46996727,4
2016,2016-08-03,1646,8,2,16,3,N,A,N,A,H,A,A,08,W,00,G,Y,,,,B,N,N,D,2,2,0,0,22655.0,3,37.78892135,-122.41095582,3
2016,2016-08-15,1330,8,2,13,1,Y,A,N,A,H,A,L,04,,00,B,,Y,,,G,N,N,A,1,0,1,0,21456.0,2,37.76597991,-122.4310099,4
2016,2016-08-14,1100,8,2,11,7,N,B,N,A,H,A,A,01,S,04,C,,,,,C,N,N,A,1,0,0,0,21703.0,2,37.76001942,-122.46390147,4
2016,2016-08-08,845,8,2,8,1,Y,A,N,A,H,A,A,01,,12,G,Y,,,,B,N,F,A,1,1,0,0,21453.0,2,37.76801994,-122.42440985,3
2016,2016-08-06,1436,8,2,14,6,N,A,N,A,H,A,A,01,N,21,B,,,Y,,D,N,N,A,1,0,0,1,22106.0,2,37.78066126,-122.43892729,3
2016,2016-08-11,1111,8,2,11,4,N,A,N,A,H,A,A,01,,21,D,,,,,C,N,N,D,1,0,0,0,22106.0,3,37.7201448,-122.39317328,4
2016,2016-08-14,1030,8,2,10,7,N,A,N,A,-,A,-,,E,10,G,Y,,,,B,N,F,-,1,1,0,0,21950.0,2,37.77474989,-122.45465991,3
2016,2016-08-08,905,8,2,9,1,Y,A,N,A,H,A,A,07,,12,G,Y,,,,B,N,F,A,1,1,0,0,21453.0,2,37.79515995,-122.40644999,3
2016,2016-08-02,1615,8,2,16,2,N,A,N,A,-,A,A,07,E,08,D,,,,,C,Y,N,D,1,0,0,0,22103.0,2,37.785869,-122.42758501,4
2016,2016-08-15,1757,8,2,17,1,Y,A,N,A,-,A,-,- ,,00,B,,Y,,,G,N,M,D,1,0,1,0,,2,37.74877992,-122.40676995,4
2016,2016-08-13,2039,8,2,20,6,Y,A,N,A,H,C,A,01,,09,D,,,,,C,Y,N,A,3,0,0,0,21801.0,2,37.76143993,-122.42615994,4
2016,2016-08-23,1745,8,2,17,2,Y,B,N,A,H,A,C,02,,09,D,,Y,Y,,G,N,N,D,2,0,1,1,21801.0,2,37.76817996,-122.41071992,3
2016,2016-08-06,1956,8,2,19,6,Y,A,N,A,-,C,-,- ,,00,C,,,,,C,Y,N,A,1,0,0,0,,3,37.77118,-122.47944991,4
2016,2016-08-16,1834,8,2,18,2,N,A,N,A,H,A,-,- ,N,00,G,Y,,,,B,N,N,A,1,1,0,0,,2,37.75075191,-122.41719208,4
2016,2016-08-15,1850,8,2,18,1,Y,A,N,A,H,A,A,01,,07,B,,,Y,,C,N,N,A,1,0,0,1,21658.0,2,37.78734989,-122.42339987,4
2016,2016-08-23,1825,8,2,18,2,N,A,N,A,H,A,L,04,N,03,C,,Y,,,C,N,N,D,1,0,1,0,22350.0,2,37.76184686,-122.42157466,3
2016,2016-08-05,845,8,2,8,5,Y,A,N,A,H,A,-,,,12,H,,,,,C,Y,N,-,2,0,0,0,21453.0,2,37.7849399,-122.43471994,4
2016,2016-08-17,915,8,2,9,3,N,A,N,A,H,A,A,01,E,08,D,,Y,,,G,N,F,A,1,0,1,0,22101.0,2,37.77180294,-122.42356018,4
2016,2016-08-13,1836,8,2,18,6,Y,A,N,A,H,A,A,01,,09,A,,,Y,,C,Y,N,A,1,0,0,1,21801.0,2,37.76639994,-122.42423995,2
2016,2016-08-30,1438,8,2,14,2,Y,A,N,A,H,A,N,60,,11,G,Y,,,,B,N,N,D,1,1,0,0,21954.0,2,37.77376989,-122.41160992,3
2016,2016-08-02,1054,8,2,10,2,Y,A,N,A,H,A,A,01,,09,D,,,,,C,Y,N,A,1,0,0,0,21802.0,3,37.77873998,-122.4716399,4
2016,2016-08-16,1947,8,2,19,2,N,A,N,A,H,B,A,01,S,09,D,,Y,,,G,N,N,D,1,0,1,0,21801.0,2,37.77254016,-122.43221833,4
2016,2016-08-14,135,8,2,1,7,Y,A,N,A,H,C,A,01,,08,D,,,,,C,Y,N,A,4,0,0,0,22107.0,2,37.76952,-122.41558999,3
2016,2016-08-23,942,8,2,9,2,Y,A,N,A,H,A,A,01,,08,A,,,,,C,Y,N,A,1,0,0,0,22107.0,2,37.75556994,-122.41658996,4
2016,2016-08-02,1224,8,2,12,2,Y,A,N,A,H,A,A,01,,10,G,Y,,,,B,N,N,A,1,1,0,0,21950.0,2,37.72172994,-122.39604989,4
2016,2016-08-16,1345,8,2,13,2,N,A,N,A,H,A,A,07,N,05,D,,,,,C,N,N,A,1,0,0,0,21460.0,2,14.33896118,121.05566204,4
2016,2016-08-24,1147,8,2,11,3,N,A,N,A,H,A,A,07,,17,H,,Y,,,G,N,N,D,1,0,1,0,22517.0,2,37.77878996,-122.41037994,4
2016,2016-08-03,535,8,2,5,3,Y,A,N,A,H,C,A,01,,08,D,,,,,C,Y,N,A,2,0,0,0,22101.0,2,37.74900994,-122.38759991,4
2016,2016-08-22,2335,8,2,23,1,N,A,N,A,H,C,A,01,S,03,C,,,,,C,Y,F,D,3,0,0,0,22350.0,2,37.73647437,-122.42429324,3
2016,2016-08-15,923,8,2,9,1,Y,A,N,A,H,A,-,,,07,D,,Y,,,G,N,N,A,1,0,1,0,21658.0,2,37.771605,-122.423814,3
2016,2016-08-30,1340,8,2,13,2,N,A,N,A,H,A,N,60,E,11,G,Y,,,,B,N,N,D,1,1,0,0,21954.0,2,37.77958086,-122.43176895,4
2016,2016-08-27,1947,8,2,19,6,N,A,N,A,H,C,C,02,E,01,E,,,Y,,I,Y,N,D,1,0,0,1,23152.0,1,37.80845865,-122.41372598,4
2016,2016-08-16,1728,8,2,17,2,Y,A,N,A,H,A,A,01,,00,C,,Y,,,G,N,F,A,1,0,1,0,20001.0,2,37.7700435,-122.40389475,3
2016,2016-08-29,1040,8,2,10,1,N,A,N,A,H,A,-,,W,10,G,Y,,,,B,N,N,D,1,1,0,0,21952.0,2,37.77689158,-122.39526302,4
2016,2016-08-31,2335,8,2,23,3,Y,A,N,A,H,C,A,01,,12,D,,,,,C,Y,N,A,1,0,0,0,21453.0,2,37.77375997,-122.40852994,4
2016,2016-08-29,420,8,2,4,1,N,A,N,A,H,C,-,- ,S,18,E,,Y,,,I,N,N,D,1,0,1,0,,1,37.76724042,-122.40280473,3
2016,2016-08-31,1554,8,2,15,3,N,A,N,A,H,A,A,01,W,01,C,,,,,E,Y,N,D,1,0,0,0,23152.0,3,37.80118138,-122.43336035,4
2016,2016-08-23,1129,8,2,11,2,N,A,N,A,H,A,A,01,N,08,D,,,Y,,C,N,N,D,1,0,0,1,22107.0,2,37.7551707,-122.39875232,3
2016,2016-08-23,1453,8,2,14,2,Y,A,N,A,H,A,-,,,10,G,Y,,,,B,Y,N,A,1,1,0,0,21950.0,2,37.77872989,-122.43853989,4
2016,2016-08-23,1934,8,2,19,2,N,A,N,A,H,A,A,01,W,08,D,,Y,,,G,N,N,D,1,0,1,0,22107.0,2,37.8072947,-122.40788251,2
2016,2016-08-18,1412,8,2,14,4,Y,A,N,A,H,A,L,04,,03,B,,Y,,,G,N,N,D,1,0,1,0,22350.0,2,37.79705995,-122.40538999,3
2016,2016-08-23,550,8,2,5,2,Y,A,N,A,H,C,A,07,,09,D,,,,,C,N,N,A,1,0,0,0,21801.0,2,37.73471991,-122.4751299,4
2016,2016-08-31,1130,8,2,11,3,Y,A,N,A,H,A,A,07,,12,D,,,,,C,N,F,D,1,0,0,0,22450.0,2,37.78174999,-122.39640991,4
2016,2016-08-26,1425,8,2,14,5,N,A,N,A,H,A,A,01,,17,C,,,,,C,N,N,A,1,0,0,0,21702.0,2,,,4
2016,2016-08-29,1210,8,2,12,1,N,A,N,A,H,A,A,01,,03,E,,,,,I,Y,N,A,3,0,0,0,22350.0,3,37.78220533,-122.44124293,3
2016,2016-08-30,1915,8,2,19,2,Y,A,N,A,H,A,-,,,04,C,,Y,,,G,N,F,-,1,0,1,0,21703.0,2,37.76442992,-122.40841987,3
2016,2016-08-28,2047,8,2,20,7,Y,A,N,A,H,C,A,01,,03,D,,,,,C,Y,N,A,2,0,0,0,22350.0,2,37.71006999,-122.42452996,3
2016,2016-08-27,2230,8,2,22,6,N,A,N,A,H,C,A,07,E,17,B,,,,,I,Y,N,D,1,0,0,0,21663.0,1,37.7366691,-122.4312169,3
2016,2016-08-17,1611,8,2,16,3,N,A,N,A,H,A,A,01,,03,C,,,,,C,N,N,D,1,0,0,0,22350.0,2,37.61557633,-122.39367753,4
2016,2016-07-16,2127,7,2,21,6,N,A,N,A,H,D,A,01,N,05,B,,,,,F,N,N,A,1,0,0,0,21651.0,2,37.80030292,-122.41928153,2
2016,2016-07-28,1619,7,2,16,4,Y,A,N,A,H,A,A,01,,09,D,,,Y,,C,Y,N,A,1,0,0,1,21801.0,2,37.76595992,-122.40462994,2
2016,2016-07-31,1446,7,2,14,7,N,A,N,A,H,A,A,01,W,03,B,,,Y,,E,Y,N,D,2,0,0,0,22350.0,7,37.8018368,-122.41328157,3
2016,2016-08-09,1650,8,2,16,2,Y,A,N,A,H,A,A,07,,10,G,Y,,,,B,N,N,D,1,1,0,0,21952.0,2,37.80857996,-122.41249999,4
2016,2016-08-02,2105,8,2,21,2,Y,A,N,A,H,C,A,01,,08,-,,,,,E,Y,M,D,1,0,0,0,22107.0,2,37.73021995,-122.37429987,2
2016,2016-08-10,1520,8,2,15,3,N,A,N,A,H,A,A,01,S,03,C,,,,,E,,N,A,1,0,0,0,22350.0,3,37.7599034,-122.42362116,4
2016,2016-08-21,2228,8,2,22,7,N,A,N,A,H,C,A,01,W,00,C,,,,,E,Y,N,D,1,0,0,0,23123.0,5,37.72826,-122.4472547,4
2016,2016-08-14,1800,8,2,18,7,Y,A,Y,A,H,B,A,01,,07,C,,,,,C,Y,N,A,1,0,0,0,21658.0,2,37.76853514,-122.40676802,4
2016,2016-08-10,2013,8,2,20,3,Y,A,N,A,H,B,A,01,,09,D,,Y,,,G,N,N,A,1,0,1,0,21801.0,2,37.76170995,-122.42155988,4
2016,2016-08-23,940,8,2,9,2,N,A,N,A,H,A,C,03,N,07,C,,,Y,,C,N,M,A,1,0,0,1,21658.0,2,37.77006911,-122.42461393,3
2016,2016-08-15,1255,8,2,12,1,N,A,Y,A,H,A,A,01,N,04,C,,,,,C,Y,N,A,1,0,0,0,21703.0,3,37.77890038,-122.47213888,4
2016,2016-08-03,1812,8,2,18,3,Y,A,N,A,H,A,C,02,,06,B,,,Y,,C,N,N,A,1,0,0,1,21750.0,3,37.80502996,-122.41855988,4
2016,2016-04-30,2305,4,1,23,6,Y,-,N,-,-,-,-,- ,,- ,C,,,,,C,Y,N,-,1,0,0,0,,2,37.78744994,-122.4004999,4
2016,2016-09-24,2245,9,3,22,6,Y,A,N,A,H,C,A,01,,12,-,,,,,C,Y,N,A,1,0,0,0,21453.0,2,37.79288992,-122.40276998,3