ACCIDENT_YEAR,COLLISION_DATE,COLLISION_TIME,MONTH,SEASON,24HOURS,DAY_OF_WEEK,INTERSECTION,WEATHER_1,STATE_HWY_IND,ROAD_SURFACE,ROAD_COND_1,LIGHTING,STWD_VEHTYPE_AT_FAULT,CHP_VEHTYPE_AT_FAULT,DIRECTION,PCF_VIOL_CATEGORY,TYPE_OF_COLLISION,PEDESTRIAN_ACCIDENT,BICYCLE_ACCIDENT,MOTORCYCLE_ACCIDENT,TRUCK_ACCIDENT,MVIW,TOW_AWAY,HIT_AND_RUN,CONTROL_DEVICE,NUMBER_INJURED,COUNT_PED_INJURED,COUNT_BICYCLIST_INJURED,COUNT_MC_INJURED,PCF_VIOLATION,PARTY_COUNT,POINT_Y,POINT_X,COLLISION_SEVERITY
2016,2016-10-01,1748,10,3,17,6,Y,A,N,A,H,A,-,,,12,D,,,,,C,N,N,A,1,0,0,0,21453.0,2,37.78436995,-122.47425989,4
2016,2016-10-29,2035,10,3,20,6,N,B,N,A,H,C,-,,S,09,D,,,,,C,Y,N,D,2,0,0,0,21801.0,2,37.77791415,-122.40486665,4
2016,2016-10-12,618,10,3,6,3,Y,C,N,B,H,C,A,01,,09,D,,Y,,,G,N,N,A,1,0,1,0,21800.0,2,37.77476991,-122.47682988,4
2016,2016-10-03,928,10,3,9,1,Y,B,N,B,H,A,-,,,12,D,,,,,C,N,N,A,2,0,0,0,21453.0,2,37.70879991,-122.45275997,4
2016,2016-10-01,2145,10,3,21,6,Y,A,N,A,H,B,A,07,,03,C,,,,,C,N,F,A,1,0,0,0,22350.0,3,37.74801998,-122.42247997,4
2016,2016-10-29,1430,10,3,14,6,Y,A,N,A,H,A,A,01,,09,D,,,,,C,N,N,A,1,0,0,0,21802.0,2,37.78258997,-122.47191986,4
2016,2016-10-09,1712,10,3,17,7,Y,A,N,A,H,A,A,01,,12,D,,,,,C,N,N,A,3,0,0,0,21453.0,2,37.78880998,-122.41187989,4
2016,2016-10-02,1710,10,3,17,7,Y,A,N,A,H,A,A,01,,08,G,Y,,,,B,N,N,A,1,1,0,0,22107.0,2,37.77603999,-122.42953999,2
2016,2016-10-01,821,10,3,8,6,Y,A,N,A,H,A,A,08,,10,G,Y,,,,B,N,N,A,1,1,0,0,21950.0,2,37.80097994,-122.41264999,4
2016,2016-10-29,1636,10,3,16,6,N,A,N,A,H,A,A,01,N,03,C,,,,,C,Y,N,A,3,0,0,0,22350.0,2,37.78087086,-122.47235054,4
2016,2016-10-13,1013,10,3,10,4,Y,A,N,A,H,A,A,01,,10,G,Y,,,,B,N,N,A,1,1,0,0,21950.0,2,37.76267999,-122.49747987,4
2016,2016-10-08,1945,10,3,19,6,Y,A,N,A,H,C,A,01,,08,D,,,,,C,Y,N,A,2,0,0,0,22100.0,2,37.75963989,-122.44474988,4
2016,2016-10-01,1650,10,3,16,6,Y,A,N,A,H,A,-,- ,,00,H,,Y,,,-,N,N,D,1,0,1,0,,1,37.78298993,-122.46335999,4
2016,2016-10-27,1911,10,3,19,4,Y,C,N,B,H,C,A,01,,10,G,Y,,,,B,N,N,D,1,1,0,0,21950.0,2,37.77573993,-122.45298992,4
2016,2016-10-12,757,10,3,7,3,Y,B,N,B,H,A,-,- ,,12,D,,,,,C,Y,N,A,1,0,0,0,21453.0,2,37.78995998,-122.41042993,4
2016,2016-10-06,520,10,3,5,4,N,A,N,A,H,C,N,60,N,11,A,Y,,,,B,N,M,D,1,1,0,0,21954.0,2,37.71676582,-122.44074798,4
2016,2016-10-31,900,10,3,9,1,N,A,N,A,H,C,-,- ,W,00,G,Y,,,,B,N,N,D,1,1,0,0,,2,37.75385919,-122.48506727,3
2016,2016-10-21,1934,10,3,19,5,Y,A,N,A,H,C,A,07,,09,D,,,,,C,Y,N,A,1,0,0,0,21801.0,2,37.78318993,-122.45901987,4
2016,2016-10-12,2311,10,3,23,3,Y,A,N,A,H,C,-,,,03,B,,,,,C,Y,N,D,1,0,0,0,22350.0,2,37.77883995,-122.44534998,4
2016,2016-10-06,515,10,3,5,4,Y,A,N,A,H,C,A,01,,10,G,Y,,,,B,N,N,A,1,1,0,0,21950.0,2,37.71567993,-122.43942991,4
2016,2016-10-29,2124,10,3,21,6,N,C,N,B,H,C,A,01,S,08,F,,Y,,,G,Y,F,D,2,0,2,0,22107.0,5,37.76330388,-122.41511114,3
2016,2016-10-26,1747,10,3,17,3,Y,A,N,A,H,A,L,04,,07,B,,Y,,,C,N,N,A,1,0,1,0,21658.0,2,37.80738999,-122.40731993,4
2016,2016-10-12,1633,10,3,16,3,Y,A,N,A,H,A,A,01,,08,G,Y,,,,B,N,N,A,1,1,0,0,22107.0,2,37.73243998,-122.39160997,3
2016,2016-10-04,1940,10,3,19,2,N,A,N,A,H,C,N,60,S,11,G,Y,,,,B,N,N,A,1,1,0,0,21954.0,2,37.73283327,-122.4045833,2
2016,2016-10-25,1005,10,3,10,2,N,B,N,B,H,A,-,- ,N,08,B,,,,,C,N,N,D,1,0,0,0,22107.0,2,37.71782835,-122.47265292,4
2016,2016-10-24,2046,10,3,20,1,N,A,N,B,H,C,C,03,W,03,H,,,Y,,A,N,N,D,1,0,0,1,22350.0,1,37.78861905,-122.40219127,4
2016,2016-10-11,2028,10,3,20,2,Y,A,N,A,H,C,A,01,,10,G,Y,,,,B,N,N,A,1,1,0,0,21950.0,2,37.79801997,-122.40548993,4
2016,2016-10-04,1920,10,3,19,2,Y,-,N,A,H,C,-,- ,,00,D,,Y,,,G,N,N,A,1,0,1,0,,2,37.80299991,-122.42655989,4
2016,2016-10-26,1745,10,3,17,3,Y,A,N,A,H,A,A,07,,09,D,,,,,C,Y,N,A,1,0,0,0,21802.0,2,37.71660995,-122.45610985,4
2016,2016-10-26,1340,10,3,13,3,N,A,N,A,H,A,L,04,S,22,H,,Y,,,J,N,N,A,1,0,1,0,,1,37.73468348,-122.47159122,3
2016,2016-10-26,1659,10,3,16,3,Y,A,N,A,H,A,A,01,,07,D,,Y,,,G,N,N,D,1,0,1,0,21658.0,2,37.75530992,-122.42096986,4
2016,2016-10-16,552,10,3,5,7,Y,B,N,B,H,C,C,02,,10,D,Y,,Y,,B,N,N,D,1,1,0,0,21950.0,2,37.78139999,-122.40920997,3
2016,2016-10-16,1454,10,3,14,7,N,C,N,B,H,A,A,01,E,06,G,Y,,,,B,N,N,A,1,1,0,0,21756.0,2,37.74205768,-122.49798266,4
2016,2016-10-26,2144,10,3,21,3,Y,A,N,A,H,C,N,60,,11,G,Y,,,,B,N,N,A,1,1,0,0,21453.0,2,37.76423996,-122.43313992,2
2016,2016-10-10,626,10,3,6,1,Y,F,N,A,H,C,-,,,10,G,Y,,,,B,N,N,A,1,1,0,0,21950.0,2,37.71388993,-122.40676988,4
2016,2016-10-05,1800,10,3,18,3,Y,A,N,A,H,A,A,01,,11,D,,,Y,,C,N,N,-,1,0,0,1,21453.0,2,37.77603999,-122.42953999,4
2016,2016-10-15,1408,10,3,14,6,N,B,N,A,H,A,-,,E,03,C,,,,,C,N,F,D,1,0,0,0,22350.0,3,37.71455863,-122.48293586,4
2016,2016-10-10,2152,10,3,21,1,N,A,N,A,H,C,-,- ,E,01,B,,,,,E,Y,N,D,1,0,0,0,23152.0,3,37.75807366,-122.42783616,4
2016,2016-10-17,30,10,3,0,1,Y,A,N,A,H,C,A,01,,12,D,,,,,C,Y,N,A,1,0,0,0,21453.0,2,37.78768996,-122.41333989,4
2016,2016-10-14,2105,10,3,21,5,Y,A,N,A,H,C,A,01,,10,G,Y,,,,B,N,N,A,2,2,0,0,21950.0,3,37.78026991,-122.41859999,3
2016,2016-10-13,1905,10,3,19,4,N,A,N,A,H,C,A,01,S,04,C,,,,,C,Y,N,A,1,0,0,0,21703.0,3,37.76508628,-122.41310686,4
2016,2016-10-23,1526,10,3,15,7,N,A,N,A,H,A,A,01,W,08,C,,,,,E,N,N,D,1,0,0,0,22107.0,2,37.73220227,-122.48729455,4
2016,2016-10-19,1606,10,3,16,3,Y,A,N,A,H,A,A,01,,12,D,,,,,C,Y,N,A,1,0,0,0,22450.0,2,37.76726989,-122.40472998,4
2016,2016-10-09,1103,10,3,11,7,Y,A,N,A,H,A,A,01,,12,D,,,,,C,N,N,A,2,0,0,0,21453.0,2,37.79572993,-122.42349988,4
2016,2016-10-15,9,10,3,0,6,N,A,N,B,H,C,A,01,W,01,A,,,,,I,N,N,A,1,0,0,0,23152.0,1,37.7819644,-122.48606094,3
2016,2016-10-25,726,10,3,7,2,N,C,N,B,G,A,-,- ,S,00,F,,,Y,,A,N,N,D,1,0,0,1,,1,37.73024882,-122.47481412,4
2016,2016-10-18,2229,10,3,22,2,N,A,Y,A,H,C,A,01,E,08,B,,Y,,,G,N,F,D,1,0,1,0,22107.0,2,37.77651704,-122.4044599,4
2016,2016-10-12,348,10,3,3,3,N,B,N,B,H,C,L,04,E,03,F,,Y,,,A,N,N,D,1,0,1,0,22350.0,1,37.77150767,-122.43517127,3
2016,2016-10-08,921,10,3,9,6,Y,A,N,A,H,A,A,01,,12,D,,,,,C,N,F,A,1,0,0,0,22450.0,2,37.71853996,-122.43076994,4
2016,2016-10-25,1833,10,3,18,2,Y,A,N,A,H,B,A,01,,01,G,Y,,,,B,Y,N,A,1,1,0,0,23153.0,2,37.73911994,-122.47973991,2
2016,2016-10-10,2309,10,3,23,1,Y,A,Y,A,H,C,C,02,,03,D,,,Y,,C,N,N,A,1,0,0,1,22350.0,2,37.78196262,-122.42055652,3
2016,2016-10-10,930,10,3,9,1,Y,F,N,-,G,A,-,,,08,B,,Y,,,G,N,N,A,1,0,1,0,22107.0,2,37.77905992,-122.40186989,4
2016,2016-10-14,1048,10,3,10,5,N,C,N,B,H,A,L,04,N,- ,G,Y,Y,,,B,N,M,D,1,1,0,0,,2,37.74109622,-122.42278641,3
2016,2016-10-18,922,10,3,9,2,Y,A,N,A,H,A,L,04,,03,F,,Y,,,G,N,N,A,1,0,1,0,22350.0,1,37.77286996,-122.42220993,4
2016,2016-10-19,1823,10,3,18,3,N,A,N,A,H,B,A,01,S,21,G,Y,,,,B,N,N,D,1,1,0,0,22106.0,2,37.78459162,-122.3999698,2
2016,2016-10-15,1845,10,3,18,6,Y,C,Y,B,H,C,-,- ,,00,D,,,,,C,Y,N,A,1,0,0,0,,2,37.80043502,-122.42426985,4
2016,2016-10-15,1900,10,3,19,6,Y,B,N,B,H,C,A,01,,09,D,,,,,C,Y,N,A,2,0,0,0,21800.0,2,37.72046989,-122.43037986,4
2016,2016-10-26,2023,10,3,20,3,Y,A,N,A,H,C,A,07,,01,A,,,,,C,Y,M,A,3,0,0,0,23153.0,4,37.75298991,-122.4063199,3
2016,2016-10-19,959,10,3,9,3,Y,A,N,A,H,A,-,,,07,D,,,,,C,N,N,D,1,0,0,0,21658.0,2,37.80094121,-122.39904463,4
2016,2016-10-12,1700,10,3,17,3,Y,A,N,A,H,A,A,07,,09,D,,,,,C,Y,N,A,1,0,0,0,21801.0,3,37.74693998,-122.44483992,4
2016,2016-10-18,920,10,3,9,2,Y,A,N,A,H,A,A,01,,10,G,Y,,,,B,N,F,A,1,1,0,0,21950.0,2,37.7920999,-122.40091997,4
2016,2016-10-10,1003,10,3,10,1,Y,A,N,A,H,A,A,01,,10,G,Y,,,,B,N,N,A,1,1,0,0,21950.0,2,37.7935599,-122.43308995,4
2016,2016-10-13,2031,10,3,20,4,Y,A,N,A,H,C,A,01,,12,D,,,,,C,Y,N,A,2,0,0,0,22450.0,2,37.77740993,-122.42644998,4
2016,2016-10-13,836,10,3,8,4,N,A,N,A,H,A,C,03,S,06,B,,,Y,,C,Y,N,D,1,0,0,1,21750.0,2,37.78621996,-122.40965987,2
2016,2016-10-18,34,10,3,0,2,Y,A,Y,A,H,C,A,01,,12,D,,,,,D,Y,N,A,4,0,0,0,21453.0,4,37.75798969,-122.47666485,3
2016,2016-10-07,1743,10,3,17,5,Y,A,N,A,H,A,A,01,,08,D,,,Y,,C,Y,N,A,1,0,0,1,22101.0,2,37.77673999,-122.40335998,3
2016,2016-10-06,540,10,3,5,4,Y,A,N,A,H,C,A,01,,10,G,Y,,,,B,N,N,A,1,1,0,0,21950.0,2,37.77304998,-122.40320996,3
2016,2016-10-18,600,10,3,6,2,Y,A,Y,A,H,B,-,- ,,00,A,,,,,C,Y,N,A,1,0,0,0,,2,37.73464027,-122.47508378,4
2016,2016-10-07,1331,10,3,13,5,N,A,N,A,H,A,A,07,S,08,B,,Y,,,G,N,N,D,1,0,1,0,22107.0,2,37.76633059,-122.39494536,3
2016,2016-10-15,320,10,3,3,6,Y,B,N,A,H,C,A,01,,03,-,,,,,C,Y,N,A,2,0,0,0,22350.0,2,37.78097992,-122.40868999,4
2016,2016-10-15,1459,10,3,14,6,Y,C,N,B,-,A,N,60,,11,G,Y,,,,B,N,N,A,1,1,0,0,21955.0,2,37.78081994,-122.4221,3
2016,2016-10-01,2000,10,3,20,6,N,A,N,A,H,C,A,01,S,10,G,Y,,,,B,N,N,A,1,1,0,0,21950.0,2,37.7643963,-122.50084884,4
2016,2016-10-16,301,10,3,3,7,N,A,N,A,H,C,A,01,N,03,C,,,,,C,Y,N,A,3,0,0,0,22350.0,2,37.79387784,-122.39282012,3
2016,2016-10-18,1928,10,3,19,2,Y,A,N,A,H,C,L,04,,12,D,,Y,,,G,N,N,A,1,0,1,0,21453.0,2,37.77779999,-122.40028996,4
2016,2016-10-09,43,10,3,0,7,N,E,N,A,H,D,A,01,S,08,A,,,,,I,Y,F,D,1,0,0,0,22107.0,2,37.72797929,-122.47192941,3
2016,2016-10-15,1402,10,3,14,6,Y,B,N,A,H,A,A,01,,12,D,,,,,C,Y,N,A,2,0,0,0,21453.0,3,37.78743995,-122.43014999,4
2016,2016-10-18,550,10,3,5,2,N,A,Y,A,H,C,N,60,N,11,G,Y,,,,B,N,N,D,1,1,0,0,21950.0,2,37.77545375,-122.41924936,3
2016,2016-10-08,2121,10,3,21,6,N,A,N,A,H,C,A,07,E,03,F,,,,,I,Y,N,D,2,0,0,0,22350.0,1,37.74219487,-122.49486293,3
2016,2016-10-10,1805,10,3,18,1,Y,A,N,A,H,B,A,01,,10,G,Y,,,,B,N,N,A,1,1,0,0,21950.0,2,37.78713994,-122.42503999,4
2016,2016-10-17,1300,10,3,13,1,Y,A,N,A,H,A,A,01,,12,D,,,,,C,Y,N,A,2,0,0,0,21453.0,2,37.78703993,-122.40297997,4
2016,2016-10-10,845,10,3,8,1,N,A,N,A,H,A,A,01,W,03,C,,,,,C,Y,N,A,1,0,0,0,22350.0,3,37.71245046,-122.468041,4
2016,2016-10-12,1150,10,3,11,3,N,A,N,A,C,A,-,,N,11,D,,,,,J,N,N,D,1,0,0,0,21950.0,2,37.72170279,-122.42856406,3
2016,2016-10-08,2045,10,3,20,6,Y,A,N,A,H,C,A,01,,01,A,,,,,I,N,M,A,1,0,0,0,23152.0,1,37.8226599,-122.36312987,3
2016,2016-10-09,1740,10,3,17,7,Y,A,N,A,H,A,A,01,,09,D,,,,,C,N,N,A,2,0,0,0,21800.0,3,37.79263989,-122.41190998,4
2016,2016-10-08,1411,10,3,14,6,N,A,N,A,H,A,L,04,W,05,D,,Y,,,G,N,N,A,1,0,1,0,21650.0,2,37.78180114,-122.38848209,4
2016,2016-10-19,1210,10,3,12,3,N,A,N,A,H,A,A,01,E,17,B,,Y,,,G,N,F,D,1,0,1,0,22517.0,2,37.78929314,-122.40133479,3
2016,2016-10-01,1748,10,3,17,6,Y,A,N,A,H,A,A,01,,12,D,,,,,C,Y,N,D,3,0,0,0,22450.0,2,37.76431993,-122.41037988,3
2016,2016-10-06,1545,10,3,15,4,Y,A,N,A,H,A,A,07,,02,D,,,Y,,C,Y,N,A,1,0,0,1,22526.0,3,37.77656989,-122.39875995,3
2016,2016-10-18,1910,10,3,19,2,N,A,N,A,H,C,C,03,E,05,D,,,Y,,C,N,N,A,2,0,0,1,21460.0,2,37.79143184,-122.41400722,4
2016,2016-10-04,2330,10,3,23,2,Y,A,N,A,H,C,-,,,00,B,,Y,,,G,N,F,D,1,0,1,0,21760.0,3,37.7794763,-122.42488325,2
2016,2016-10-14,1440,10,3,14,5,N,C,N,B,H,A,A,01,E,03,C,,,,,C,Y,F,A,3,0,0,0,22350.0,3,37.71248133,-122.46673449,4
2016,2016-10-18,1409,10,3,14,2,Y,A,N,A,H,A,A,01,,06,C,,,,,C,Y,N,A,2,0,0,0,21751.0,2,37.7525099,-122.41408991,4
2016,2016-10-10,1623,10,3,16,1,Y,A,N,A,H,A,A,01,,10,G,Y,,,,B,N,N,A,1,1,0,0,21950.0,2,37.74905995,-122.41813993,4
2016,2016-10-15,2250,10,3,22,6,N,A,N,B,H,C,A,01,W,10,G,Y,,,,B,N,F,A,1,1,0,0,21950.0,2,37.72693021,-122.47505037,4
2016,2016-10-16,114,10,3,1,7,Y,A,N,A,H,C,-,,,09,A,,,,,C,Y,N,A,1,0,0,0,21801.0,2,37.71638998,-122.44099993,3
2016,2016-10-10,1610,10,3,16,1,N,A,N,A,H,A,L,04,W,09,D,,Y,,,G,N,N,A,1,0,1,0,21800.0,2,37.7636189,-122.41623072,4
2016,2016-10-06,814,10,3,8,4,N,A,N,A,H,A,N,60,W,11,G,Y,,,,B,N,N,A,1,1,0,0,21950.0,2,37.7820756,-122.41226417,4
2016,2016-10-10,1620,10,3,16,1,Y,A,N,A,H,A,A,01,,00,C,,,,,C,N,F,D,1,0,0,0,23104.0,2,37.77375997,-122.40852994,4
2016,2016-10-01,1404,10,3,14,6,Y,A,N,A,H,A,A,01,,03,F,,,,,C,N,F,A,1,0,0,0,22350.0,2,37.72748989,-122.39111,4
2016,2016-09-28,923,9,3,9,3,N,A,N,A,H,A,A,07,W,03,C,,,,,C,N,N,D,3,0,0,0,22350.0,2,37.78797756,-122.42595754,4
2016,2016-10-12,2021,10,3,20,3,Y,A,Y,A,H,C,A,01,,10,G,Y,,,,B,N,N,A,1,1,0,0,21950.0,2,37.79481579,-122.42334241,4
2016,2016-09-23,1527,9,3,15,5,Y,A,N,A,H,A,A,01,,09,-,,,Y,,C,Y,N,A,1,0,0,1,21801.0,2,37.7921699,-122.42276987,4
2016,2016-09-21,1130,9,3,11,3,Y,A,N,A,H,A,A,01,,08,D,,Y,,,G,N,N,A,1,0,1,0,22107.0,2,37.76814989,-122.42217989,4
2016,2016-09-26,1022,9,3,10,1,Y,A,N,A,D,A,A,01,,10,G,Y,,,,B,N,N,A,1,1,0,0,21950.0,2,37.77710997,-122.39498995,4
2016,2016-10-27,1950,10,3,19,4,Y,C,N,B,H,C,-,,,10,G,Y,,,,B,N,F,A,1,1,0,0,21950.0,2,37.7439299,-122.42275,4
2016,2016-09-24,1252,9,3,12,6,N,A,N,A,H,A,A,01,N,08,D,,,Y,,C,Y,N,D,1,0,0,1,22107.0,2,37.77533308,-122.4192902,3
2016,2016-09-09,1528,9,3,15,5,N,A,N,A,H,A,A,01,E,07,D,,,Y,,C,N,N,D,1,0,0,1,21658.0,2,37.79103129,-122.40192017,2
2016,2016-09-10,715,9,3,7,6,N,A,N,A,H,A,A,01,W,03,C,,,,,C,Y,N,D,1,0,0,0,22350.0,2,37.74420528,-122.39892948,4
2016,2016-09-28,1009,9,3,10,3,N,A,N,A,H,A,A,07,N,17,B,,Y,,,G,N,N,D,1,0,1,0,22517.0,2,37.77469738,-122.41756711,4
2016,2016-09-27,2021,9,3,20,2,N,A,N,A,H,C,N,60,N,11,G,Y,,,,B,N,F,D,1,1,0,0,21955.0,3,37.72166431,-122.437109,2
2016,2016-09-27,2207,9,3,22,2,Y,A,N,A,H,C,-,- ,,00,C,,,,,C,,N,A,2,0,0,0,,3,37.77312996,-122.47177991,4
2016,2016-10-26,1559,10,3,15,3,N,A,N,A,H,A,F,26,S,21,D,,,,Y,C,N,N,D,1,0,0,0,22106.0,2,37.82870644,-122.36928422,4
2016,2016-10-29,137,10,3,1,6,Y,F,N,B,H,C,I,11,,03,E,,,,,I,Y,N,A,1,0,0,0,22350.0,1,37.76544994,-122.41314996,2
2016,2016-10-26,1300,10,3,13,3,Y,A,N,A,H,A,-,- ,,00,G,Y,,,,B,N,N,A,1,1,0,0,,2,37.75936998,-122.40694992,4
2016,2016-10-20,2105,10,3,21,4,N,A,N,A,H,C,A,01,W,03,-,,,,,E,Y,N,A,2,0,0,0,22350.0,2,37.74652,-122.4434,4
2016,2016-10-15,2235,10,3,22,6,N,A,N,A,H,C,-,- ,N,18,A,,,,,E,Y,N,D,1,0,0,0,,5,37.70949901,-122.41289467,3
2016,2016-09-30,655,9,3,6,5,Y,A,N,A,H,A,I,11,,08,B,,,Y,,C,N,N,D,1,0,0,1,22107.0,2,37.74163995,-122.41630991,2
2016,2016-10-07,925,10,3,9,5,Y,A,N,A,H,A,D,22,,12,D,,,,,C,Y,N,A,1,0,0,0,21453.0,2,37.76303989,-122.38885,4
2016,2016-10-12,1030,10,3,10,3,N,B,N,A,H,A,D,22,W,03,C,,,,,C,Y,N,D,2,0,0,0,22350.0,6,37.772643,-122.44122167,4
2016,2016-10-05,1124,10,3,11,3,Y,A,N,A,H,A,I,11,,08,H,,Y,,,A,N,M,A,1,0,1,0,22107.0,2,37.77313738,-122.43745029,4
2016,2016-10-14,1151,10,3,11,5,N,C,N,B,H,A,A,01,W,03,C,,,,,C,N,F,D,2,0,0,0,22350.0,2,37.75253836,-122.39269454,3
2016,2016-10-05,819,10,3,8,3,Y,A,N,A,H,A,A,01,,09,D,,,,Y,J,Y,N,D,1,0,0,0,21801.0,2,37.77588996,-122.41513994,4
2016,2016-09-29,2244,9,3,22,4,N,A,N,A,H,C,D,22,,03,B,,,,,C,Y,N,A,1,0,0,0,22350.0,4,37.77776336,-122.39250362,4
2016,2016-12-03,1727,12,4,17,6,N,A,N,A,H,C,D,22,E,10,G,Y,,,,B,N,F,D,1,1,0,0,21950.0,3,37.731375,-122.45572548,1
2016,2016-06-22,1801,6,2,18,3,N,A,N,A,H,A,A,01,E,05,A,,Y,,,G,Y,F,D,0,0,0,0,21651.0,2,37.77079074,-122.48831897,1
2018,2018-02-24,624,2,4,6,6,N,A,Y,A,H,C,A,07,N,10,G,Y,,,,B,Y,N,D,0,0,0,0,21950.0,3,37.70900344848633,-122.458251953125,1
2018,2018-03-15,500,3,1,5,4,N,C,N,B,C,C,N,60,W,11,G,Y,,,,B,Y,N,A,0,0,0,0,21956.0,2,37.797645568847656,-122.4087142944336,1
2018,2018-04-17,900,4,1,9,2,Y,A,N,A,H,A,D,22,,10,G,Y,,,,B,Y,N,A,0,0,0,0,21950.0,2,37.72602081298828,-122.46424865722656,1
2019,2019-08-21,2132,8,2,21,3,Y,A,Y,A,H,C,A,01,,12,B,,,,,C,N,N,A,1,0,0,0,21453.0,2,37.79854965209961,-122.4240951538086,4
2019,2019-08-16,2211,8,2,22,5,N,A,Y,A,H,C,N,60,N,11,G,Y,,,,B,N,F,A,1,1,0,0,21453.0,2,37.77731704711913,-122.4196319580078,2
2016,2016-08-06,1337,8,2,13,6,Y,A,N,A,H,A,C,02,,04,C,,,Y,,C,N,N,A,1,0,0,1,21703.0,2,37.76300994,-122.4262999,3
2016,2016-10-11,2132,10,3,21,2,N,A,N,A,H,C,A,01,E,01,C,,,,,E,Y,N,D,2,0,0,0,23153.0,2,,,3
2016,2016-10-07,2144,10,3,21,5,N,A,N,A,G,C,-,- ,,18,H,,,,,J,N,N,B,1,0,0,0,,1,,,3
2016,2016-10-11,1323,10,3,13,2,N,A,N,A,H,A,A,01,W,05,A,,,,,C,Y,N,D,1,0,0,0,21651.0,2,,,3
2016,2016-10-15,1405,10,3,14,6,N,A,N,A,H,A,A,01,S,04,C,,,,,C,N,N,A,1,0,0,0,21703.0,2,,,4
2016,2016-07-19,840,7,2,8,2,N,A,N,A,-,A,-,,W,03,D,,,,,E,N,N,D,1,0,0,0,22350.0,2,37.78169751,-122.42252386,4
2016,2016-07-25,655,7,2,6,1,N,A,N,A,H,B,A,07,S,21,D,,Y,,,G,N,N,D,1,0,1,0,22106.0,2,37.76468653,-122.4015566,3
2016,2016-10-20,1547,10,3,15,4,N,A,N,A,H,A,A,01,S,07,D,,,Y,,C,Y,N,D,1,0,0,1,21658.0,2,37.7819924,-122.39810692,3
2016,2016-10-21,2205,10,3,22,5,Y,A,N,A,H,C,A,01,,12,A,,,,,J,N,F,A,1,0,0,0,22450.0,2,37.73268989,-122.47603992,4
2016,2016-10-12,1134,10,3,11,3,Y,A,N,A,H,A,A,01,,10,G,Y,,,,B,N,N,A,1,1,0,0,21950.0,2,37.78164991,-122.41549995,4
2016,2016-10-03,406,10,3,4,1,Y,B,N,A,H,C,-,,,03,E,,,,,I,Y,M,A,1,0,0,0,22350.0,1,37.73224991,-122.43513991,3
2016,2016-10-28,2215,10,3,22,5,Y,C,N,B,H,C,A,01,,07,E,,,,,I,Y,N,A,1,0,0,0,21658.0,1,37.7295899,-122.48658988,4
2016,2016-10-20,2306,10,3,23,4,Y,A,N,A,H,C,A,01,,07,F,,,,,E,Y,N,D,1,0,0,0,21658.0,3,37.78277988,-122.44446993,3
2016,2016-10-07,1427,10,3,14,5,Y,A,N,A,H,A,D,22,,03,C,,,,,C,N,F,A,1,0,0,0,22350.0,2,37.78254991,-122.39738992,4
2016,2016-11-15,851,11,3,8,2,N,A,N,A,H,A,M,94,S,06,B,,,,,C,N,N,D,1,0,0,0,21754.0,2,37.79710569,-122.42705642,2
2016,2016-11-17,955,11,3,9,4,Y,A,N,A,H,A,D,22,,08,C,,,,,C,N,N,A,1,0,0,0,22107.0,2,37.77527999,-122.41590991,4
2016,2016-11-21,1040,11,3,10,1,N,A,N,A,H,A,C,02,E,04,C,,,Y,Y,C,N,F,A,1,0,0,1,21703.0,2,37.77645167,-122.39412346,2
2016,2016-11-22,643,11,3,6,2,N,A,N,A,H,A,N,60,N,- ,-,Y,,,,-,N,N,-,1,1,0,0,,2,37.79482813,-122.42332171,4
2016,2016-11-21,1200,11,3,12,1,N,A,N,A,-,A,F,55,N,03,C,,,,Y,C,Y,N,A,2,0,0,0,22350.0,2,37.77308187,-122.42395612,4
2016,2016-11-19,1925,11,3,19,6,Y,C,N,B,H,C,A,01,,12,D,,,Y,Y,C,Y,F,A,1,0,0,1,21453.0,3,37.76530993,-122.41529991,3
2016,2016-11-09,902,11,3,9,3,Y,A,N,A,H,A,F,26,,04,C,,,,Y,C,N,N,A,1,0,0,0,21703.0,2,37.74836998,-122.40800992,4
2016,2016-11-03,1627,11,3,16,4,Y,A,N,A,H,A,A,07,,04,C,,,,,C,N,N,A,3,0,0,0,21703.0,2,37.76530993,-122.41529991,4
2016,2016-11-07,842,11,3,8,1,N,A,N,A,H,A,D,22,N,21,G,Y,,,,B,Y,F,D,1,1,0,0,22106.0,2,37.75259929,-122.39468145,4
2016,2016-11-17,1249,11,3,12,4,N,A,N,A,H,A,I,11,N,21,E,Y,,,,I,N,N,D,1,1,0,0,22106.0,2,37.79133506,-122.40074151,4
2016,2016-11-17,1435,11,3,14,4,N,A,N,A,H,A,D,22,S,21,D,,,,,C,N,N,D,1,0,0,0,22106.0,2,37.75162718,-122.40228498,3
2016,2016-11-29,1301,11,3,13,2,Y,A,N,A,H,A,-,,,07,B,,,,,C,N,F,A,1,0,0,0,21658.0,2,37.78092991,-122.41368992,4
2016,2016-11-01,1441,11,3,14,2,Y,A,N,A,H,A,A,01,,09,D,,,,,C,Y,N,D,1,0,0,0,21801.0,2,37.75008997,-122.3894699,4
2016,2016-11-13,1556,11,3,15,7,Y,A,N,A,H,A,I,11,,10,G,Y,,,,B,N,N,A,1,1,0,0,21950.0,2,37.78256989,-122.41568995,4
2016,2016-11-30,1453,11,3,14,3,Y,A,N,A,H,A,D,22,,06,D,,,,,C,N,N,A,1,0,0,0,21750.0,2,37.74607994,-122.49200997,4
2016,2016-11-21,1529,11,3,15,1,Y,A,N,A,H,A,A,01,,12,D,,,,Y,C,Y,N,A,1,0,0,0,21453.0,2,37.74272995,-122.38800998,2