ACCIDENT_YEAR,COLLISION_DATE,COLLISION_TIME,MONTH,SEASON,24HOURS,DAY_OF_WEEK,INTERSECTION,WEATHER_1,STATE_HWY_IND,ROAD_SURFACE,ROAD_COND_1,LIGHTING,STWD_VEHTYPE_AT_FAULT,CHP_VEHTYPE_AT_FAULT,DIRECTION,PCF_VIOL_CATEGORY,TYPE_OF_COLLISION,PEDESTRIAN_ACCIDENT,BICYCLE_ACCIDENT,MOTORCYCLE_ACCIDENT,TRUCK_ACCIDENT,MVIW,TOW_AWAY,HIT_AND_RUN,CONTROL_DEVICE,NUMBER_INJURED,COUNT_PED_INJURED,COUNT_BICYCLIST_INJURED,COUNT_MC_INJURED,PCF_VIOLATION,PARTY_COUNT,POINT_Y,POINT_X,COLLISION_SEVERITY
2017,2017-04-02,1400,4,1,14,7,N,A,N,A,H,A,-,- ,,- ,B,,Y,,,G,N,N,D,1,0,1,0,,2,37.78660997,-122.49311993,4
2017,2017-04-27,1621,4,1,16,4,Y,A,N,A,H,A,-,- ,,12,B,,,,,C,N,N,A,1,0,0,0,21457.0,2,37.7605599,-122.38757986,4
2017,2017-04-28,1615,4,1,16,5,Y,A,N,A,H,A,N,60,,11,G,Y,,,,B,N,N,D,1,1,0,0,21955.0,2,37.79134988,-122.39959986,3
2017,2017-04-20,100,4,1,1,4,Y,E,N,B,H,C,A,07,,01,E,,,,,I,Y,N,A,1,0,0,0,23152.0,1,37.77963993,-122.43873997,3
2017,2017-04-22,1332,4,1,13,6,Y,A,N,A,G,A,-,- ,,18,E,,Y,,,I,N,N,A,1,0,1,0,,1,37.808136,-122.4090765,2
2017,2017-04-26,2005,4,1,20,3,Y,A,N,A,H,C,A,01,,12,D,,,,,C,N,N,A,1,0,0,0,21453.0,2,37.79432992,-122.39898996,4
2017,2017-04-20,829,4,1,8,4,N,A,N,A,H,A,A,01,S,21,B,,Y,,,G,N,N,D,1,0,1,0,22106.0,2,37.7648198,-122.44589806,3
2017,2017-04-19,1730,4,1,17,3,Y,A,N,A,-,A,N,60,,03,G,Y,,,,B,N,N,D,1,1,0,0,22350.0,2,37.76228992,-122.43841998,2
2017,2017-04-23,1320,4,1,13,7,N,A,N,A,G,A,-,,W,22,C,,Y,,,-,N,N,D,2,0,1,0,,2,37.77185742,-122.46237809,2
2017,2017-04-20,1957,4,1,19,4,Y,A,N,A,H,C,A,01,,04,C,,,,,C,N,F,A,1,0,0,0,21703.0,2,37.80839991,-122.41416987,4
2015,2015-04-21,1023,4,1,10,2,N,A,N,A,H,A,-,,,09,D,,,,,C,Y,N,D,1,0,0,0,21801.0,2,37.79572993,-122.42349988,3
2017,2017-04-04,2040,4,1,20,2,Y,A,N,A,H,C,A,01,,10,G,Y,,,,B,N,N,A,1,1,0,0,21950.0,2,37.79389995,-122.41627998,3
2017,2017-04-07,1815,4,1,18,5,Y,B,N,B,-,A,A,01,,03,A,,,,,C,Y,N,A,2,0,0,0,22350.0,3,37.78446998,-122.47205995,4
2017,2017-04-17,1626,4,1,16,1,N,C,N,B,H,A,A,01,W,05,F,,,,,I,Y,N,A,1,0,0,0,21752.0,1,37.75133913,-122.49992726,4
2017,2017-04-12,800,4,1,8,3,Y,B,N,B,H,A,A,01,,08,D,,,,,C,N,N,D,1,0,0,0,22102.0,2,37.77005993,-122.40698998,4
2017,2017-04-19,945,4,1,9,3,Y,A,Y,A,H,A,A,01,,08,H,,Y,,,G,Y,N,A,1,0,1,0,22100.0,2,37.77186513,-122.42345912,4
2017,2017-04-03,1630,4,1,16,1,Y,A,Y,A,H,A,A,01,,12,D,,,Y,,C,Y,N,A,2,0,0,2,21453.0,2,37.76974077,-122.40798943,2
2017,2017-04-22,2154,4,1,21,6,N,A,N,A,H,C,A,07,W,03,B,,Y,,,G,N,F,D,1,0,1,0,22350.0,2,37.77216336,-122.43757093,3
2017,2017-03-13,1024,3,1,10,1,Y,A,N,A,H,A,G,27,,03,D,,,,Y,C,Y,N,A,1,0,0,0,22350.0,2,37.71894999,-122.5003399,4
2017,2017-03-23,1415,3,1,14,4,N,A,Y,A,H,A,A,07,S,07,A,,,,,C,Y,N,D,1,0,0,0,21658.0,2,37.75034732,-122.47612808,3
2017,2017-02-25,1245,2,4,12,6,N,A,N,A,H,A,A,07,W,03,C,,,,,C,Y,N,D,4,0,0,0,22350.0,5,37.74622558,-122.39415881,4
2017,2017-03-25,2114,3,1,21,6,Y,A,N,A,H,C,M,47,,12,D,,,,,C,N,F,A,1,0,0,0,22450.0,2,37.73102996,-122.4314199,4
2017,2017-03-20,1310,3,1,13,1,N,C,N,B,G,A,-,,S,03,C,,,,,C,N,N,A,1,0,0,0,22350.0,2,37.76652791,-122.39524236,4
2017,2017-03-08,600,3,1,6,3,Y,A,N,B,H,A,A,01,,00,C,,,,Y,C,Y,N,A,3,0,0,0,21453.0,2,37.78099993,-122.41308999,4
2017,2017-03-04,1434,3,1,14,6,N,A,N,A,H,A,A,01,S,04,C,,,,,C,Y,N,A,1,0,0,0,21703.0,2,37.74278017,-122.40542751,4
2017,2017-03-07,1414,3,1,14,2,N,A,N,A,H,A,N,60,E,11,G,Y,,,Y,B,N,N,D,1,1,0,0,21954.0,2,37.78178461,-122.4087205,2
2017,2017-03-24,747,3,1,7,5,Y,C,N,B,-,C,H,17,,10,B,Y,,,,B,N,N,A,1,1,0,0,21950.0,2,37.78009999,-122.39429986,4
2017,2017-03-29,1721,3,1,17,3,N,A,N,A,H,A,D,22,S,17,H,,Y,,,G,N,N,D,1,0,1,0,22517.0,2,37.78397207,-122.41933726,3
2017,2017-03-02,1735,3,1,17,4,Y,A,N,A,H,A,A,01,,09,A,,,,,C,N,N,A,2,0,0,0,21801.0,2,37.78082996,-122.46966,4
2017,2017-03-29,1100,3,1,11,3,Y,A,N,A,H,A,D,22,,09,D,,,,,C,Y,N,A,2,0,0,0,21800.0,2,37.74314988,-122.43555995,4
2017,2017-03-21,1543,3,1,15,2,N,A,N,A,H,A,G,55,N,11,G,Y,,,Y,B,N,N,D,1,1,0,0,21956.0,2,37.7910701,-122.39003778,4
2017,2017-03-05,15,3,1,0,7,N,A,N,B,H,C,D,22,W,10,G,Y,,,,B,N,N,A,1,1,0,0,21950.0,2,37.75701894,-122.41894072,4
2017,2017-03-31,2048,3,1,20,5,N,A,N,A,H,C,F,26,N,03,C,,,,Y,C,N,N,A,1,0,0,0,22350.0,2,37.76387533,-122.4217936,4
2017,2017-03-01,1606,3,1,16,3,Y,A,N,A,H,A,C,02,,12,D,,,Y,,C,N,N,A,1,0,0,1,21453.0,2,37.80225998,-122.42477992,3
2017,2017-03-30,1019,3,1,10,4,N,A,N,A,H,A,A,01,W,17,E,,Y,,,G,N,N,D,1,0,1,0,22517.0,3,37.79103445,-122.39599509,3
2017,2017-03-15,734,3,1,7,3,N,A,N,A,H,A,I,10,E,05,A,,,,,C,Y,N,A,1,0,0,0,21651.0,2,37.78688645,-122.39193676,4
2017,2017-03-23,1537,3,1,15,4,N,A,N,A,H,A,D,22,E,09,D,,Y,,,G,N,N,D,1,0,1,0,21803.0,2,37.71973729,-122.47615939,3
2017,2017-03-26,1749,3,1,17,7,Y,A,N,A,H,A,A,07,,08,B,,,,,C,Y,N,-,1,0,0,0,22101.0,2,37.7100699,-122.45709991,4
2017,2017-03-18,1355,3,1,13,6,Y,A,N,A,H,A,A,01,,08,D,,,,,C,Y,N,D,1,0,0,0,22107.0,2,37.77208992,-122.49490985,3
2017,2017-03-19,1257,3,1,12,7,N,A,N,A,H,A,I,11,E,10,G,Y,,,,B,N,N,A,1,1,0,0,21950.0,2,37.77799303,-122.45864958,3
2017,2017-03-12,1123,3,1,11,7,Y,A,N,A,H,A,M,94,,05,A,,,,,E,N,N,A,1,0,0,0,21651.0,2,37.801593,-122.4478395,3
2017,2017-03-11,1523,3,1,15,6,N,A,N,A,H,A,A,01,N,03,C,,,,Y,C,Y,N,A,4,0,0,0,22350.0,7,37.75132162,-122.40901012,4
2017,2017-03-22,1454,3,1,14,3,Y,A,N,A,H,A,-,,,08,C,,,,,C,Y,N,A,1,0,0,0,22107.0,2,37.7295899,-122.48658988,4
2017,2017-03-22,1109,3,1,11,3,Y,A,N,A,-,A,L,04,,05,-,,Y,,,G,N,N,A,1,0,1,0,21650.0,2,37.7850999,-122.41112987,4
2017,2017-03-27,1511,3,1,15,1,N,A,N,A,H,A,A,01,E,17,B,,,,,C,N,N,D,1,0,0,0,22517.0,2,37.77636481,-122.41456399,4
2017,2017-03-03,920,3,1,9,5,Y,A,N,A,H,A,A,01,,08,B,,Y,,,G,N,N,A,1,0,1,0,22107.0,2,37.74383991,-122.42446986,4
2017,2017-03-16,48,3,1,0,4,Y,A,N,A,H,C,L,04,,03,B,Y,Y,,,G,N,N,A,1,0,1,0,22350.0,3,37.80082995,-122.43623987,3
2017,2017-03-03,703,3,1,7,5,Y,A,N,A,H,A,A,01,,08,D,,,,,C,N,N,A,1,0,0,0,22107.0,2,37.77683994,-122.4725899,4
2017,2017-03-27,1523,3,1,15,1,Y,A,N,A,H,A,N,60,,11,G,Y,,,,B,N,N,A,1,1,0,0,21954.0,2,37.76015991,-122.46927,3
2017,2017-03-29,1807,3,1,18,3,N,A,N,A,H,A,A,01,N,22,B,,,Y,,D,Y,N,D,1,0,0,1,,4,37.79580052,-122.39684826,4
2017,2017-02-22,1301,2,4,13,3,N,A,N,A,H,A,N,60,W,11,G,Y,,,,B,N,N,D,1,1,0,0,21950.0,2,37.72079,-122.47709571,4
2017,2017-03-30,1548,3,1,15,4,Y,A,N,A,H,A,N,60,,11,G,Y,,,,B,N,N,D,1,1,0,0,21456.0,2,37.78555999,-122.39672994,4
2017,2017-03-26,1957,3,1,19,7,Y,C,N,B,H,C,A,07,,09,D,,,,,C,Y,N,D,4,0,0,0,21801.0,2,37.7146699,-122.44731993,3
2017,2017-02-12,1500,2,4,15,7,Y,A,N,A,H,A,A,01,,04,C,,Y,,,G,N,N,A,1,0,1,0,21703.0,2,37.76403993,-122.39374997,3
2017,2017-03-21,820,3,1,8,2,N,C,N,B,H,A,A,01,E,05,D,,,,,C,Y,N,D,3,0,0,0,21651.0,2,37.7908359,-122.41866363,4
2017,2017-03-28,1200,3,1,12,2,Y,A,N,A,H,A,L,04,,03,D,,Y,,,G,N,N,A,1,0,1,0,22350.0,2,37.74832989,-122.41053993,3
2017,2017-02-21,2036,2,4,20,2,N,B,N,A,H,C,A,01,S,08,B,,,,,C,N,N,D,1,0,0,0,22107.0,2,37.76629175,-122.42200617,4
2017,2017-03-31,2331,3,1,23,5,Y,A,N,A,H,C,A,01,,12,D,,,,,C,Y,F,A,1,0,0,0,21453.0,2,37.76129991,-122.42837989,4
2017,2017-03-27,1945,3,1,19,1,N,A,N,A,H,C,A,01,S,17,H,,Y,,,G,N,F,D,1,0,1,0,22517.0,2,37.75756298,-122.40773786,3
2017,2017-02-03,1720,2,4,17,5,Y,A,N,A,H,A,-,99,,09,D,,,,,C,N,F,A,1,0,0,0,21801.0,2,37.78307993,-122.39362985,4
2017,2017-03-31,1724,3,1,17,5,Y,A,N,A,H,A,A,01,,21,G,Y,,,,B,N,F,A,1,1,0,0,22106.0,2,37.78399992,-122.40805989,4
2017,2017-03-27,1750,3,1,17,1,Y,A,N,A,H,A,L,04,,17,B,,Y,,,G,N,N,D,1,0,1,0,21658.0,2,37.78147999,-122.42048995,3
2017,2017-02-18,2310,2,4,23,6,N,A,N,A,H,C,A,01,N,04,C,,,,,C,N,N,A,1,0,0,0,21703.0,2,37.77303298,-122.45433104,4
2017,2017-03-31,1823,3,1,18,5,N,A,N,A,H,A,N,60,W,11,G,Y,,,,B,N,N,A,1,1,0,0,21950.0,2,37.76746686,-122.43344481,3
2017,2017-03-27,1040,3,1,10,1,Y,A,N,A,H,A,-,,,03,G,Y,,,,B,N,F,A,1,1,0,0,22350.0,2,37.75547995,-122.47332999,4
2017,2017-02-13,1943,2,4,19,1,Y,A,N,A,H,C,A,08,,12,D,,Y,,,G,N,N,A,2,0,2,0,22450.0,2,37.76467993,-122.40448987,3
2017,2017-03-31,156,3,1,1,5,Y,A,N,A,H,C,C,02,,12,-,,,Y,,C,Y,N,A,1,0,0,1,21453.0,2,37.78889995,-122.41866993,2
2017,2017-03-31,1830,3,1,18,5,N,A,N,A,H,A,N,60,W,11,G,Y,,,,B,N,N,A,1,1,0,0,21950.0,2,37.75031784,-122.42385449,3
2017,2017-03-28,2055,3,1,20,2,Y,A,N,A,H,C,-,,,12,D,,,,,C,N,M,A,2,0,0,0,22450.0,2,37.75107989,-122.41079986,4
2017,2017-03-31,921,3,1,9,5,Y,A,N,A,H,A,A,01,,08,B,,,,,C,N,N,A,1,0,0,0,22107.0,2,37.76986998,-122.42235989,4
2017,2017-03-26,1715,3,1,17,7,Y,C,N,B,H,B,-,,,03,C,,,,,C,N,M,A,1,0,0,0,22350.0,3,37.806624,-122.4059715,3
2017,2017-03-29,1355,3,1,13,3,N,A,N,A,H,A,A,01,W,21,D,,,,,C,Y,N,D,2,0,0,0,22106.0,2,37.77746926,-122.43341595,4
2017,2017-03-25,152,3,1,1,6,Y,B,N,B,H,C,A,01,,12,C,,,,,C,Y,N,A,3,0,0,0,22450.0,2,37.71966997,-122.45162997,4
2017,2017-03-29,1508,3,1,15,3,N,A,N,A,H,A,N,60,N,11,G,Y,,,,B,Y,F,D,1,1,0,0,21955.0,2,37.80066586,-122.41068838,2
2017,2017-03-25,1924,3,1,19,6,N,A,N,A,H,C,A,01,E,08,D,,Y,,,G,N,N,D,1,0,1,0,22107.0,2,37.76172328,-122.42130101,4
2017,2017-03-29,1605,3,1,16,3,Y,A,N,A,H,A,L,04,,12,D,,Y,,,G,N,N,A,1,0,1,0,21453.0,2,37.77426993,-122.43593987,4
2017,2017-03-25,1857,3,1,18,6,Y,A,N,A,H,B,C,02,,06,B,,,Y,,C,N,N,A,2,0,0,2,21750.0,2,37.77603999,-122.42953999,3
2017,2017-03-29,1505,3,1,15,3,Y,A,N,A,H,A,A,01,,09,D,,,Y,,C,N,N,A,1,0,0,1,21801.0,2,37.76035993,-122.4170599,4
2017,2017-03-25,40,3,1,0,6,N,B,N,B,H,C,N,60,S,17,B,Y,,,,B,N,N,D,1,1,0,0,22517.0,3,37.7885008,-122.42025664,4
2017,2017-02-11,1528,2,4,15,6,N,A,N,A,H,A,A,01,W,03,G,Y,,,,B,N,N,D,1,1,0,0,22350.0,3,37.77104548,-122.45734581,2
2017,2017-03-29,1800,3,1,18,3,N,A,N,A,H,A,L,04,W,03,D,,Y,,,G,N,N,A,1,0,1,0,22350.0,2,37.79552918,-122.42503685,3
2017,2017-03-26,1805,3,1,18,7,Y,C,N,B,H,A,A,01,,12,D,,,,,C,Y,N,A,2,0,0,0,21453.0,2,37.77996991,-122.48901989,3
2017,2017-02-06,1938,2,4,19,1,N,C,N,B,H,C,N,60,W,11,G,Y,,,,B,N,F,D,1,1,0,0,21954.0,2,37.74043801,-122.39733517,2
2017,2017-03-30,1040,3,1,10,4,Y,A,N,A,H,A,A,01,,09,D,,Y,,,G,N,N,D,1,0,1,0,21801.0,2,37.78306989,-122.43432997,4
2017,2017-03-26,1720,3,1,17,7,N,C,N,B,H,A,A,01,S,03,B,,,,,C,Y,N,-,1,0,0,0,22350.0,2,37.7612711,-122.39446522,3
2017,2017-03-30,915,3,1,9,4,Y,A,N,A,H,A,A,01,,08,D,,Y,,,G,N,N,A,1,0,1,0,22107.0,2,37.77499991,-122.47191991,3
2017,2017-03-26,1932,3,1,19,7,Y,C,N,B,H,B,A,01,,08,D,,,,,C,N,N,A,1,0,0,0,22107.0,2,37.74693998,-122.44483992,4
2017,2017-03-30,748,3,1,7,4,N,A,N,A,H,A,A,01,E,10,G,Y,,,,B,N,N,D,2,2,0,0,21950.0,3,37.78437155,-122.47422891,3
2017,2017-03-24,1904,3,1,19,5,Y,B,N,B,H,B,A,01,,09,D,,,,,C,Y,N,A,2,0,0,0,21801.0,2,37.76944996,-122.41340989,4
2017,2017-03-28,2151,3,1,21,2,N,A,N,A,H,C,N,60,W,11,G,Y,,,,B,N,F,A,1,1,0,0,21955.0,2,37.78867754,-122.40211328,3
2017,2017-03-25,1845,3,1,18,6,Y,A,N,A,H,B,A,01,,09,D,,,,,C,Y,N,A,2,0,0,0,21800.0,3,37.75945996,-122.48542986,3
2017,2017-03-27,2100,3,1,21,1,Y,A,N,A,H,C,A,01,,00,-,,,,,-,N,M,-,1,0,0,0,20002.0,2,37.76530989,-122.48046998,4
2017,2017-03-25,1404,3,1,14,6,Y,A,N,A,H,A,L,04,,05,A,,Y,,,G,N,F,A,1,0,1,0,21650.0,2,,,4
2017,2017-03-28,950,3,1,9,2,N,A,N,A,H,A,A,01,S,03,C,,,,,C,N,N,A,1,0,0,0,22350.0,2,37.79626961,-122.39695991,4
2017,2017-03-25,1600,3,1,16,6,N,A,N,A,H,A,L,04,W,03,D,,Y,,,G,N,N,D,1,0,1,0,22350.0,2,37.7231565,-122.44265985,4
2017,2017-03-28,1800,3,1,18,2,N,A,N,-,H,A,A,01,N,09,-,,Y,,,G,N,N,A,1,0,1,0,21802.0,2,37.80595174,-122.41873408,4
2017,2017-03-25,132,3,1,1,6,Y,A,N,B,H,C,A,01,,03,C,,,,,C,N,F,A,2,0,0,0,22350.0,2,37.7216499,-122.43870986,4
2017,2017-03-23,811,3,1,8,4,Y,A,N,A,H,A,A,01,,08,B,,Y,,,G,N,F,A,1,0,1,0,22102.0,2,37.7525099,-122.41408991,3
2017,2017-03-20,920,3,1,9,1,N,A,N,A,H,A,A,01,S,03,C,,,,,C,N,N,A,1,0,0,0,22350.0,2,37.77839738,-122.42327872,3
2017,2017-03-15,1651,3,1,16,3,Y,A,N,A,H,A,A,01,,09,D,,,,,C,Y,N,A,1,0,0,0,21801.0,2,37.78048995,-122.47724993,4
2017,2017-03-14,1041,3,1,10,2,Y,A,N,A,H,A,L,04,,17,D,,Y,,,G,Y,F,A,1,0,1,0,21657.0,2,37.79636996,-122.39697999,2
2017,2017-03-23,827,3,1,8,4,N,A,N,A,H,A,A,07,W,08,B,,,,,C,Y,N,A,1,0,0,0,22107.0,2,37.72875078,-122.38170987,4
2017,2017-03-20,2029,3,1,20,1,Y,C,N,B,H,C,N,60,,00,G,Y,,,,B,,N,A,1,1,0,0,21458.0,2,37.7810399,-122.44753988,4
2017,2017-03-15,2015,3,1,20,3,Y,A,N,A,H,C,A,01,,09,D,,,Y,,C,Y,N,A,1,0,0,1,21801.0,2,37.78183995,-122.39205999,2
2017,2017-03-13,1850,3,1,18,1,Y,A,N,A,H,A,A,01,,12,D,,,,,C,Y,F,A,3,0,0,0,22450.0,2,37.7644099,-122.50084998,4
2017,2017-03-23,1406,3,1,14,4,Y,A,N,A,H,A,A,07,,10,G,Y,,,,B,N,N,A,1,1,0,0,21950.0,2,37.77730992,-122.4040799,4
2017,2017-03-20,2100,3,1,21,1,Y,C,N,B,H,C,-,,,10,G,Y,,,,B,N,N,A,1,1,0,0,21950.0,2,37.7716799,-122.50345998,3
2017,2017-03-15,2256,3,1,22,3,Y,A,N,A,D,C,C,02,,12,D,,,Y,,C,Y,N,A,1,0,0,1,21453.0,2,37.77728997,-122.41967994,3
2017,2017-03-13,1753,3,1,17,1,N,A,N,A,H,A,A,01,S,08,D,,,Y,,C,Y,N,A,1,0,0,1,22107.0,2,37.77468993,-122.43773009,3
2017,2017-03-23,1842,3,1,18,4,N,A,N,A,H,B,N,60,W,11,G,Y,,,,B,N,N,A,1,1,0,0,21954.0,2,37.73231961,-122.40602746,3
2017,2017-03-20,1750,3,1,17,1,Y,A,N,A,H,A,-,,,10,G,Y,,,,B,N,F,A,1,1,0,0,21950.0,2,37.78807993,-122.44045,4
2017,2017-03-15,1751,3,1,17,3,N,A,N,A,H,A,A,01,S,02,C,,,,,F,Y,N,D,1,0,0,0,22400.0,3,37.80459974,-122.42012477,4
2017,2017-03-13,1737,3,1,17,1,N,A,N,A,H,A,A,01,E,21,D,,,,,C,N,N,A,1,0,0,0,22106.0,2,37.71318755,-122.4583138,3
2017,2017-03-23,2130,3,1,21,4,N,B,N,A,H,C,C,03,E,03,E,,,Y,,I,N,N,A,1,0,0,1,22350.0,1,37.80483948,-122.44818063,3
2017,2017-03-20,2030,3,1,20,1,Y,C,N,B,H,C,-,,,10,G,Y,,,,B,N,F,A,1,1,0,0,21950.0,2,37.75298991,-122.4063199,4
2017,2017-03-16,1913,3,1,19,4,Y,A,N,A,H,B,L,04,,- ,D,,Y,,,G,N,N,A,1,0,1,0,,2,37.75022991,-122.38768991,4
2017,2017-03-23,1600,3,1,16,4,Y,A,N,A,H,A,A,01,,10,G,Y,,,,B,N,F,A,1,1,0,0,21950.0,2,37.74272995,-122.38800998,2
2017,2017-03-20,1325,3,1,13,1,Y,B,N,A,-,A,A,01,,10,G,Y,,,,B,N,N,D,1,1,0,0,21950.0,2,37.71346993,-122.43453992,4
2017,2017-03-16,840,3,1,8,4,Y,B,N,B,H,A,L,04,,03,H,,Y,,,G,N,N,A,1,0,1,0,22350.0,1,37.76287993,-122.42850995,3
2017,2017-03-13,1015,3,1,10,1,Y,A,N,A,H,A,A,01,,07,B,,,Y,,D,N,N,A,1,0,0,1,21658.0,2,37.7736999,-122.41881992,4
2017,2017-03-24,2025,3,1,20,5,-,C,N,B,H,C,-,,,10,D,Y,,,,B,N,M,A,1,1,0,0,21950.0,2,37.78837993,-122.41517995,4
2017,2017-03-21,1738,3,1,17,2,Y,A,N,A,H,A,A,01,,09,D,,,Y,,J,Y,N,A,1,0,0,1,21801.0,2,37.75517989,-122.42317999,4
2017,2017-03-16,1926,3,1,19,4,Y,A,N,A,H,B,L,04,,03,E,,Y,,,J,N,N,D,1,0,1,0,22350.0,1,37.77870988,-122.41475996,3
2017,2017-03-14,1959,3,1,19,2,Y,A,N,A,G,C,A,07,,01,D,,,,,C,Y,F,A,3,0,0,0,23153.0,3,37.77995996,-122.3897,3
2017,2017-03-22,1045,3,1,10,3,Y,A,N,A,-,A,A,01,,10,G,Y,,,,B,N,F,A,1,1,0,0,21950.0,2,37.77459996,-122.42587988,3
2017,2017-03-18,2057,3,1,20,6,N,A,N,A,H,C,A,01,S,03,C,,,,,C,Y,N,A,3,0,0,0,22350.0,2,37.7365477,-122.49412445,4
2017,2017-03-16,1650,3,1,16,4,Y,A,N,A,H,A,A,01,,09,D,,,,,C,Y,N,D,1,0,0,0,21804.0,2,37.72661995,-122.50252994,4
2017,2017-03-14,1759,3,1,17,2,N,A,N,A,H,A,A,01,S,17,H,,Y,,,G,N,N,D,1,0,1,0,22517.0,2,37.78413017,-122.43454158,3
2017,2017-03-22,1942,3,1,19,3,N,A,N,A,-,A,A,01,W,03,G,,Y,,,G,N,N,A,1,0,1,0,22350.0,2,37.78158415,-122.49412149,4
2017,2017-03-18,1515,3,1,15,6,Y,A,N,A,H,A,A,01,,04,G,Y,,,,B,N,N,A,2,1,0,0,21703.0,3,37.7810399,-122.44753988,3
2017,2017-03-14,1337,3,1,13,2,Y,A,N,A,H,A,N,60,,11,G,Y,,,,B,N,N,D,1,1,0,0,21954.0,2,37.75544999,-122.4187399,4
2017,2017-03-12,2020,3,1,20,7,N,A,N,A,H,C,N,60,N,11,G,Y,,,,B,N,F,A,1,1,0,0,21954.0,2,,,2
2017,2017-03-22,752,3,1,7,3,Y,A,N,B,H,A,A,01,,12,D,,,,,C,Y,N,A,1,0,0,0,22450.0,2,37.73196992,-122.40916997,4
2017,2017-03-18,1635,3,1,16,6,Y,A,N,A,H,A,A,01,,10,H,,Y,,,G,N,N,A,1,0,1,0,21950.0,2,37.77138998,-122.5099199,4
2017,2017-03-14,800,3,1,8,2,N,A,N,A,H,A,N,60,W,11,G,Y,,Y,,B,N,N,D,1,1,0,0,21955.0,2,37.73600132,-122.42507992,3
2017,2017-03-12,1253,3,1,12,7,Y,A,N,A,H,A,A,01,,08,A,,,Y,,C,N,N,A,1,0,0,1,22107.0,2,37.75038996,-122.42271986,4
2017,2017-03-22,1630,3,1,16,3,N,A,N,A,H,A,A,01,W,10,A,Y,,,,B,N,N,A,1,1,0,0,21950.0,2,37.73154008,-122.40856225,3
2017,2017-03-19,237,3,1,2,7,Y,B,N,A,H,C,A,01,,12,D,,,,,C,Y,N,A,3,0,0,0,21453.0,2,37.78889993,-122.40365998,3
2017,2017-03-15,1818,3,1,18,3,Y,A,N,A,H,A,A,07,,09,D,,,,,C,Y,N,A,1,0,0,0,21801.0,2,37.72207995,-122.45011994,4
2017,2017-03-12,1317,3,1,13,7,Y,A,N,A,H,A,N,60,,11,H,Y,Y,,,B,N,N,D,1,1,0,0,21950.0,2,37.76748998,-122.47264997,4
2017,2017-03-22,1845,3,1,18,3,N,A,N,A,H,A,A,07,W,17,G,Y,,,,B,N,F,A,1,1,0,0,22517.0,2,37.80037319,-122.43970249,3
2017,2017-03-19,1100,3,1,11,7,Y,A,N,A,H,A,-,,,07,B,,,,,C,N,F,-,1,0,0,0,21658.0,2,37.77974995,-122.40713988,4
2017,2017-03-15,152,3,1,1,3,Y,A,N,A,H,C,A,01,,01,C,,,,,E,Y,N,A,1,0,0,0,23153.0,3,37.78524993,-122.43985997,3
2017,2017-03-11,1740,3,1,17,6,N,A,N,A,H,A,L,04,E,09,D,,Y,,,G,N,N,D,1,0,1,0,21804.0,2,37.72883815,-122.40918285,3
2017,2017-03-22,2043,3,1,20,3,N,A,N,A,H,C,L,04,S,07,C,,Y,,,G,N,N,A,1,0,1,0,21658.0,2,37.75846281,-122.41463689,4
2017,2017-03-19,1810,3,1,18,7,N,B,N,A,H,A,A,01,E,21,G,Y,,,,B,N,M,A,1,1,0,0,22106.0,2,37.72119723,-122.44779078,4
2017,2017-03-15,940,3,1,9,3,Y,A,N,A,H,A,A,01,,08,H,,Y,,,G,N,N,A,1,0,1,0,22108.0,2,37.78019988,-122.42701999,4
2017,2017-03-13,1657,3,1,16,1,Y,A,N,A,H,A,A,01,,08,C,,,,,C,Y,N,A,1,0,0,0,22107.0,2,37.71253989,-122.40158997,4
2017,2017-03-23,1429,3,1,14,4,Y,A,N,A,H,A,A,01,,00,D,Y,,,,C,Y,F,A,1,1,0,0,21453.0,4,37.76194996,-122.41719995,4
2017,2017-03-20,2025,3,1,20,1,Y,C,N,B,H,C,C,03,,12,G,Y,,Y,,B,N,F,A,2,2,0,0,22450.0,4,37.76094995,-122.43387994,3
2017,2017-03-13,1632,3,1,16,1,Y,A,N,A,H,A,A,08,,10,A,Y,,,,B,N,N,A,1,1,0,0,21950.0,2,37.74383991,-122.42446986,4
2017,2017-03-21,637,3,1,6,2,N,B,N,B,H,C,A,01,S,10,G,Y,,,,B,N,N,A,1,1,0,0,21950.0,2,37.77628354,-122.48443888,3
2017,2017-03-17,1925,3,1,19,5,N,A,N,A,H,C,C,02,E,06,B,,,Y,,C,N,N,A,1,0,0,1,21755.0,2,,,4
2017,2017-03-15,1040,3,1,10,3,Y,A,N,A,H,A,L,04,,12,D,,Y,,,G,N,N,D,1,0,1,0,22450.0,2,37.71898996,-122.47551987,3
2017,2017-03-13,2236,3,1,22,1,N,A,N,A,H,C,A,01,N,03,H,Y,,,,B,,F,D,1,1,0,0,22350.0,2,37.79652406,-122.41091193,2
2017,2017-03-21,1600,3,1,16,2,N,A,N,A,H,A,L,04,N,08,C,,Y,,,G,N,N,D,1,0,1,0,22107.0,2,37.71670354,-122.48473097,4
2017,2017-03-17,2023,3,1,20,5,Y,A,N,A,H,C,N,60,,11,D,Y,,,,B,N,N,A,1,1,0,0,21954.0,2,37.71898996,-122.47551987,3
2017,2017-03-14,2230,3,1,22,2,Y,E,N,A,H,C,A,01,,12,D,,,,,C,Y,F,A,1,0,0,0,22450.0,2,37.73482999,-122.46877996,3
2017,2017-03-11,1846,3,1,18,6,Y,A,N,A,H,A,A,01,,03,C,,,,,E,N,F,-,1,0,0,0,22350.0,2,,,4
2017,2017-03-21,737,3,1,7,2,Y,C,N,B,H,A,A,01,,12,D,,,,,C,N,N,A,2,0,0,0,21453.0,2,37.78579997,-122.41296991,4
2017,2017-03-17,1508,3,1,15,5,Y,A,N,A,H,A,A,01,,06,B,,,,,C,N,F,A,2,0,0,0,21750.0,2,37.78393999,-122.41258998,4