ACCIDENT_YEAR,COLLISION_DATE,COLLISION_TIME,MONTH,SEASON,24HOURS,DAY_OF_WEEK,INTERSECTION,WEATHER_1,STATE_HWY_IND,ROAD_SURFACE,ROAD_COND_1,LIGHTING,STWD_VEHTYPE_AT_FAULT,CHP_VEHTYPE_AT_FAULT,DIRECTION,PCF_VIOL_CATEGORY,TYPE_OF_COLLISION,PEDESTRIAN_ACCIDENT,BICYCLE_ACCIDENT,MOTORCYCLE_ACCIDENT,TRUCK_ACCIDENT,MVIW,TOW_AWAY,HIT_AND_RUN,CONTROL_DEVICE,NUMBER_INJURED,COUNT_PED_INJURED,COUNT_BICYCLIST_INJURED,COUNT_MC_INJURED,PCF_VIOLATION,PARTY_COUNT,POINT_Y,POINT_X,COLLISION_SEVERITY
2017,2017-06-24,1606,6,2,16,6,Y,A,N,A,H,A,A,01,,03,C,,,,,C,Y,N,D,1,0,0,0,22350.0,3,37.72819992,-122.43501997,4
2017,2017-06-13,219,6,2,2,2,N,A,N,A,H,C,A,01,S,01,C,,,,,E,Y,N,A,1,0,0,0,23152.0,2,37.73080848,-122.47485032,3
2017,2017-06-04,1355,6,2,13,7,Y,A,N,A,H,A,I,10,,08,-,,Y,,,G,N,N,A,1,0,1,0,22107.0,2,37.77790993,-122.42990991,4
2017,2017-06-14,1624,6,2,16,3,Y,A,N,A,H,A,F,26,,08,F,,,Y,Y,A,Y,N,A,1,0,0,1,22107.0,2,37.76587994,-122.46749986,3
2017,2017-06-16,1136,6,2,11,5,Y,A,N,A,H,A,A,01,,09,D,,,,Y,C,Y,N,A,2,0,0,0,21802.0,2,37.76524995,-122.41636994,3
2017,2017-05-12,1300,5,1,13,5,Y,A,N,A,H,A,I,20,,03,C,,,,,C,N,N,A,1,0,0,0,22350.0,3,37.72292989,-122.44480986,4
2017,2017-06-22,2213,6,2,22,4,Y,A,N,A,H,C,D,22,,09,A,,,,,C,Y,N,A,2,0,0,0,21801.0,2,37.76477996,-122.42409997,4
2017,2017-06-25,1345,6,2,13,7,Y,A,N,A,H,A,I,11,,03,E,,,Y,,E,Y,N,D,1,0,0,0,22350.0,6,37.80169999,-122.41448998,3
2017,2017-06-02,1500,6,2,15,5,N,A,N,A,H,A,A,08,E,06,B,,,,Y,C,Y,N,D,4,0,0,0,21750.0,3,37.74079088,-122.40124705,3
2017,2017-06-06,745,6,2,7,2,Y,A,N,-,H,A,A,07,,09,D,,,,,C,Y,N,D,2,0,0,0,21802.0,2,37.74362997,-122.50474998,4
2017,2017-06-08,1326,6,2,13,4,Y,B,N,B,H,A,F,26,,08,E,Y,,,Y,C,N,N,D,1,1,0,0,22107.0,4,37.78702989,-122.39998996,4
2017,2017-06-20,1734,6,2,17,2,Y,A,N,A,H,A,L,04,,05,-,,Y,,,G,Y,N,A,0,0,0,0,21650.0,2,37.72984996,-122.43337993,1
2017,2017-04-29,2328,4,1,23,6,N,A,N,A,H,D,N,60,S,11,G,Y,,,,B,Y,N,D,1,0,0,0,21955.0,2,37.72244571,-122.48513419,1
2017,2017-07-19,2022,7,2,20,3,Y,A,N,A,H,A,D,22,,08,D,,,Y,,C,Y,N,A,1,0,0,1,22101.0,2,37.78503992,-122.42799999,1
2017,2017-06-23,1237,6,2,12,5,N,A,N,A,H,A,A,01,E,08,D,,,Y,,C,N,N,A,0,0,0,0,22102.0,2,37.8062363,-122.40873852,1
2017,2017-08-01,1902,8,2,19,2,N,A,N,A,H,A,A,01,W,03,G,Y,,,,B,Y,N,D,1,0,0,0,22350.0,2,37.71005554,-122.39147767,1
2017,2017-08-18,2110,8,2,21,5,N,B,N,A,H,C,A,07,W,13,H,,,,,B,Y,N,D,0,0,0,0,22515.0,3,37.77028377,-122.43723756,1
2017,2017-08-18,1800,8,2,18,5,N,A,N,A,H,A,C,02,E,03,E,,,Y,,I,Y,N,D,0,0,0,0,22350.0,1,37.71039363,-122.46959117,1
2018,2018-02-03,1236,2,4,12,6,N,A,N,A,H,A,L,04,S,00,B,,Y,,,E,,N,D,0,0,0,0,22658.0,2,37.778144836425774,-122.48136901855467,1
2018,2018-01-23,1309,1,4,13,2,N,A,N,A,H,A,A,08,W,05,A,,,,,C,Y,N,A,1,0,0,0,21460.0,2,37.71858978271485,-122.41282653808594,1
2017,2017-07-02,246,7,2,2,7,Y,A,N,A,H,C,A,01,,01,B,,,,,C,Y,N,A,1,0,0,0,23153.0,2,37.77676989,-122.40784985,4
2017,2017-07-21,1919,7,2,19,5,Y,A,N,A,H,A,A,01,,10,G,Y,,,,B,N,N,A,1,1,0,0,21950.0,2,37.73795988,-122.50645994,3
2017,2017-06-21,1058,6,2,10,3,Y,A,N,A,H,A,-,,,10,G,Y,,,,B,N,N,A,1,1,0,0,21950.0,2,37.79387988,-122.40952992,3
2017,2017-07-17,1152,7,2,11,1,Y,A,N,A,H,A,A,01,,09,D,,,,,C,N,N,A,4,0,0,0,21802.0,4,37.71230995,-122.45606986,4
2017,2017-07-17,839,7,2,8,1,N,A,N,A,H,A,A,01,S,03,C,,,,,C,Y,N,A,1,0,0,0,22350.0,2,37.63929728,-122.40130627,4
2017,2017-07-23,1721,7,2,17,7,N,A,N,A,H,A,A,01,W,21,G,Y,,,,B,N,N,D,1,1,0,0,22106.0,2,,,3
2017,2017-07-20,1639,7,2,16,4,N,A,N,A,H,A,A,01,S,21,G,Y,,,,B,N,N,A,1,1,0,0,22106.0,2,,,4
2017,2017-06-22,730,6,2,7,4,N,A,N,A,H,A,N,60,E,11,G,Y,,,,B,N,N,D,1,1,0,0,21954.0,2,37.7518267,-122.40468211,4
2017,2017-06-20,1750,6,2,17,2,N,-,N,A,H,A,N,60,E,11,D,Y,,,,B,N,F,D,1,1,0,0,21950.0,2,37.75210242,-122.43411859,3
2017,2017-06-19,1326,6,2,13,1,Y,A,N,A,H,A,A,01,,10,G,Y,,,,B,N,N,A,1,1,0,0,21950.0,2,37.75091993,-122.41393991,4
2017,2017-06-17,1807,6,2,18,6,Y,A,N,A,H,A,A,01,,12,D,,,,,C,Y,N,A,2,0,0,0,22450.0,2,37.79427995,-122.43489988,4
2017,2017-06-14,1025,6,2,10,3,N,A,N,A,H,A,C,03,W,03,E,,,Y,,I,N,N,D,1,0,0,1,22350.0,1,37.76287719,-122.42856179,3
2017,2017-06-13,1446,6,2,14,2,N,A,N,A,H,A,C,02,E,17,B,,,Y,,C,N,N,A,1,0,0,1,21209.0,2,37.78932494,-122.39501975,3
2017,2017-06-12,1705,6,2,17,1,N,A,N,A,H,A,L,04,W,03,C,,Y,,,G,N,N,D,1,0,1,0,22350.0,2,37.78209729,-122.43457001,3
2017,2017-06-08,2346,6,2,23,4,Y,A,N,A,H,C,A,01,,12,D,,,Y,,C,N,N,A,1,0,0,1,22450.0,2,37.77646996,-122.42625987,3
2017,2017-06-18,2145,6,2,21,7,Y,A,N,A,H,C,A,01,,10,G,Y,,,,B,N,N,-,1,1,0,0,21950.0,2,37.78038991,-122.4793899,3
2017,2017-06-17,1807,6,2,18,6,N,A,N,A,H,A,C,03,S,03,C,,,Y,,E,N,N,D,1,0,0,1,22350.0,2,37.7860135,-122.49055579,3
2017,2017-06-18,1653,6,2,16,7,N,A,N,A,H,A,A,07,S,08,D,,,,,C,Y,N,D,1,0,0,0,22103.0,2,37.78478322,-122.42794177,3
2017,2017-06-18,218,6,2,2,7,N,A,N,A,H,C,A,01,S,01,B,Y,,,,E,Y,F,D,2,1,0,0,23152.0,3,37.80603833,-122.41031369,4
2017,2017-06-17,2233,6,2,22,6,Y,A,N,A,H,C,A,01,,09,D,,,,,C,Y,N,A,1,0,0,0,21801.0,2,37.78431995,-122.4345799,4
2017,2017-06-17,2156,6,2,21,6,N,-,N,A,H,C,A,01,N,10,G,Y,,,,B,N,N,A,1,1,0,0,21950.0,2,37.78707355,-122.44848283,3
2017,2017-06-17,45,6,2,0,6,N,A,N,A,H,C,C,02,N,00,E,,,Y,,I,Y,N,D,1,0,0,1,12500.0,1,37.77664452,-122.51183932,3
2017,2017-06-10,213,6,2,2,6,Y,A,N,A,H,C,N,60,,11,G,Y,,,,B,N,N,A,1,1,0,0,21954.0,2,37.79949991,-122.40897987,3
2017,2017-06-17,1654,6,2,16,6,N,A,N,A,H,A,A,01,N,07,A,,,,,C,Y,M,D,1,0,0,0,21658.0,2,37.73395659,-122.37694443,4
2017,2017-06-16,2239,6,2,22,5,N,A,N,A,H,D,C,02,W,01,B,,,Y,,C,Y,N,D,2,0,0,2,23152.0,4,37.73371721,-122.3888082,4
2017,2017-06-09,915,6,2,9,5,Y,B,N,A,H,A,N,60,,11,G,Y,,,,B,,N,D,1,1,0,0,21956.0,3,37.76032998,-122.44343988,3
2017,2017-06-17,1413,6,2,14,6,Y,A,N,A,H,A,-,- ,,08,D,,,,,C,Y,N,D,1,0,0,0,22107.0,3,37.77188994,-122.49917996,4
2017,2017-06-16,1948,6,2,19,5,Y,A,N,A,H,B,-,- ,,03,C,,,,,C,Y,M,A,1,0,0,0,22350.0,3,37.76604,-122.47737996,4
2017,2017-06-05,1610,6,2,16,1,N,A,N,A,H,A,A,01,S,04,C,,,,,C,N,N,D,1,0,0,0,21703.0,2,37.72295145,-122.43612503,4
2017,2017-06-17,1025,6,2,10,6,N,A,N,A,H,A,L,04,S,03,C,,Y,,,G,N,N,A,1,0,1,0,22350.0,2,37.77411907,-122.42955783,3
2017,2017-06-16,1837,6,2,18,5,Y,A,N,A,H,A,A,01,,09,D,,Y,,,G,N,N,A,1,0,1,0,21801.0,2,37.78054994,-122.40812986,4
2017,2017-06-01,1740,6,2,17,4,Y,A,N,A,H,A,A,01,,09,-,,,,,C,N,N,A,1,0,0,0,21800.0,2,37.77542991,-122.50376995,4
2017,2017-06-17,608,6,2,6,6,N,A,N,A,H,A,A,01,N,03,C,,,,,E,Y,F,D,1,0,0,0,22350.0,3,37.75626175,-122.41130165,4
2017,2017-06-16,1740,6,2,17,5,Y,A,N,A,H,A,A,01,,12,D,,,,,C,Y,N,D,4,0,0,0,22450.0,2,37.72138995,-122.39374998,4
2017,2017-06-13,745,6,2,7,2,N,A,N,A,H,A,A,07,N,08,B,,,,,C,Y,N,D,1,0,0,0,22107.0,2,37.76354887,-122.49541717,4
2017,2017-06-17,305,6,2,3,6,Y,A,N,A,H,C,-,,,03,B,,,,,E,N,F,A,1,0,0,0,22350.0,2,37.72933993,-122.44200993,3
2017,2017-06-16,1424,6,2,14,5,Y,A,N,A,H,A,A,01,,12,D,,,,,C,Y,N,A,5,0,0,0,21453.0,2,37.77642999,-122.44148991,4
2017,2017-06-13,6,6,2,0,2,Y,A,N,A,H,C,-,,,03,-,Y,,,,B,N,F,D,1,1,0,0,22350.0,2,37.73210998,-122.47418987,4
2017,2017-06-15,1900,6,2,19,4,N,A,N,A,H,B,A,07,E,08,F,,,Y,,I,N,N,D,1,0,0,1,22107.0,2,37.71641126,-122.49627378,2
2017,2017-06-16,740,6,2,7,5,Y,A,N,A,H,A,A,01,,03,B,,,,,E,N,N,D,1,0,0,0,22350.0,4,37.72857,-122.50175,4
2017,2017-06-09,1647,6,2,16,5,Y,A,N,A,H,A,A,01,,00,D,,Y,,,G,N,M,A,1,0,1,0,20001.0,2,37.792323,-122.391198,4
2017,2017-06-15,2354,6,2,23,4,N,A,N,A,H,C,A,01,E,01,A,Y,,,,B,Y,F,D,1,1,0,0,23153.0,2,37.78025462,-122.42656483,4
2017,2017-06-15,1837,6,2,18,4,Y,A,N,A,H,A,C,02,,04,C,,,Y,,C,Y,N,A,1,0,0,1,21703.0,2,37.79127989,-122.42257997,3
2017,2017-06-15,1331,6,2,13,4,Y,A,N,A,H,A,C,02,,10,G,Y,,Y,,B,N,N,A,1,1,0,0,21950.0,2,37.78900994,-122.41021987,4
2017,2017-06-15,1317,6,2,13,4,Y,A,N,A,H,A,A,01,,08,G,,Y,,,G,N,N,A,1,0,1,0,22107.0,2,37.78682996,-122.4198999,3
2017,2017-06-02,2315,6,2,23,5,Y,A,N,A,H,C,-,,,03,C,,,,,C,N,F,A,1,0,0,0,22350.0,2,37.76341996,-122.41949991,4
2017,2017-06-15,955,6,2,9,4,Y,A,N,A,H,A,A,01,,09,D,,,Y,,C,N,N,A,2,0,0,1,21801.0,2,37.77656989,-122.39875995,4
2017,2017-06-03,1300,6,2,13,6,Y,A,N,A,H,A,A,01,,10,G,Y,,,,B,N,F,A,1,1,0,0,21950.0,2,37.77159996,-122.41124993,4
2017,2017-06-04,2336,6,2,23,7,Y,A,N,A,H,C,A,01,,12,H,,,,,C,Y,N,A,2,0,0,0,21453.0,3,37.77730992,-122.4040799,4
2017,2017-06-03,1051,6,2,10,6,N,B,N,A,H,A,C,02,E,03,F,,,Y,,A,Y,N,D,1,0,0,1,22350.0,3,37.78540657,-122.44609091,3
2017,2017-06-03,1942,6,2,19,6,Y,A,N,A,H,A,A,01,,12,D,,,,,C,Y,F,A,3,0,0,0,22450.0,2,37.73016995,-122.38585992,4
2017,2017-06-12,2327,6,2,23,1,Y,A,N,A,H,C,A,01,,10,G,Y,,,,B,N,N,A,1,1,0,0,21950.0,2,37.78256989,-122.41568995,4
2017,2017-06-01,1842,6,2,18,4,N,A,N,A,H,A,A,01,W,08,D,,,Y,,C,Y,N,D,1,0,0,1,22100.0,2,37.79161641,-122.40481216,3
2017,2017-06-11,2334,6,2,23,7,Y,A,N,A,H,C,A,01,,12,D,,,,,C,N,F,A,1,0,0,0,21453.0,2,37.78631989,-122.41644988,4
2017,2017-06-12,654,6,2,6,1,N,A,N,A,H,A,L,04,S,05,D,,Y,,,G,N,N,A,1,0,1,0,21650.0,2,37.77301129,-122.40316088,4
2017,2017-06-10,931,6,2,9,6,N,A,N,A,H,A,L,04,E,06,D,,Y,,,G,N,N,A,1,0,1,0,21750.0,2,37.78678943,-122.40455553,4
2017,2017-06-28,1803,6,2,18,3,N,A,N,A,H,A,A,01,E,09,D,,,,,C,N,N,A,1,0,0,0,21801.0,2,37.77728339,-122.46286011,4
2017,2017-06-12,1600,6,2,16,1,Y,A,N,A,H,A,A,01,,09,A,,,,,C,N,N,A,1,0,0,0,21801.0,2,37.73477991,-122.41429993,4
2017,2017-06-15,1704,6,2,17,4,N,A,N,A,H,A,-,- ,N,00,E,,Y,,,G,N,N,A,1,0,1,0,,2,37.78259115,-122.38811553,3
2017,2017-06-25,850,6,2,8,7,Y,B,N,A,H,A,A,01,,12,D,,,,,C,Y,N,A,2,0,0,0,21453.0,2,37.78246994,-122.42411988,3
2017,2017-06-10,1647,6,2,16,6,Y,A,N,A,H,A,A,01,,08,D,,,,,C,Y,N,A,1,0,0,0,22107.0,2,37.73388997,-122.43580998,4
2017,2017-06-10,2017,6,2,20,6,Y,A,Y,A,H,A,A,01,,10,G,Y,,,,B,N,N,A,1,1,0,0,21950.0,2,37.7829347,-122.42075495,4
2017,2017-06-03,1734,6,2,17,6,Y,A,Y,-,D,A,A,01,,10,G,Y,,,,B,N,F,A,1,1,0,0,21950.0,2,37.77730726,-122.41978329,4
2017,2017-06-29,635,6,2,6,4,N,B,N,A,H,B,A,01,N,03,C,,,,,D,N,N,D,1,0,0,0,22350.0,4,37.72432402,-122.42858449,4
2017,2017-06-22,1039,6,2,10,4,Y,-,N,A,H,A,A,01,,09,D,,,,,C,N,N,A,1,0,0,0,21802.0,3,37.7196399,-122.46895988,4
2017,2017-06-28,2126,6,2,21,3,Y,A,N,A,H,C,A,01,,12,D,,,,,C,Y,N,A,5,0,0,0,21453.0,5,37.77727996,-122.46294991,2
2017,2017-06-22,950,6,2,9,4,-,A,N,A,H,A,D,22,,09,B,,Y,,,G,N,N,D,1,0,1,0,21804.0,2,37.77375997,-122.40852994,4
2017,2017-06-28,1110,6,2,11,3,Y,B,N,A,H,A,A,01,,12,D,,,,,C,N,N,A,1,0,0,0,22450.0,4,37.71631992,-122.43787991,4
2017,2017-06-21,1742,6,2,17,3,Y,A,N,A,H,A,A,01,,09,A,,,Y,,C,Y,N,A,1,0,0,1,21801.0,2,37.77388988,-122.46161997,3
2017,2017-06-21,1403,6,2,14,3,Y,A,N,A,H,A,A,01,,03,C,,,,,C,Y,N,A,1,0,0,0,22350.0,3,37.74515988,-122.41337991,4
2017,2017-06-24,2356,6,2,23,6,Y,A,N,A,H,C,A,07,,10,E,Y,,,,B,N,N,D,1,1,0,0,21950.0,2,37.79488992,-122.42997997,3
2017,2017-06-20,1710,6,2,17,2,Y,A,N,A,H,A,A,01,,08,B,,,Y,,C,N,F,D,1,0,0,1,22107.0,2,37.78194998,-122.4054599,3
2017,2017-06-27,1740,6,2,17,2,N,A,N,A,H,A,A,01,E,07,B,,,Y,,C,Y,N,A,1,0,0,1,21658.0,2,37.76574843,-122.47049878,4
2017,2017-06-18,904,6,2,9,7,N,A,N,A,H,A,-,,N,03,G,Y,,,,B,N,F,D,1,1,0,0,22350.0,2,37.74480424,-122.45394182,2
2017,2017-06-27,1415,6,2,14,2,Y,A,N,A,-,A,-,- ,,00,G,Y,,,,B,N,N,A,1,1,0,0,,2,37.76587994,-122.46749986,4
2017,2017-06-13,1645,6,2,16,2,Y,A,N,A,H,A,C,03,,08,G,Y,,Y,,B,N,F,A,1,1,0,0,22107.0,2,37.77360993,-122.39942997,3
2017,2017-06-23,1135,6,2,11,5,Y,A,N,A,H,A,L,04,,05,D,,Y,,,G,N,N,A,1,0,1,0,21202.0,2,37.74507997,-122.39215998,4
2017,2017-06-13,1026,6,2,10,2,Y,A,N,A,H,A,A,01,,09,D,,Y,,,G,N,N,A,1,0,1,0,21801.0,2,37.7715899,-122.42252987,3
2017,2017-06-24,1940,6,2,19,6,Y,B,N,A,H,A,N,60,,11,G,Y,,,,B,N,N,A,1,1,0,0,21453.0,2,37.76157993,-122.42379996,3
2017,2017-06-08,1822,6,2,18,4,N,B,N,B,H,A,A,01,W,08,B,,,Y,,C,Y,N,A,1,0,0,1,22107.0,3,37.78668755,-122.41364571,4
2017,2017-06-24,1541,6,2,15,6,N,B,N,A,H,A,A,01,,08,C,,,,,E,N,N,D,1,0,0,0,22107.0,2,37.75732996,-122.49174,4
2017,2017-06-07,900,6,2,9,3,Y,A,N,A,H,A,A,01,,09,D,,,,,C,Y,N,A,1,0,0,0,21802.0,2,37.72942988,-122.41198995,4
2017,2017-06-24,1400,6,2,14,6,Y,A,N,A,H,A,A,01,,03,C,,,,,C,N,N,A,3,0,0,0,22350.0,3,37.79325,-122.39318994,4
2017,2017-06-30,920,6,2,9,5,Y,A,N,A,H,A,L,04,,12,H,,Y,,,G,N,N,A,1,0,1,0,21453.0,2,37.78273989,-122.40648992,3
2017,2017-06-18,1747,6,2,17,7,Y,A,N,A,H,A,A,01,,09,D,,,,,C,N,N,A,2,0,0,0,21802.0,2,37.75500994,-122.5012699,4
2017,2017-06-24,755,6,2,7,6,Y,-,N,A,H,A,A,01,,12,D,,,,,C,Y,N,A,2,0,0,0,21453.0,2,37.78081994,-122.4221,4
2017,2017-06-06,2110,6,2,21,2,Y,B,N,A,H,C,A,01,,09,D,,,,,C,Y,N,D,1,0,0,0,21802.0,4,37.7645499,-122.40642986,4
2017,2017-06-11,1158,6,2,11,7,Y,A,N,A,H,A,A,01,,10,G,Y,,,,B,N,N,A,1,1,0,0,21950.0,2,37.7522599,-122.41848989,4
2017,2017-06-23,2033,6,2,20,5,Y,A,N,A,H,A,A,01,,09,D,,,,,C,Y,N,A,1,0,0,0,21802.0,2,37.77547992,-122.50269991,4
2017,2017-06-29,940,6,2,9,4,Y,A,N,A,H,A,L,04,,08,B,,Y,,,G,N,N,A,1,0,1,0,22107.0,2,37.76517991,-122.41748986,4
2017,2017-06-17,2035,6,2,20,6,Y,A,N,A,H,B,A,01,,08,B,,,,,C,Y,F,D,3,0,0,0,22107.0,2,37.7925599,-122.39406989,4
2017,2017-06-23,1925,6,2,19,5,Y,-,N,A,H,A,L,04,,05,D,,Y,,,G,N,N,D,1,0,1,0,21650.0,2,37.77709999,-122.41046987,3
2017,2017-06-26,1740,6,2,17,1,N,A,N,A,H,A,N,60,S,11,G,Y,,,,B,N,N,D,1,1,0,0,21955.0,2,37.80479575,-122.43366163,4
2017,2017-06-24,1650,6,2,16,6,N,A,N,A,H,A,A,01,E,02,B,,Y,,,G,N,N,A,1,0,1,0,22400.0,3,,,4
2017,2017-06-23,1830,6,2,18,5,Y,A,N,A,H,A,A,01,,09,D,,,,,C,N,N,A,1,0,0,0,21802.0,2,37.78436995,-122.47425989,3
2017,2017-06-25,1655,6,2,16,7,Y,A,N,A,H,A,A,01,,09,B,,,,,J,N,N,A,1,0,0,0,21802.0,2,37.73016995,-122.38585992,4
2017,2017-06-29,1025,6,2,10,4,Y,B,N,A,H,A,-,,,09,D,,,,,C,N,N,A,1,0,0,0,21800.0,2,37.75091,-122.46645986,4
2017,2017-06-23,1656,6,2,16,5,Y,A,N,A,H,A,A,01,,08,B,,,,,C,N,F,A,1,0,0,0,22107.0,2,37.77766993,-122.44683987,4
2017,2017-06-24,1830,6,2,18,6,Y,A,N,A,H,A,A,01,,08,B,,,Y,,C,N,N,A,1,0,0,1,22107.0,2,37.74817992,-122.41814991,3
2017,2017-05-05,855,5,1,8,5,N,A,N,A,H,A,A,01,W,04,C,,,,,C,N,N,D,1,0,0,0,21703.0,2,37.76752602,-122.44390424,4
2017,2017-06-23,1405,6,2,14,5,N,A,N,A,H,A,C,02,E,06,B,,,Y,,C,N,N,A,1,0,0,1,21755.0,3,37.76344027,-122.41917225,3
2017,2017-06-22,1815,6,2,18,4,Y,A,N,A,H,A,A,01,,08,G,,Y,,,G,N,N,D,1,0,1,0,22101.0,2,37.77559998,-122.41869995,4
2017,2017-06-30,1149,6,2,11,5,N,A,N,A,C,A,L,04,S,00,G,Y,Y,,,B,N,N,D,1,1,0,0,72120.0,2,37.7801872,-122.47937235,3
2017,2017-06-29,1400,6,2,14,4,-,A,N,A,H,A,-,,,03,B,,Y,,,G,N,M,D,1,0,1,0,22350.0,2,37.78043875,-122.42504597,4
2017,2017-06-22,1521,6,2,15,4,Y,A,N,A,H,A,A,01,,09,D,,,,,C,Y,N,A,1,0,0,0,21453.0,2,37.78026997,-122.40339986,4
2017,2017-06-30,2200,6,2,22,5,N,B,N,A,H,C,A,01,N,03,C,,,,,C,Y,N,A,2,0,0,0,22350.0,3,37.80130412,-122.41161618,4
2017,2017-06-28,757,6,2,7,3,Y,A,N,A,H,A,A,01,,09,D,,,,,C,N,N,A,1,0,0,0,21802.0,2,37.74870991,-122.42366991,4
2017,2017-06-25,2156,6,2,21,7,Y,A,N,A,H,C,A,07,,12,D,,,,,C,Y,N,A,2,0,0,0,21453.0,2,37.74738996,-122.40361986,2
2017,2017-06-24,1810,6,2,18,6,Y,-,N,A,H,A,A,01,,04,C,,,Y,,C,N,N,A,2,0,0,1,21703.0,3,37.78496992,-122.41954986,4
2017,2017-06-25,1039,6,2,10,7,N,A,N,A,H,A,N,60,S,11,G,Y,,,,B,N,N,D,1,1,0,0,21954.0,2,37.74162861,-122.42354763,4
2017,2017-06-26,1700,6,2,17,1,Y,A,N,A,H,A,A,01,,09,D,,,,,C,N,N,A,1,0,0,0,21804.0,2,37.74037991,-122.38882994,4
2017,2017-06-17,1634,6,2,16,6,Y,A,N,A,H,A,A,01,,10,G,Y,,,,B,N,N,A,1,1,0,0,21950.0,2,37.78279991,-122.41403986,4
2017,2017-06-19,845,6,2,8,1,N,A,N,A,H,A,A,01,W,10,G,Y,,,,B,N,N,A,1,1,0,0,21950.0,2,37.76350935,-122.47822728,3
2017,2017-06-16,1755,6,2,17,5,N,A,N,A,H,A,-,,W,10,G,Y,,,,B,N,N,D,1,1,0,0,21950.0,2,37.75902765,-122.49513528,4
2017,2017-06-23,2020,6,2,20,5,Y,A,N,A,H,A,-,,,04,-,,,,,C,Y,N,A,1,0,0,0,21703.0,2,37.73609998,-122.39464997,4
2017,2017-06-15,1238,6,2,12,4,Y,A,N,A,H,A,L,04,,17,D,,Y,,,G,N,N,D,1,0,1,0,21208.0,2,37.76704994,-122.41326997,4
2017,2017-06-28,1255,6,2,12,3,N,A,N,A,H,A,A,01,W,03,B,,,,,E,Y,M,D,1,0,0,0,22350.0,2,37.71231517,-122.45942034,3
2017,2017-06-27,1638,6,2,16,2,Y,A,N,A,H,A,A,01,,08,D,,,,,C,N,N,A,1,0,0,0,22100.0,2,37.77553995,-122.42604993,4
2017,2017-06-12,846,6,2,8,1,N,A,N,A,H,A,A,07,W,17,H,,Y,,,G,N,N,D,1,0,1,0,22517.0,2,37.76840276,-122.41805864,3
2017,2017-06-20,34,6,2,0,2,Y,A,N,-,H,C,-,- ,,00,D,,,,,C,,N,A,1,0,0,0,,2,37.79034996,-122.42240999,4
2017,2017-06-25,2220,6,2,22,7,Y,A,N,A,H,C,L,04,,04,C,,Y,,,A,N,N,A,1,0,1,0,21703.0,2,37.79671994,-122.40840988,3
2017,2017-06-02,1030,6,2,10,5,Y,A,N,A,H,A,A,01,,10,G,Y,,,,B,N,N,A,2,2,0,0,21950.0,3,37.7863199,-122.47263988,3
2017,2017-06-25,2155,6,2,21,7,N,-,N,A,H,C,A,01,E,08,D,,,,,C,Y,N,A,2,0,0,0,22107.0,2,37.78567,-122.45921,3
2017,2017-06-27,230,6,2,2,2,Y,A,N,A,H,C,-,,,03,G,Y,,,,B,N,F,A,1,1,0,0,22350.0,2,37.76028989,-122.41810989,3
2017,2017-06-19,633,6,2,6,1,N,A,N,A,H,A,A,01,E,08,B,,,,,C,Y,N,A,1,0,0,0,22100.0,2,37.73179516,-122.42588068,4
2017,2017-06-27,239,6,2,2,2,Y,A,N,A,H,C,A,01,,12,D,,,,,C,N,N,A,1,0,0,0,21453.0,2,37.77656989,-122.39875995,4
2017,2017-06-12,1730,6,2,17,1,N,A,N,A,H,A,A,01,E,03,B,Y,,,,B,N,N,D,1,1,0,0,22350.0,3,,,4
2017,2017-06-26,2030,6,2,20,1,Y,A,N,A,H,B,A,01,,08,H,,,,,F,N,N,-,1,0,0,0,22101.0,2,37.80707992,-122.41725997,4
2017,2017-06-26,1820,6,2,18,1,N,A,N,A,H,A,A,01,S,03,C,,,,,C,Y,N,A,2,0,0,0,22350.0,2,37.77128895,-122.51103544,4
2017,2017-06-18,146,6,2,1,7,Y,A,N,A,H,C,A,01,,03,B,,,,,E,Y,N,A,1,0,0,0,22350.0,3,37.73476719,-122.42532134,4
2017,2017-06-12,715,6,2,7,1,Y,A,N,A,H,A,-,- ,,00,D,,Y,,,G,N,N,A,1,0,1,0,,2,37.806759,-122.412132,4
2017,2017-06-16,855,6,2,8,5,Y,A,N,A,H,A,-,- ,,03,-,,,,,A,N,N,A,1,0,0,0,22350.0,2,37.76679994,-122.41763986,4
2017,2017-06-01,1610,6,2,16,4,Y,A,N,A,H,A,L,04,,09,D,,Y,,,G,N,N,D,1,0,1,0,21801.0,2,37.76973993,-122.40496988,3
2017,2017-06-22,1452,6,2,14,4,N,A,N,A,H,A,A,01,S,04,C,,,,,C,N,N,D,1,0,0,0,21703.0,2,37.73872328,-122.42463782,4
2017,2017-06-27,1700,6,2,17,2,N,A,N,A,G,A,-,- ,W,- ,H,,Y,,,-,N,N,A,1,0,1,0,,1,37.7923054,-122.39756754,3
2017,2017-06-09,1952,6,2,19,5,N,A,N,A,H,A,J,48,S,03,E,,,,,J,Y,N,D,2,0,0,0,22350.0,1,37.76937153,-122.51077618,3
2017,2017-05-05,845,5,1,8,5,N,A,N,A,H,A,A,01,N,08,B,,Y,,,G,N,N,D,1,0,1,0,22107.0,2,37.76224281,-122.48347916,4
2017,2017-06-15,2115,6,2,21,4,Y,A,N,A,H,C,A,01,,09,D,,,Y,,C,N,N,A,1,0,0,1,21801.0,2,37.79098997,-122.41739993,4
2017,2017-06-09,2150,6,2,21,5,Y,A,N,A,H,C,A,01,,09,D,,,Y,,D,Y,N,A,1,0,0,1,21801.0,2,37.76944826,-122.41098315,2
2017,2017-07-16,929,7,2,9,7,Y,A,N,A,D,A,A,01,,12,D,,,,,C,Y,N,A,2,0,0,0,21453.0,2,37.77728997,-122.41967994,4
2017,2017-07-11,737,7,2,7,2,Y,A,N,A,H,A,A,01,,08,D,,Y,,,G,N,N,A,2,0,2,0,22107.0,3,37.77254998,-122.42261997,4