ACCIDENT_YEAR,COLLISION_DATE,COLLISION_TIME,MONTH,SEASON,24HOURS,DAY_OF_WEEK,INTERSECTION,WEATHER_1,STATE_HWY_IND,ROAD_SURFACE,ROAD_COND_1,LIGHTING,STWD_VEHTYPE_AT_FAULT,CHP_VEHTYPE_AT_FAULT,DIRECTION,PCF_VIOL_CATEGORY,TYPE_OF_COLLISION,PEDESTRIAN_ACCIDENT,BICYCLE_ACCIDENT,MOTORCYCLE_ACCIDENT,TRUCK_ACCIDENT,MVIW,TOW_AWAY,HIT_AND_RUN,CONTROL_DEVICE,NUMBER_INJURED,COUNT_PED_INJURED,COUNT_BICYCLIST_INJURED,COUNT_MC_INJURED,PCF_VIOLATION,PARTY_COUNT,POINT_Y,POINT_X,COLLISION_SEVERITY
2018,2018-01-08,1727,1,4,17,1,N,C,N,B,H,C,A,01,W,11,G,Y,,,,B,N,N,A,1,1,0,0,21950.0,2,37.77553939819336,-122.42606353759766,3
2018,2018-01-08,1208,1,4,12,1,N,C,N,A,H,A,A,01,N,10,G,Y,,,,B,N,N,A,1,1,0,0,21950.0,2,37.76831817626953,-122.41997528076172,4
2018,2018-01-08,915,1,4,9,1,Y,C,N,B,H,A,A,01,,04,C,,,,,C,N,N,A,1,0,0,0,21703.0,2,37.79917907714844,-122.39775848388672,4
2018,2018-01-08,900,1,4,9,1,Y,C,N,B,H,A,A,08,,10,G,Y,,,,B,N,N,A,1,1,0,0,21950.0,2,37.75210952758789,-122.42064666748048,4
2018,2018-02-01,157,2,4,1,4,Y,A,N,A,H,C,A,01,,12,D,,,,,C,Y,N,A,1,0,0,0,21453.0,2,37.75716018676758,-122.416748046875,4
2017,2017-12-21,2100,12,4,21,4,Y,A,N,-,H,C,-,- ,,00,G,Y,,,,B,N,F,A,1,1,0,0,,2,37.8019299,-122.41253999,3
2017,2017-12-30,1910,12,4,19,6,Y,-,N,-,-,-,A,01,,10,G,Y,,,,B,N,N,-,1,1,0,0,21950.0,2,37.7785,-122.40559986,4
2017,2017-10-23,1553,10,3,15,1,Y,A,N,A,H,A,A,01,,08,D,,,Y,,C,Y,N,A,1,0,0,1,22101.0,2,37.7792099,-122.41089991,3
2017,2017-12-16,1545,12,4,15,6,Y,A,N,A,H,A,-,,,00,G,Y,,,,B,N,N,A,1,1,0,0,24153.0,2,37.78677,-122.404581,4
2017,2017-12-31,2319,12,4,23,7,Y,A,N,A,H,C,A,01,,08,D,,,,,C,N,F,A,1,0,0,0,22101.0,2,37.78621995,-122.3989899,4
2017,2017-12-01,1349,12,4,13,5,Y,A,N,A,H,A,A,01,,12,B,,,,,C,N,N,A,2,0,0,0,21457.0,2,37.77177999,-122.42032998,4
2017,2017-12-14,1148,12,4,11,4,Y,A,N,A,H,A,A,01,,08,B,,,,,C,Y,N,D,1,0,0,0,22107.0,2,37.78601989,-122.41131997,4
2017,2017-12-06,1105,12,4,11,3,Y,A,N,-,H,A,A,01,,21,G,Y,,,,B,N,N,A,1,1,0,0,22106.0,2,37.7930999,-122.39653993,3
2017,2017-07-14,2140,7,2,21,5,Y,A,N,A,H,C,-,,,08,A,,,,,C,Y,N,A,2,0,0,0,22101.0,2,37.78503992,-122.42799999,4
2018,2018-01-10,1400,1,4,14,3,Y,A,Y,B,H,A,A,01,,03,C,,,,,C,N,N,D,1,0,0,0,22350.0,3,37.78619766235352,-122.39054107666016,4
2018,2018-01-24,1704,1,4,17,3,Y,A,N,B,H,C,A,01,,10,G,Y,,,,B,N,N,C,1,1,0,0,21950.0,2,37.76945114135742,-122.40619659423828,4
2018,2018-01-22,1752,1,4,17,1,N,A,N,A,H,C,L,04,W,00,D,,Y,,,G,N,M,D,1,0,1,0,21650.0,2,37.74932098388672,-122.41378784179688,4
2018,2018-01-17,2053,1,4,20,3,N,A,N,A,H,C,A,01,W,01,B,,,,,E,Y,N,D,1,0,0,0,23152.0,2,37.79240798950195,-122.44214630126952,3
2018,2018-01-13,1647,1,4,16,6,Y,A,N,A,H,A,-,- ,,00,E,,,,,I,N,N,D,1,0,0,0,,1,37.77797,-122.41812,4
2018,2018-01-09,1821,1,4,18,2,Y,A,N,A,H,C,L,04,,12,H,,Y,,,G,N,N,A,1,0,1,0,21453.0,2,37.78400039672852,-122.40805816650392,4
2018,2018-01-09,1532,1,4,15,2,Y,A,N,A,H,A,A,01,,12,D,,,,,C,N,N,A,1,0,0,0,22450.0,2,37.73651885986328,-122.39710235595705,4
2018,2018-01-19,1238,1,4,12,5,Y,B,N,B,H,A,A,01,,04,C,,,,,C,N,N,A,1,0,0,0,21703.0,2,37.7984504699707,-122.40222930908205,4
2018,2018-01-05,1909,1,4,19,5,Y,B,N,B,H,C,A,01,,10,G,Y,,,,B,N,N,A,1,1,0,0,21950.0,2,37.723140716552734,-122.43596649169922,4
2018,2018-01-07,1127,1,4,11,7,Y,B,N,A,H,A,L,04,,22,H,,Y,,,A,N,N,A,1,0,1,0,,1,37.7640380859375,-122.46631622314452,3
2018,2018-01-06,1155,1,4,11,6,N,A,N,A,H,A,-,,S,08,H,,,,,-,N,N,D,1,0,0,0,22102.0,1,37.80655288696289,-122.42052459716795,4
2018,2018-01-05,645,1,4,6,5,Y,C,N,B,H,C,A,07,,10,G,Y,,,,B,N,N,A,1,1,0,0,21950.0,2,37.78765106201172,-122.42852783203124,4
2018,2018-01-07,1833,1,4,18,7,Y,A,N,A,H,C,A,01,,12,D,,,,,C,N,N,A,3,0,0,0,22450.0,2,37.74023818969727,-122.3852996826172,4
2018,2018-01-01,842,1,4,8,1,Y,B,N,A,H,A,C,02,,03,D,,,Y,,C,Y,N,A,2,0,0,1,22350.0,2,37.77320861816406,-122.4701690673828,2
2018,2018-01-07,159,1,4,1,7,N,A,N,A,H,C,A,01,S,03,B,,,,,I,Y,N,D,1,0,0,0,22350.0,2,37.73508071899414,-122.42498779296876,4
2018,2018-01-09,2202,1,4,22,2,Y,A,N,A,H,C,A,01,,10,G,Y,,,,B,N,N,A,1,1,0,0,21950.0,2,37.78923034667969,-122.40860748291016,4
2018,2018-01-08,720,1,4,7,1,Y,B,N,B,H,A,-,- ,,00,B,,Y,,,G,N,N,A,1,0,1,0,,2,37.74811935424805,-122.42024993896484,4
2018,2018-01-12,1450,1,4,14,5,Y,A,N,A,H,A,A,01,,08,B,,,,,C,N,N,A,1,0,0,0,22100.0,2,37.74272918701172,-122.38800811767578,4
2018,2018-01-20,905,1,4,9,6,Y,A,N,A,H,A,C,02,,17,D,,,Y,,C,Y,N,A,1,0,0,1,21451.0,2,37.785598754882805,-122.41461181640624,4
2017,2017-12-09,1607,12,4,16,6,Y,A,N,A,H,A,-,- ,,09,E,,,,,C,N,N,D,1,0,0,0,21804.0,2,37.76558997,-122.41051998,3
2018,2018-01-22,2500,1,4,25,1,N,A,N,A,H,A,A,01,N,21,B,,,,,C,N,N,A,2,0,0,0,22106.0,2,37.7680778503418,-122.42679595947266,4
2018,2018-01-27,1721,1,4,17,6,N,A,N,A,H,C,A,01,,08,B,,,,,C,Y,N,D,2,0,0,0,22107.0,3,37.773858,-122.422357,4
2017,2017-07-16,110,7,2,1,7,N,A,N,A,H,C,J,43,N,22,H,,,,,A,N,N,A,1,0,0,0,,2,37.78729068,-122.41662831,4
2018,2018-02-25,1624,2,4,16,7,N,A,N,A,H,A,A,01,,21,C,,,,,C,Y,N,D,1,0,0,0,22106.0,2,37.8005485534668,-122.41594696044922,3
2018,2018-02-07,2215,2,4,22,3,Y,A,N,A,H,C,A,01,,09,A,,,,,C,Y,N,A,1,0,0,0,21801.0,2,37.772979736328125,-122.4459228515625,4
2018,2018-02-18,1540,2,4,15,7,N,A,N,A,H,A,A,01,N,07,E,,,,,I,Y,N,A,1,0,0,0,21658.0,1,37.726993560791016,-122.47503662109376,3
2018,2018-02-12,1322,2,4,13,1,N,A,N,A,H,A,A,01,S,06,B,,Y,,,G,N,F,A,1,0,1,0,21750.0,2,37.77901840209961,-122.40182495117188,4
2018,2018-02-18,2140,2,4,21,7,N,A,N,A,H,C,L,04,E,12,D,,Y,,,G,N,N,A,1,0,1,0,21453.0,2,37.74811935424805,-122.42023468017578,3
2018,2018-02-26,1132,2,4,11,1,Y,A,N,A,H,A,L,04,,07,B,,Y,,,G,N,N,A,1,0,1,0,21658.0,2,37.77677154541016,-122.40785217285156,4
2018,2018-02-13,2020,2,4,20,2,Y,A,N,A,H,C,C,02,,03,A,,,Y,,D,Y,N,A,1,0,0,1,22350.0,2,37.77428817749024,-122.45835113525392,4
2018,2018-02-13,1015,2,4,10,2,N,A,N,A,A,A,-,- ,N,18,G,Y,,,,B,N,N,D,1,1,0,0,,2,37.78482818603516,-122.39801788330078,4
2018,2018-05-20,2314,5,1,23,7,Y,A,N,A,H,C,A,01,,12,D,,,,,C,Y,N,A,5,0,0,0,21453.0,2,37.771728515625,-122.41692352294922,4
2017,2017-12-03,1724,12,4,17,7,N,-,N,-,-,-,-,- ,S,- ,-,,,,,-,N,N,-,1,0,0,0,,2,37.742366,-122.40575487,4
2018,2018-05-13,2233,5,1,22,7,-,A,N,A,H,C,N,60,,10,G,Y,,,,B,N,N,D,1,1,0,0,21954.0,2,37.729632,-122.379795,4
2018,2018-05-20,2030,5,1,20,7,Y,A,N,A,H,B,J,41,,00,D,,,,,C,N,N,A,1,0,0,0,21056.0,2,37.72719955444336,-122.46666717529295,4
2018,2018-04-30,2047,4,1,20,1,Y,A,N,A,H,C,A,01,,08,D,,,,,C,Y,M,A,1,0,0,0,22100.0,2,37.7315788269043,-122.4365234375,4
2018,2018-05-27,5,5,1,0,7,Y,A,N,A,H,C,A,01,,12,D,,,,,C,Y,N,A,3,0,0,0,21453.0,2,37.785171508789055,-122.41790008544922,4
2017,2017-11-12,1735,11,3,17,7,Y,A,N,A,H,C,A,01,,10,G,Y,,,,B,Y,N,A,1,1,0,0,21950.0,2,37.72156989,-122.4726699,4
2017,2017-11-18,1426,11,3,14,6,Y,A,N,A,H,A,A,01,,08,B,,,Y,,C,N,N,A,1,0,0,1,22100.0,2,37.78628997,-122.44659989,4
2017,2017-11-19,1815,11,3,18,7,Y,A,N,A,H,C,A,01,,03,D,,,,,D,Y,N,A,1,0,0,0,22350.0,3,37.80583996,-122.41193995,4
2017,2017-11-14,1854,11,3,18,2,Y,A,N,A,H,C,A,01,,03,C,,,Y,,C,,N,D,1,0,0,1,22350.0,2,37.76637996,-122.39783995,3
2017,2017-11-28,1750,11,3,17,2,Y,A,N,A,H,C,A,01,,10,D,,,,,C,Y,N,D,3,0,0,0,21950.0,2,37.72819992,-122.43501997,4
2017,2017-11-27,1327,11,3,13,1,Y,A,N,A,H,A,-,,,10,A,Y,,,,B,N,N,-,1,1,0,0,21950.0,2,37.71661996,-122.43874987,4
2017,2017-11-16,633,11,3,6,4,Y,C,N,B,H,C,A,01,,10,G,Y,,,,B,N,N,A,1,1,0,0,21950.0,2,37.77676989,-122.40784985,3
2018,2018-01-15,1240,1,4,12,1,N,A,N,A,H,A,N,60,N,11,G,Y,,,,B,N,N,D,1,1,0,0,21955.0,2,37.78575134277344,-122.45921325683594,3
2018,2018-01-24,1835,1,4,18,3,Y,C,N,B,H,D,C,03,,09,B,,,Y,,C,Y,N,A,1,0,0,1,21801.0,3,37.77532958984375,-122.4277114868164,4
2018,2018-01-20,1536,1,4,15,6,N,A,N,B,H,A,A,01,N,21,G,Y,,,,B,N,N,D,1,1,0,0,22106.0,2,37.787628173828125,-122.42345428466795,4
2018,2018-01-25,1933,1,4,19,4,Y,A,N,A,H,C,A,01,,03,D,,,,,C,Y,N,A,4,0,0,0,22350.0,2,37.7495002746582,-122.41063690185548,4
2018,2018-01-26,620,1,4,6,5,N,A,N,A,H,B,A,01,N,07,B,,,,,E,Y,N,D,1,0,0,0,21658.0,3,37.768287658691406,-122.42681884765624,3
2018,2018-01-03,1150,1,4,11,3,N,B,N,A,H,A,-,,N,10,G,Y,,,,B,N,N,A,1,1,0,0,21950.0,2,37.77315139770508,-122.43743133544922,4
2018,2018-01-04,1400,1,4,14,4,Y,C,N,B,H,A,A,01,,21,C,,Y,,,G,N,F,D,1,0,1,0,22106.0,2,37.76968,-122.42655,3
2018,2018-01-07,1556,1,4,15,7,Y,A,N,A,H,A,A,01,,09,D,,,,,C,Y,N,A,2,0,0,0,21453.0,2,37.73115921020508,-122.47213745117188,3
2018,2018-01-17,1824,1,4,18,3,Y,A,N,A,H,C,A,01,,10,G,Y,,,,B,N,N,C,1,1,0,0,21950.0,2,37.77534866333008,-122.39723205566406,4
2018,2018-02-01,2000,2,4,20,4,Y,A,N,A,H,C,A,01,,01,C,,Y,,,G,Y,N,D,1,0,1,0,23153.0,2,37.76224899291992,-122.41284942626952,3
2018,2018-02-18,1052,2,4,10,7,N,A,N,A,H,A,A,07,E,10,G,Y,,,,B,Y,N,A,1,1,0,0,21950.0,2,37.77724838256836,-122.45857238769533,3
2018,2018-02-14,449,2,4,4,3,Y,A,N,A,H,C,A,01,,08,D,,,,,C,Y,N,D,2,0,0,0,22107.0,2,37.74943923950195,-122.40283203125,4
2018,2018-02-13,835,2,4,8,2,N,A,N,A,H,A,A,01,S,17,H,,Y,,,G,N,N,A,1,0,1,0,22517.0,3,37.78884506225586,-122.39463806152344,2
2018,2018-02-27,607,2,4,6,2,N,A,N,A,H,A,A,01,N,03,B,,,,,C,Y,N,D,1,0,0,0,22350.0,5,37.78227996826172,-122.44786834716795,4
2018,2018-02-11,1739,2,4,17,7,N,A,N,A,H,A,A,08,E,01,C,,,,,E,Y,M,D,1,0,0,0,23152.0,2,37.7159309387207,-122.40589904785156,4
2018,2018-02-14,532,2,4,5,3,Y,A,N,A,H,C,F,26,,10,G,Y,,,Y,B,N,N,A,2,2,0,0,21950.0,3,37.78382110595703,-122.42106628417967,4
2018,2018-02-16,1955,2,4,19,5,Y,A,N,A,H,C,A,08,,09,D,,,,,C,Y,N,A,3,0,0,0,21802.0,2,37.716609954833984,-122.45610809326172,4
2018,2018-02-06,1238,2,4,12,2,Y,A,N,A,-,A,F,21,,04,C,,,,Y,C,N,N,D,1,0,0,0,21703.0,2,37.71311950683594,-122.4007568359375,4
2018,2018-02-06,1421,2,4,14,2,N,A,Y,A,H,A,A,01,,08,B,,,,Y,C,Y,N,D,1,0,0,0,22107.0,2,37.71975326538086,-122.3999252319336,4
2018,2018-02-02,1220,2,4,12,5,N,A,N,A,H,A,F,21,E,21,C,,,,Y,C,N,N,D,1,0,0,0,22106.0,2,37.78157806396485,-122.4089813232422,4
2018,2018-02-11,1516,2,4,15,7,Y,A,N,A,-,A,A,01,,17,B,,,,,J,N,N,D,1,0,0,0,22517.0,2,37.79631042480469,-122.41171264648438,4
2018,2018-02-20,2000,2,4,20,2,N,A,N,A,H,C,A,01,N,03,C,,,,,C,N,F,A,1,0,0,0,22350.0,2,37.75085067749024,-122.41617584228516,4
2018,2018-02-12,2150,2,4,21,1,Y,A,N,A,H,C,I,11,,10,G,Y,,,,B,N,N,A,1,1,0,0,21950.0,2,37.791858673095696,-122.3949737548828,3
2018,2018-02-22,651,2,4,6,4,Y,A,N,A,H,A,D,22,,09,A,,,,,C,Y,N,A,2,0,0,0,21453.0,2,37.73799896240234,-122.4069595336914,4
2018,2018-02-07,1522,2,4,15,3,Y,A,Y,A,H,A,D,22,,12,D,,,,,C,Y,N,A,2,0,0,0,21453.0,2,37.734642028808594,-122.47508239746094,3
2018,2018-02-15,1510,2,4,15,4,-,A,N,A,H,A,A,01,,03,C,,,,Y,C,Y,F,D,1,0,0,0,22350.0,3,37.72391891479492,-122.40204620361328,4
2018,2018-02-06,1222,2,4,12,2,Y,A,N,-,H,A,A,01,,09,D,,,,Y,C,Y,N,A,2,0,0,0,21802.0,2,37.782669067382805,-122.46977996826172,4
2018,2018-02-23,636,2,4,6,5,N,A,N,A,H,A,A,01,S,03,C,,,,,C,Y,N,A,1,0,0,0,22350.0,2,37.72745895385742,-122.40353393554688,4
2018,2018-02-04,2148,2,4,21,7,N,A,N,A,H,C,D,22,W,01,C,Y,,,,C,Y,F,A,3,1,0,0,23153.0,6,37.76979064941406,-122.42383575439452,2
2018,2018-02-23,1520,2,4,15,5,Y,A,N,A,H,A,N,60,,03,B,Y,,,,G,N,N,A,1,1,0,0,22350.0,2,37.80504,-122.40342,2
2018,2018-02-08,900,2,4,9,4,N,A,N,A,H,A,-,,N,08,B,,,Y,,C,N,F,-,1,0,0,1,22107.0,2,37.799415588378906,-122.39797973632812,4
2018,2018-02-12,320,2,4,3,1,N,A,N,A,H,C,D,22,E,17,G,Y,,,,B,N,F,D,1,1,0,0,21663.0,2,37.74228286743164,-122.42203521728516,4
2018,2018-02-02,828,2,4,8,5,Y,A,N,A,H,A,I,11,,08,D,,,Y,,C,N,N,A,1,0,0,1,22101.0,2,37.80110931396485,-122.42620086669922,4
2018,2018-02-15,26,2,4,0,4,Y,A,N,A,H,C,D,22,,09,D,,,,,C,Y,N,A,2,0,0,0,21802.0,2,37.752071380615234,-122.42160034179688,4
2018,2018-02-15,228,2,4,2,4,N,A,N,A,H,C,F,26,E,08,C,,,,Y,E,Y,F,D,1,0,0,0,22107.0,2,37.74699401855469,-122.39553833007812,4
2018,2018-02-28,800,2,4,8,3,Y,A,N,A,H,A,L,04,,03,A,,Y,,,G,N,N,A,1,0,1,0,22350.0,3,37.75788879394531,-122.38925170898438,2
2018,2018-02-12,1005,2,4,10,1,N,A,N,A,H,A,I,19,,00,E,,,,,I,N,N,D,1,0,0,0,21685.0,1,37.78157043457031,-122.49449920654295,4
2018,2018-02-26,1612,2,4,16,1,Y,A,N,A,H,A,D,22,,12,D,,Y,,,G,N,N,A,1,0,1,0,21453.0,2,37.77214813232422,-122.45240783691406,4
2018,2018-02-10,2333,2,4,23,6,Y,A,N,A,H,C,A,01,,03,E,,,,,I,Y,N,D,1,0,0,0,22350.0,1,37.72957992553711,-122.49353790283205,3
2018,2018-02-10,817,2,4,8,6,Y,A,N,A,H,A,A,01,,10,G,Y,,,,B,N,N,A,1,1,0,0,21950.0,2,37.74578857421875,-122.49842071533205,2
2018,2018-02-09,2144,2,4,21,5,N,A,N,A,H,C,L,04,S,17,B,,Y,,,G,N,N,A,1,0,1,0,21200.0,2,37.764514923095696,-122.4218521118164,4
2018,2018-02-06,1530,2,4,15,2,Y,A,N,A,H,A,-,- ,,00,-,,Y,,,A,N,N,A,1,0,1,0,,1,37.78322982788086,-122.40908050537108,3
2018,2018-02-04,2007,2,4,20,7,Y,A,N,A,H,B,A,01,,12,D,,Y,,,G,N,N,A,1,0,1,0,21453.0,2,37.78150939941406,-122.40493011474608,3
2018,2018-02-03,1320,2,4,13,6,Y,A,N,A,H,A,A,01,,10,G,Y,,,,B,N,N,D,1,1,0,0,21950.0,2,37.78313827514648,-122.46015167236328,3
2018,2018-02-27,1402,2,4,14,2,Y,A,N,A,H,A,A,01,,09,A,,,,,C,N,N,A,1,0,0,0,21801.0,2,37.76432037353516,-122.3889617919922,4
2017,2017-10-31,1348,10,3,13,2,N,A,N,A,H,A,A,01,S,03,C,,,,,C,N,N,A,1,0,0,0,22350.0,2,37.7829823,-122.41916067,4
2018,2018-02-28,952,2,4,9,3,Y,B,N,A,H,A,A,01,,09,D,,,,,C,N,N,A,1,0,0,0,21802.0,3,37.73072814941406,-122.40706634521484,4
2018,2018-02-06,1408,2,4,14,2,Y,A,N,A,H,A,-,,,03,A,,,,,E,N,F,D,1,0,0,0,22350.0,2,37.74380874633789,-122.40322113037108,4
2018,2018-02-06,1006,2,4,10,2,N,A,N,A,H,A,A,07,S,06,B,,Y,,,G,N,N,D,1,0,1,0,21760.0,2,37.729278564453125,-122.48567199707033,3
2018,2018-02-04,1806,2,4,18,7,N,A,N,A,H,C,L,04,N,03,B,,Y,,,G,N,N,D,1,0,1,0,22350.0,2,37.759662628173835,-122.43707275390624,2
2018,2018-02-03,2351,2,4,23,6,N,A,N,A,H,C,A,01,W,03,A,,,,,C,Y,M,A,1,0,0,0,22350.0,2,37.751739501953125,-122.40619659423828,4
2018,2018-02-03,157,2,4,1,6,Y,A,N,A,H,C,A,01,,12,D,,,,,C,Y,N,A,1,0,0,0,21453.0,2,37.775020599365234,-122.42259216308594,3
2018,2018-02-12,1859,2,4,18,1,N,A,N,A,H,C,A,01,S,09,D,,,,,C,Y,N,D,1,0,0,0,21801.0,2,37.774368286132805,-122.45458984375,4
2018,2018-02-04,1722,2,4,17,7,N,A,N,A,H,A,A,01,S,08,E,,,,,I,Y,F,A,1,0,0,0,22101.0,1,37.7872200012207,-122.39434051513672,4
2018,2018-02-04,1930,2,4,19,7,Y,A,N,A,H,C,L,04,,14,D,,Y,,,G,N,N,A,1,0,1,0,21201.0,2,37.720951080322266,-122.47537231445312,3
2017,2017-02-05,915,2,4,9,7,Y,A,N,A,H,A,A,01,,09,D,,,,,C,N,N,D,1,0,0,0,21801.0,2,37.76587994,-122.46749986,4
2018,2018-02-05,1956,2,4,19,1,Y,A,N,A,H,C,A,01,,10,G,Y,,,,B,N,F,A,1,1,0,0,21950.0,2,37.76165008544922,-122.47808837890624,2
2018,2018-02-05,2126,2,4,21,1,N,A,N,A,H,C,N,60,N,11,G,Y,,,,B,N,N,A,2,2,0,0,21950.0,3,37.77226257324219,-122.44578552246094,2
2018,2018-02-05,2138,2,4,21,1,N,A,N,A,H,C,L,04,N,- ,H,,Y,,,I,N,N,D,1,0,1,0,,1,37.76548767089844,-122.41970825195312,4
2018,2018-02-06,1323,2,4,13,2,N,A,N,A,H,A,N,60,E,11,G,Y,,,,B,N,N,D,1,1,0,0,21950.0,2,37.78841018676758,-122.3992919921875,3
2018,2018-02-02,1343,2,4,13,5,-,A,N,A,H,A,-,,N,07,B,,Y,,,G,N,N,D,1,0,1,0,21658.0,2,37.77508544921875,-122.51129913330078,3
2018,2018-02-02,1428,2,4,14,5,N,A,N,A,H,A,A,01,S,04,C,,,Y,,C,Y,N,A,5,0,0,4,21703.0,2,37.75603866577149,-122.42103576660156,4
2018,2018-02-02,2104,2,4,21,5,Y,A,N,A,H,C,A,01,,09,D,,,,,C,Y,N,A,2,0,0,0,21801.0,2,37.77217864990234,-122.49278259277344,4
2018,2018-02-03,12,2,4,0,6,N,A,N,A,H,C,-,- ,N,00,F,,Y,,,A,N,N,D,1,0,1,0,,1,37.761096954345696,-122.40120697021484,4
2018,2018-02-03,1030,2,4,10,6,Y,A,N,A,H,A,A,01,,09,D,,Y,,,G,N,N,A,1,0,1,0,21801.0,2,37.765449523925774,-122.41314697265624,4
2018,2018-02-15,1520,2,4,15,4,-,A,N,A,H,A,A,01,,03,C,,,,,E,Y,N,D,1,0,0,0,22350.0,4,37.76805114746094,-122.41338348388672,4
2018,2018-02-03,1505,2,4,15,6,N,A,N,A,H,A,L,04,W,00,B,,Y,,,G,N,M,D,1,0,1,0,20001.0,2,37.75229644775391,-122.41756439208984,4
2018,2018-02-26,1332,2,4,13,1,N,A,N,A,H,A,A,01,N,03,C,,,,,C,N,N,A,2,0,0,0,22350.0,3,37.76628112792969,-122.4306182861328,4
2018,2018-02-26,1746,2,4,17,1,Y,A,N,A,H,A,A,01,,12,D,,,,,C,Y,N,A,2,0,0,0,21453.0,3,37.773750305175774,-122.43245697021484,3
2018,2018-02-06,1320,2,4,13,2,Y,A,N,A,H,A,-,- ,,18,B,,,Y,,C,N,N,A,1,0,0,1,,2,37.7924690246582,-122.4345474243164,4
2018,2018-02-15,1052,2,4,10,4,N,A,N,A,H,A,A,01,N,05,H,,,,,I,Y,N,A,1,0,0,0,21651.0,1,37.7496223449707,-122.46037292480467,4
2018,2018-02-25,2145,2,4,21,7,Y,A,N,A,H,C,A,01,,09,D,,,Y,,C,Y,N,A,1,0,0,1,21801.0,2,37.76424026489258,-122.43314361572266,4
2018,2018-02-26,1450,2,4,14,1,N,B,N,A,H,A,A,01,S,03,B,,,,,E,Y,N,D,1,0,0,0,22350.0,2,37.79667282104492,-122.42372894287108,4
2018,2018-02-05,1625,2,4,16,1,Y,A,N,A,H,A,L,04,,15,-,,Y,,,-,,N,D,1,0,1,0,21201.0,1,37.71828079223633,-122.42587280273438,2
2018,2018-02-13,1310,2,4,13,2,N,A,N,A,H,A,N,60,,11,G,Y,,,,B,N,N,A,1,1,0,0,21955.0,2,37.73244857788086,-122.40561676025392,3
2018,2018-02-25,1135,2,4,11,7,Y,A,N,A,H,A,A,01,,12,D,,,,,C,Y,N,A,3,0,0,0,21453.0,2,37.79104995727539,-122.39913940429688,4
2018,2018-02-25,1712,2,4,17,7,N,A,N,A,H,A,A,01,W,10,G,Y,,,,B,N,N,A,1,1,0,0,21950.0,2,37.80029678344727,-122.44032287597656,3
2018,2018-02-05,1611,2,4,16,1,Y,A,N,A,H,A,-,- ,,18,D,,,,,E,Y,N,A,1,0,0,0,,2,37.7220115661621,-122.4292221069336,4
2018,2018-02-07,843,2,4,8,3,N,A,N,A,D,A,A,01,W,03,C,,Y,,,G,N,F,D,1,0,1,0,22350.0,2,37.77622985839844,-122.42805480957033,4
2018,2018-02-12,1530,2,4,15,1,N,A,N,A,H,A,-,,S,17,H,,Y,,,G,N,N,A,1,0,1,0,22517.0,2,37.78322982788086,-122.40264892578124,3
2018,2018-02-25,2350,2,4,23,7,N,A,N,A,H,C,N,60,S,11,G,Y,,,,B,N,N,D,1,1,0,0,21954.0,2,37.799930572509766,-122.4411392211914,4
2018,2018-02-01,1650,2,4,16,4,Y,A,N,A,H,A,A,01,,09,D,,Y,,,G,N,N,D,1,0,1,0,21801.0,2,37.781700134277344,-122.41890716552734,4
2018,2018-02-15,1118,2,4,11,4,Y,A,N,A,H,A,A,01,,08,-,,Y,,,G,N,N,A,1,0,1,0,22107.0,2,37.78438186645508,-122.4093017578125,4
2018,2018-02-14,1546,2,4,15,3,N,A,N,A,H,A,A,07,N,03,A,,,,,I,Y,N,A,1,0,0,0,22350.0,1,37.73403930664063,-122.49396514892578,3
2018,2018-02-23,1354,2,4,13,5,N,A,N,A,H,A,A,01,S,04,C,,,,,C,N,N,D,1,0,0,0,21703.0,2,37.76828384399414,-122.39728546142578,4
2018,2018-02-01,1151,2,4,11,4,Y,A,N,A,H,A,A,01,,03,D,,,,,C,Y,F,A,1,0,0,0,22350.0,2,37.77252960205078,-122.42716979980467,4
2018,2018-02-07,745,2,4,7,3,Y,A,N,A,H,A,A,01,,09,D,,,,,C,Y,N,A,3,0,0,0,21802.0,2,37.73426055908203,-122.49923706054688,4
2018,2018-02-12,1629,2,4,16,1,N,A,N,A,H,A,A,01,S,10,G,Y,,,,B,N,N,A,1,1,0,0,21952.0,2,37.77791595458984,-122.40486907958984,4
2018,2018-02-21,2200,2,4,22,3,N,A,N,A,H,C,A,01,W,04,C,,,,,C,Y,N,D,1,0,0,0,21703.0,2,37.788795471191406,-122.42709350585938,4