ACCIDENT_YEAR,COLLISION_DATE,COLLISION_TIME,MONTH,SEASON,24HOURS,DAY_OF_WEEK,INTERSECTION,WEATHER_1,STATE_HWY_IND,ROAD_SURFACE,ROAD_COND_1,LIGHTING,STWD_VEHTYPE_AT_FAULT,CHP_VEHTYPE_AT_FAULT,DIRECTION,PCF_VIOL_CATEGORY,TYPE_OF_COLLISION,PEDESTRIAN_ACCIDENT,BICYCLE_ACCIDENT,MOTORCYCLE_ACCIDENT,TRUCK_ACCIDENT,MVIW,TOW_AWAY,HIT_AND_RUN,CONTROL_DEVICE,NUMBER_INJURED,COUNT_PED_INJURED,COUNT_BICYCLIST_INJURED,COUNT_MC_INJURED,PCF_VIOLATION,PARTY_COUNT,POINT_Y,POINT_X,COLLISION_SEVERITY
2018,2018-04-06,2240,4,1,22,5,Y,C,N,B,H,C,-,99,,10,G,Y,,,,B,Y,F,A,1,1,0,0,21950.0,2,37.755569458007805,-122.41658782958984,4
2018,2018-04-17,812,4,1,8,2,N,A,N,A,H,A,N,60,E,11,D,Y,,,,B,N,N,D,1,1,0,0,21955.0,2,37.790164947509766,-122.39707183837892,2
2018,2018-04-21,1205,4,1,12,6,N,A,N,A,H,A,A,08,S,08,B,,,Y,,C,N,F,D,1,0,0,1,22107.0,2,37.75967788696289,-122.47682189941406,3
2018,2018-04-22,1424,4,1,14,7,Y,A,N,A,H,A,N,60,,11,G,Y,,,,B,N,N,A,1,1,0,0,21453.0,2,37.78047943115234,-122.41250610351562,3
2018,2018-04-07,1554,4,1,15,6,N,A,N,A,H,A,A,07,N,21,G,Y,,,,B,N,N,D,1,1,0,0,22106.0,2,37.754241943359375,-122.41863250732422,3
2018,2018-04-16,2054,4,1,20,1,N,B,N,A,H,C,A,01,N,03,B,,,,,C,Y,N,D,1,0,0,0,22350.0,4,37.73202133178711,-122.399169921875,4
2018,2018-04-01,1500,4,1,15,7,N,A,N,A,H,A,A,08,W,04,C,,,,,C,N,N,A,1,0,0,0,21703.0,2,37.726932525634766,-122.4750747680664,4
2018,2018-04-21,2235,4,1,22,6,Y,A,N,A,H,C,A,01,,12,D,Y,,,,C,Y,F,A,7,3,0,0,21453.0,7,37.76021957397461,-122.41921997070312,2
2018,2018-04-07,200,4,1,2,6,Y,C,N,B,H,C,N,60,,11,G,Y,,,,B,N,N,A,1,1,0,0,21954.0,2,37.78400039672852,-122.40805816650392,4
2018,2018-04-16,1750,4,1,17,1,N,A,N,A,H,A,A,01,E,11,G,Y,,,,G,N,N,A,1,1,0,0,21956.0,2,37.79344177246094,-122.40198516845705,4
2018,2018-04-01,206,4,1,2,7,N,A,N,A,H,C,A,01,S,03,C,,,,,C,N,M,A,1,0,0,0,22350.0,2,37.78455352783203,-122.39767456054688,4
2018,2018-04-19,1826,4,1,18,4,N,A,N,A,H,A,A,01,W,17,H,,Y,,,G,N,N,A,1,0,1,0,22517.0,2,37.76487350463867,-122.42244720458984,3
2018,2018-04-07,1731,4,1,17,6,Y,G,N,A,A,A,-,- ,,18,H,,Y,,,A,N,N,D,1,0,1,0,,1,37.77309,-122.38736,3
2018,2018-04-05,1030,4,1,10,4,N,B,N,A,H,A,A,01,E,21,B,,,,,C,N,N,D,2,0,0,0,22106.0,2,37.788379669189446,-122.43027496337892,4
2018,2018-04-16,1935,4,1,19,1,Y,B,N,A,H,A,L,04,,05,G,Y,Y,,,B,N,N,A,1,1,0,0,21650.0,2,37.75244903564453,-122.41517639160156,3
2018,2018-04-08,2150,4,1,21,7,Y,A,N,A,H,C,A,01,,10,D,Y,,,,B,N,F,A,1,1,0,0,21950.0,2,37.72523880004882,-122.4026107788086,2
2018,2018-04-16,211,4,1,2,1,N,C,N,B,H,C,A,01,W,03,A,,,,,I,Y,F,D,1,0,0,0,22350.0,1,37.73398208618164,-122.49453735351562,4
2018,2018-04-05,1000,4,1,10,4,Y,A,N,A,H,A,A,01,,03,C,,,,,C,N,N,A,2,0,0,0,22350.0,2,37.76919937133789,-122.40834045410156,4
2018,2018-04-14,1400,4,1,14,6,Y,A,N,A,H,A,A,01,,06,B,,,,,C,N,F,D,1,0,0,0,21750.0,2,37.74100875854492,-122.42283630371094,4
2018,2018-04-11,2125,4,1,21,3,Y,A,N,A,H,C,A,01,,21,G,Y,,,,B,N,N,D,1,1,0,0,22106.0,2,37.75054931640625,-122.41995239257812,3
2018,2018-04-15,2120,4,1,21,7,Y,A,N,B,H,C,A,01,,09,A,,,,,C,Y,N,A,1,0,0,0,21801.0,2,37.76604080200195,-122.47737884521484,4
2018,2018-04-04,1701,4,1,17,3,N,B,N,A,H,A,A,01,S,07,B,,Y,,,G,N,N,D,1,0,1,0,21658.0,2,,,4
2018,2018-04-12,1641,4,1,16,4,N,A,N,A,H,A,A,01,E,10,G,Y,,,,B,N,F,D,1,1,0,0,21952.0,2,37.76521301269531,-122.4169921875,3
2018,2018-04-03,1808,4,1,18,2,Y,A,N,A,H,A,A,01,,03,C,,,,,C,Y,N,A,2,0,0,0,22350.0,2,37.7765998840332,-122.47805786132812,4
2018,2018-04-07,2112,4,1,21,6,Y,A,N,A,H,C,A,01,,17,D,,,,,C,N,N,A,1,0,0,0,21451.0,2,37.73471832275391,-122.47512817382812,4
2018,2018-04-11,2200,4,1,22,3,-,A,N,B,H,C,A,01,,05,A,,,,,E,,N,D,1,0,0,0,21650.0,2,37.728533,-122.440679,4
2018,2018-04-11,1915,4,1,19,3,N,C,N,B,H,C,A,01,N,10,G,Y,,,,B,N,N,D,1,1,0,0,21950.0,2,37.72927474975586,-122.4323272705078,3
2018,2018-04-30,1440,4,1,14,1,Y,A,N,A,H,A,A,01,,12,B,,,,,C,N,N,A,1,0,0,0,22450.0,2,37.719341278076165,-122.45082855224608,4
2018,2018-04-07,1445,4,1,14,6,Y,A,N,A,H,A,A,01,,08,B,,,,,C,Y,N,A,2,0,0,0,22100.0,2,37.78807067871094,-122.42523956298828,4
2018,2018-04-15,720,4,1,7,7,Y,A,N,A,H,A,A,01,,09,A,,,,,C,Y,N,A,2,0,0,0,21801.0,2,37.80353164672852,-122.43003082275392,4
2018,2018-04-26,1501,4,1,15,4,Y,A,N,A,H,A,L,04,,12,A,,Y,,,G,N,N,A,1,0,1,0,22450.0,2,37.748779296875,-122.43607330322266,2
2018,2018-04-02,947,4,1,9,1,N,A,N,A,H,A,N,60,W,11,A,Y,,,,B,N,N,A,1,1,0,0,21950.0,2,37.78822326660156,-122.40885925292967,4
2018,2018-04-28,844,4,1,8,6,N,A,N,A,H,A,A,01,W,10,G,Y,,,,B,N,N,A,1,1,0,0,21950.0,2,37.78329849243164,-122.41753387451172,3
2018,2018-04-24,1551,4,1,15,2,-,A,N,A,H,A,L,04,,08,D,,Y,,,G,N,N,A,1,0,1,0,22107.0,2,37.785099029541016,-122.40347290039062,3
2018,2018-04-26,850,4,1,8,4,Y,A,N,A,H,A,A,01,,12,D,,Y,,,G,N,N,D,1,0,1,0,22450.0,2,37.74861907958984,-122.4249267578125,4
2018,2018-04-15,1621,4,1,16,7,Y,C,N,B,H,A,L,04,,03,F,,Y,,,A,N,N,A,1,0,1,0,22350.0,1,37.76723098754882,-122.43728637695312,4
2018,2018-04-27,845,4,1,8,5,Y,A,N,A,H,A,A,01,,12,D,,,,,C,N,N,A,1,0,0,0,21453.0,3,37.795318603515625,-122.42669677734376,4
2018,2018-04-07,722,4,1,7,6,Y,B,N,B,H,A,D,22,,10,A,Y,,,,B,N,N,A,1,1,0,0,21950.0,2,37.78256988525391,-122.41568756103516,4
2018,2018-04-27,2100,4,1,21,5,Y,A,N,A,H,C,A,01,,09,D,,,,,C,Y,N,A,1,0,0,0,21802.0,2,37.71524810791016,-122.40619659423828,4
2018,2018-04-27,2252,4,1,22,5,Y,A,N,A,H,C,A,01,,09,D,,,,,C,Y,N,A,1,0,0,0,21800.0,2,37.709178924560554,-122.45323944091795,4
2018,2018-04-13,930,4,1,9,5,N,A,N,A,H,A,A,01,E,09,D,,Y,,,G,N,N,D,1,0,0,0,21801.0,2,37.77044296264648,-122.45995330810548,3
2018,2018-04-09,1652,4,1,16,1,N,A,N,A,H,A,L,04,N,05,B,,Y,,,G,N,N,A,1,0,1,0,21651.0,2,37.769824981689446,-122.4177474975586,4
2018,2018-04-26,2327,4,1,23,4,N,A,N,A,H,C,A,01,N,05,A,,,,,E,Y,N,D,1,0,0,0,21650.0,4,37.7212028503418,-122.43421173095705,4
2018,2018-04-21,922,4,1,9,6,N,A,N,A,H,A,A,01,W,10,G,Y,,,,B,N,N,A,1,1,0,0,21950.0,2,37.779876708984375,-122.42190551757812,4
2018,2018-04-22,1507,4,1,15,7,Y,A,N,A,H,A,N,60,,00,H,Y,Y,,,-,,N,A,2,1,1,0,21461.0,2,37.795528411865234,-122.4032974243164,4
2018,2018-04-23,714,4,1,7,1,N,A,N,A,H,A,A,01,S,03,C,,,,,C,Y,N,A,2,0,0,0,22350.0,2,37.766616821289055,-122.4105987548828,4
2018,2018-04-25,1555,4,1,15,3,N,A,N,A,H,A,A,01,W,04,C,,,,,C,N,N,A,1,0,0,0,21703.0,2,37.774784088134766,-122.42443084716795,4
2018,2018-04-22,212,4,1,2,7,N,A,N,A,H,C,A,01,E,08,C,,,,,E,Y,N,D,2,0,0,0,22107.0,4,37.785377502441406,-122.40908813476562,3
2018,2018-04-26,1712,4,1,17,4,N,A,N,A,H,A,A,01,N,03,C,,,,,C,Y,N,A,4,0,0,0,22350.0,3,37.7486572265625,-122.47716522216795,3
2018,2018-04-23,1045,4,1,10,1,-,A,N,A,D,A,-,- ,N,00,C,,,,,C,N,N,A,1,0,0,0,,3,37.7859001159668,-122.41973876953124,4
2018,2018-04-21,1521,4,1,15,6,Y,A,N,A,H,A,A,01,,09,D,,,,,C,Y,N,A,2,0,0,0,21801.0,2,37.8060417175293,-122.41030120849608,4
2018,2018-04-19,2000,4,1,20,4,N,A,N,A,H,C,A,01,E,17,B,,Y,,,G,N,N,A,1,0,1,0,22517.0,2,37.77874755859375,-122.41471099853516,4
2018,2018-04-29,227,4,1,2,7,Y,A,N,B,H,C,-,- ,,00,D,,,,,C,N,N,A,2,0,0,0,,2,37.78704071044922,-122.40297698974608,3
2018,2018-04-19,1942,4,1,19,4,Y,A,N,A,H,B,A,01,,10,G,Y,,,,B,N,N,D,1,1,0,0,21950.0,2,37.77878952026367,-122.4103775024414,3
2018,2018-04-28,1951,4,1,19,6,N,A,N,A,H,B,L,04,W,03,H,,Y,,,-,N,N,D,1,0,1,0,22350.0,1,37.7750358581543,-122.40379333496094,3
2018,2018-04-28,1705,4,1,17,6,Y,A,N,A,H,A,A,01,,09,D,,,,,C,Y,N,D,1,0,0,0,21804.0,2,37.77944946289063,-122.40238189697266,3
2018,2018-04-18,1750,4,1,17,3,N,A,N,A,H,A,A,07,W,03,C,,,,,C,Y,F,D,2,0,0,0,22350.0,4,37.765769958496094,-122.469970703125,4
2018,2018-04-28,848,4,1,8,6,N,A,N,A,H,A,L,04,E,05,A,,Y,,,G,N,N,D,1,0,1,0,21651.0,2,37.75902938842773,-122.4484634399414,4
2018,2018-04-18,1708,4,1,17,3,N,A,N,A,H,A,A,01,S,10,G,Y,,,,B,N,N,A,1,1,0,0,21950.0,2,37.79109573364258,-122.40896606445312,4
2018,2018-04-27,1700,4,1,17,5,N,A,N,A,H,A,A,01,E,00,B,,,Y,,C,N,N,A,1,0,0,1,25168.0,2,37.796085357666016,-122.42008972167967,4
2018,2018-04-17,1520,4,1,15,2,N,A,N,A,H,A,A,01,E,07,B,,,,,C,N,N,D,1,0,0,0,21658.0,2,37.769813537597656,-122.42346954345705,4
2018,2018-04-27,1443,4,1,14,5,Y,A,N,A,H,A,A,01,,08,A,,,,,C,Y,N,D,1,0,0,0,22107.0,2,37.785991668701165,-122.45670318603516,4
2018,2018-04-23,50,4,1,0,1,N,A,N,A,H,C,A,01,S,07,B,,,,,E,Y,N,A,1,0,0,0,21658.0,2,37.76913070678711,-122.42229461669922,4
2018,2018-04-26,445,4,1,4,4,Y,A,N,A,H,C,-,- ,,00,D,,,,,C,Y,F,D,2,0,0,0,,2,37.71031951904297,-122.41040802001952,3
2018,2018-04-02,1902,4,1,19,1,N,A,N,A,H,A,L,04,S,12,D,,Y,,,-,N,F,A,1,0,1,0,21453.0,2,37.76155090332031,-122.42379760742188,4
2018,2018-04-26,2318,4,1,23,4,Y,A,N,A,H,C,A,01,,12,D,,,,,C,N,N,A,5,0,0,0,21453.0,2,37.78797149658203,-122.41847229003906,3
2018,2018-04-02,1133,4,1,11,1,Y,A,N,A,D,A,-,,,10,G,Y,,,,B,N,F,A,1,1,0,0,21950.0,2,37.79785919189453,-122.40699005126952,2
2018,2018-04-26,1700,4,1,17,4,Y,A,N,A,H,A,A,01,,09,D,,,,,C,Y,N,A,2,0,0,0,21801.0,2,37.78567123413086,-122.45921325683594,4
2018,2018-04-02,850,4,1,8,1,Y,A,N,A,H,A,A,01,,09,H,,Y,,,G,N,N,A,1,0,1,0,21802.0,2,37.76617813110352,-122.4605712890625,4
2018,2018-04-28,1100,4,1,11,6,Y,A,N,A,H,A,A,07,,03,C,,,,,C,N,F,A,1,0,0,0,22350.0,2,37.73482894897461,-122.4108428955078,4
2018,2018-04-25,1403,4,1,14,3,N,A,N,A,H,A,A,01,S,03,B,Y,,,,B,Y,N,A,3,2,0,0,22350.0,6,37.76816177368164,-122.4155731201172,3
2018,2018-04-27,1732,4,1,17,5,Y,A,N,A,H,A,A,08,,03,A,,,,,C,N,F,D,1,0,0,0,22350.0,2,,,4
2018,2018-04-20,2106,4,1,21,5,Y,A,N,A,H,C,A,01,,08,D,,,Y,,C,Y,F,A,1,0,0,1,22101.0,3,37.758148193359375,-122.44371795654295,4
2018,2018-04-11,1500,4,1,15,3,Y,A,N,A,H,A,A,01,,05,A,,,,,C,Y,N,A,1,0,0,0,21651.0,2,37.781841278076165,-122.39205932617188,3
2018,2018-04-07,2355,4,1,23,6,N,A,N,A,H,C,A,01,N,10,G,Y,,,,B,N,N,A,1,1,0,0,21950.0,2,37.77780532836913,-122.43836212158205,4
2018,2018-04-03,1215,4,1,12,2,Y,A,N,A,H,A,L,04,,03,B,,Y,,,G,N,N,A,1,0,1,0,22350.0,2,37.77790832519531,-122.4299087524414,4
2018,2018-04-28,1155,4,1,11,6,Y,A,N,B,H,A,-,- ,,18,E,,,,,I,Y,N,D,1,0,0,0,,1,37.76055908203125,-122.38758087158205,3
2018,2018-04-25,1730,4,1,17,3,Y,A,N,A,H,A,-,99,,10,G,Y,,,,B,N,F,D,1,1,0,0,21950.0,2,37.79679107666016,-122.43035125732422,4
2018,2018-04-24,1300,4,1,13,2,Y,A,N,A,-,A,C,02,,06,B,,Y,Y,,G,N,N,-,1,0,1,0,21750.0,2,37.78923034667969,-122.3951416015625,4
2018,2018-04-21,2010,4,1,20,6,Y,A,N,A,H,C,A,01,,10,G,Y,,,,B,N,N,A,1,1,0,0,21950.0,2,37.77848052978516,-122.41822052001952,4
2018,2018-04-06,1820,4,1,18,5,Y,B,N,B,H,A,A,01,,09,A,,Y,,,G,N,N,A,1,0,1,0,21801.0,2,37.80657958984375,-122.41378021240234,4
2018,2018-04-23,1752,4,1,17,1,N,A,N,A,D,A,A,01,E,17,B,,Y,,,G,,N,D,1,0,1,0,21209.0,2,37.783706665039055,-122.40215301513672,2
2018,2018-04-17,2252,4,1,22,2,N,A,N,A,H,C,A,08,E,01,E,,,Y,,I,Y,M,A,1,0,0,0,23152.0,2,37.774810791015625,-122.4241943359375,4
2018,2018-04-05,1612,4,1,16,4,-,A,N,A,H,A,A,01,,10,G,Y,,,,B,N,N,D,1,1,0,0,21950.0,2,37.72055,-122.481085,4
2018,2018-04-22,2200,4,1,22,7,Y,A,N,A,H,C,-,99,,12,D,,,,,C,N,F,A,1,0,0,0,21453.0,2,37.78934097290039,-122.41538238525392,4
2018,2018-03-28,625,3,1,6,3,Y,A,N,A,H,B,A,01,,12,D,,,,,C,Y,N,A,3,0,0,0,21453.0,3,37.77286911010742,-122.42221069335938,4
2018,2018-03-20,1803,3,1,18,2,Y,C,N,B,H,A,-,- ,,00,D,Y,,Y,,B,Y,N,D,2,1,0,1,,2,37.76274871826172,-122.4959716796875,2
2018,2018-04-20,1455,4,1,14,5,N,A,Y,A,H,A,A,07,S,03,C,,,,,C,N,N,D,1,0,0,0,22350.0,3,37.71000289916992,-122.47103881835938,4
2018,2018-04-12,2200,4,1,22,4,Y,A,Y,A,H,C,A,01,,10,H,,Y,,,G,N,N,A,1,0,1,0,21950.0,2,37.79573059082031,-122.42353057861328,4
2018,2018-04-07,1730,4,1,17,6,N,-,Y,-,-,-,D,22,N,00,-,,,,,-,N,F,-,2,0,0,0,20001.0,2,37.78766632080078,-122.47232055664062,4
2018,2018-04-13,1724,4,1,17,5,Y,A,Y,A,H,A,D,22,,10,G,Y,,,,B,N,N,A,1,1,0,0,21950.0,2,37.75611114501953,-122.47664642333984,3
2018,2018-04-21,1230,4,1,12,6,N,A,Y,A,A,A,-,- ,S,18,B,,,Y,,D,N,N,A,1,0,0,1,,2,37.80103302001953,-122.4245834350586,3
2018,2018-04-27,1530,4,1,15,5,Y,A,Y,A,H,A,A,01,,03,C,,,,,C,N,N,A,2,0,0,0,22350.0,3,37.77859878540039,-122.47211456298828,4
2018,2018-04-27,1809,4,1,18,5,Y,A,N,A,H,B,A,01,,10,G,Y,,,,B,N,F,D,1,1,0,0,21950.0,2,37.781768798828125,-122.40966796875,3
2018,2018-04-02,2311,4,1,23,1,Y,A,Y,A,H,C,A,01,,12,D,,,,,C,Y,N,A,4,0,0,0,21453.0,2,37.801074981689446,-122.4262237548828,3
2018,2018-04-05,1816,4,1,18,4,Y,B,Y,B,-,A,A,01,,03,E,,,Y,,D,Y,N,A,2,0,0,1,22350.0,2,37.79469299316406,-122.42311096191406,2
2018,2018-04-05,1620,4,1,16,4,N,B,Y,A,H,A,A,01,W,04,C,,,,,C,N,N,A,1,0,0,0,21703.0,2,37.80050277709961,-122.43140411376952,4
2018,2018-04-03,2007,4,1,20,2,Y,A,Y,A,H,C,A,01,,00,A,,,,,C,Y,N,A,2,0,0,0,21807.0,2,37.80413055419922,-122.42514801025392,4
2018,2018-04-03,407,4,1,4,2,N,A,Y,A,H,D,A,01,S,07,A,,,,,J,Y,N,D,1,0,0,0,21658.0,1,37.717376708984375,-122.49996948242188,4
2018,2018-04-20,1516,4,1,15,5,Y,A,Y,A,H,A,A,01,,17,H,,,Y,,C,N,N,A,1,0,0,1,22517.0,2,37.71975326538086,-122.3999252319336,4
2018,2018-04-14,1100,4,1,11,6,Y,A,N,A,H,A,A,01,,09,D,,,,,C,Y,N,D,2,0,0,0,21801.0,2,37.7371482849121,-122.44600677490234,4
2018,2018-03-31,2144,3,1,21,6,N,A,N,A,H,C,A,01,S,03,C,,,,,C,Y,N,A,3,0,0,0,22350.0,5,,,3
2018,2018-04-24,903,4,1,9,2,Y,A,N,A,G,A,-,,,10,G,,Y,,,G,N,N,A,1,0,1,0,21950.0,2,37.764381408691406,-122.3879165649414,4
2018,2018-04-11,1702,4,1,17,3,Y,B,N,A,H,B,A,01,,03,C,,,,,C,N,N,D,1,0,0,0,22350.0,2,37.722461700439446,-122.43650817871094,4
2018,2018-04-12,934,4,1,9,4,N,A,N,A,H,A,N,60,N,11,G,Y,,,,B,N,N,D,1,1,0,0,21954.0,2,37.77362060546875,-122.46697998046876,4
2018,2018-04-28,329,4,1,3,6,Y,A,N,A,H,C,A,01,,03,B,,,,,C,Y,F,A,3,0,0,0,22350.0,4,37.77956008911133,-122.43193817138672,4
2018,2018-04-04,1947,4,1,19,3,N,A,N,A,H,C,N,60,W,17,H,,Y,,,G,N,N,A,1,0,1,0,22517.0,4,37.78718185424805,-122.40406036376952,4
2018,2018-04-12,655,4,1,6,4,Y,A,N,A,H,A,A,01,,09,D,,,,,C,N,M,A,1,0,0,0,21801.0,2,37.77360916137695,-122.39942932128906,4
2018,2018-04-15,1433,4,1,14,7,Y,B,N,A,H,A,A,01,,03,C,,,,,C,N,N,A,2,0,0,0,22350.0,2,37.776851654052734,-122.47206115722656,3
2018,2018-04-16,130,4,1,1,1,Y,A,N,B,H,C,A,01,,01,A,,,,,I,Y,N,A,1,0,0,0,23152.0,1,37.72779846191406,-122.39331817626952,4
2018,2018-04-16,2200,4,1,22,1,N,A,N,A,C,C,A,01,W,08,D,,,Y,,C,N,N,A,1,0,0,1,22107.0,2,37.784793853759766,-122.40078735351562,3
2018,2018-05-03,1938,5,1,19,4,N,A,N,A,H,A,-,,S,06,B,,,,,C,N,N,D,1,0,0,0,21750.0,2,37.7915267944336,-122.42592620849608,4
2018,2018-05-10,1624,5,1,16,4,Y,A,N,A,H,A,-,,,08,B,,,,,C,Y,N,A,1,0,0,0,22100.0,2,37.765979766845696,-122.43100738525392,4
2018,2018-02-01,1130,2,4,11,4,Y,A,N,A,-,A,A,01,,03,C,,,,,C,Y,N,A,1,0,0,0,22350.0,2,37.73799896240234,-122.4069595336914,4
2018,2018-05-29,1208,5,1,12,2,N,A,N,A,-,A,A,01,E,09,D,,,,,C,Y,N,A,1,0,0,0,21802.0,2,,,4
2018,2018-04-28,923,4,1,9,6,Y,A,N,A,H,A,-,- ,,00,H,,Y,,,A,N,N,A,1,0,1,0,,1,37.80218124389648,-122.4128875732422,3
2018,2018-02-13,1330,2,4,13,2,N,A,N,A,H,A,C,06,N,10,G,Y,,Y,,B,N,N,A,1,1,0,0,21950.0,2,37.73665618896485,-122.49413299560548,2
2018,2018-05-24,1458,5,1,14,4,N,A,N,A,H,A,N,60,W,11,G,Y,,,,B,N,N,A,1,1,0,0,21456.0,2,37.783939361572266,-122.40813446044922,3
2018,2018-05-18,755,5,1,7,5,N,B,N,B,H,A,A,01,W,08,B,,,,,A,N,N,A,2,0,0,0,22107.0,2,37.787506103515625,-122.40699005126952,3
2018,2018-05-17,1630,5,1,16,4,Y,A,N,A,H,A,A,07,,08,B,,,,,C,N,M,D,1,0,0,0,22107.0,2,37.7481803894043,-122.41815185546876,4
2018,2018-05-27,1739,5,1,17,7,N,A,N,A,H,A,A,01,E,17,B,,,,,E,N,N,D,1,0,0,0,22517.0,2,37.78521728515625,-122.4033203125,4
2018,2018-05-28,1051,5,1,10,1,N,A,N,A,H,A,M,94,N,05,C,,,,,C,N,N,A,1,0,0,0,21460.0,2,37.80586624145508,-122.42037963867188,4
2018,2018-05-22,1604,5,1,16,2,N,B,N,A,H,A,M,94,E,09,D,,,,,C,,N,D,1,0,0,0,21804.0,2,,,4
2018,2018-02-07,1124,2,4,11,3,N,A,N,A,H,A,A,01,E,17,B,,,,,E,N,N,D,1,0,0,0,22517.0,2,37.71190643310546,-122.41594696044922,4
2018,2018-05-20,1211,5,1,12,7,Y,A,N,A,H,A,A,01,,03,A,,,,,C,Y,N,D,3,0,0,0,22350.0,3,37.751739501953125,-122.40619659423828,4
2018,2018-05-16,1822,5,1,18,3,N,A,N,A,H,A,D,22,N,03,C,,,,,C,N,N,A,1,0,0,0,22350.0,2,37.768775939941406,-122.39101409912108,4
2018,2018-05-18,29,5,1,0,5,N,A,N,A,H,C,N,60,W,11,D,Y,,,,B,N,N,D,1,1,0,0,21954.0,2,37.7798957824707,-122.41201782226562,4
2018,2018-05-16,1410,5,1,14,3,N,A,N,A,H,A,A,01,S,17,B,,,,,C,N,N,D,1,0,0,0,22517.0,2,,,4
2018,2018-05-10,915,5,1,9,4,Y,A,N,A,H,A,-,,,10,G,Y,,,,B,N,N,A,1,1,0,0,21950.0,2,37.78609085083008,-122.39295959472656,3
2018,2018-05-02,1741,5,1,17,3,Y,A,N,A,H,A,-,,,08,D,,,Y,,C,Y,N,A,1,0,0,1,22100.0,2,37.789100646972656,-122.43218994140624,2
2018,2018-05-26,1426,5,1,14,6,Y,A,N,A,H,A,A,01,,12,D,,,,,C,Y,N,A,3,0,0,0,21453.0,2,37.78015899658203,-122.4847412109375,3
2018,2018-05-07,1444,5,1,14,1,N,A,N,A,H,A,D,22,W,08,B,,,,,C,Y,N,D,1,0,0,0,22107.0,2,37.73460388183594,-122.43910980224608,4
2018,2018-04-02,444,4,1,4,1,N,A,N,A,H,C,D,22,E,09,F,,,,,E,Y,N,D,1,0,0,0,21804.0,4,37.78742980957031,-122.40763092041016,4
2018,2018-05-25,1135,5,1,11,5,N,B,N,A,H,A,F,27,N,08,B,,,,Y,C,Y,N,D,1,0,0,0,22107.0,2,37.77637481689453,-122.41489410400392,4
2018,2018-05-31,1540,5,1,15,4,N,A,N,A,H,A,A,01,W,08,G,,,,,E,,N,A,1,0,0,0,22107.0,2,37.771278381347656,-122.47406768798828,4
2018,2018-05-19,2130,5,1,21,6,N,A,N,A,H,C,-,- ,W,18,A,,,,,I,Y,N,A,2,0,0,0,,1,37.732643127441406,-122.38428497314452,3
2018,2018-05-07,1730,5,1,17,1,Y,A,N,A,H,A,N,60,,11,D,Y,,,,B,N,N,A,1,1,0,0,21954.0,2,37.775428771972656,-122.50376892089844,3
2018,2018-05-09,1955,5,1,19,3,Y,A,N,A,H,B,A,01,,01,B,,,,,E,Y,F,D,1,0,0,0,23152.0,4,37.716146,-122.495406,4
2018,2018-05-31,2315,5,1,23,4,Y,A,N,A,H,C,A,07,,10,G,Y,,,,B,N,N,A,1,1,0,0,21950.0,2,37.748268127441406,-122.41368103027344,4
2018,2018-05-29,1052,5,1,10,2,Y,A,N,A,H,A,A,01,,09,C,,,,,C,N,N,A,3,0,0,0,21802.0,2,37.72518157958984,-122.43444061279295,4
2018,2018-05-26,1112,5,1,11,6,-,A,N,A,H,C,A,01,,01,C,,,,,E,Y,N,A,1,0,0,0,23152.0,4,37.729624,-122.38824,3
2018,2018-05-27,1331,5,1,13,7,Y,A,N,A,H,A,A,01,,12,D,,,,,C,Y,N,A,3,0,0,0,21453.0,3,37.78619003295898,-122.42484283447266,4
2018,2018-05-13,1606,5,1,16,7,Y,A,N,A,H,A,A,01,,10,G,Y,,,,B,N,F,A,1,1,0,0,21950.0,2,37.79246139526367,-122.40589141845705,3
2018,2018-05-24,1645,5,1,16,4,N,A,N,A,H,A,A,01,W,03,C,,,,,E,Y,N,D,1,0,0,0,22350.0,3,37.77456665039063,-122.48157501220705,2
2018,2018-05-20,2217,5,1,22,7,Y,A,N,A,H,C,-,- ,,08,B,,,,,D,N,F,D,1,0,0,0,22107.0,2,37.7907600402832,-122.3901596069336,3
2018,2018-05-02,2100,5,1,21,3,Y,A,N,A,H,B,A,01,,10,G,Y,,,,B,N,N,A,1,1,0,0,21950.0,2,37.79758834838867,-122.43894958496094,4
2018,2018-05-20,200,5,1,2,7,Y,A,N,A,H,C,-,- ,,00,B,,,,,C,N,N,A,1,0,0,0,,2,37.78382110595703,-122.42106628417967,4