ACCIDENT_YEAR,COLLISION_DATE,COLLISION_TIME,MONTH,SEASON,24HOURS,DAY_OF_WEEK,INTERSECTION,WEATHER_1,STATE_HWY_IND,ROAD_SURFACE,ROAD_COND_1,LIGHTING,STWD_VEHTYPE_AT_FAULT,CHP_VEHTYPE_AT_FAULT,DIRECTION,PCF_VIOL_CATEGORY,TYPE_OF_COLLISION,PEDESTRIAN_ACCIDENT,BICYCLE_ACCIDENT,MOTORCYCLE_ACCIDENT,TRUCK_ACCIDENT,MVIW,TOW_AWAY,HIT_AND_RUN,CONTROL_DEVICE,NUMBER_INJURED,COUNT_PED_INJURED,COUNT_BICYCLIST_INJURED,COUNT_MC_INJURED,PCF_VIOLATION,PARTY_COUNT,POINT_Y,POINT_X,COLLISION_SEVERITY
2018,2018-07-22,2150,7,2,21,7,Y,A,N,A,H,C,A,01,,03,D,,,,,C,Y,N,A,1,0,0,0,22350.0,2,37.76144027709961,-122.42616271972656,4
2018,2018-07-22,2210,7,2,22,7,Y,A,N,A,H,C,A,01,,09,D,,Y,,,G,N,F,A,1,0,1,0,21801.0,2,37.75690841674805,-122.4210968017578,3
2018,2018-07-23,1344,7,2,13,1,Y,A,N,A,H,A,A,01,,10,G,Y,,,,B,N,N,D,1,1,0,0,21950.0,2,,,4
2018,2018-07-12,1035,7,2,10,4,Y,A,N,A,H,A,-,- ,,00,B,,,,,C,N,N,A,2,0,0,0,,2,37.77021026611328,-122.44535064697266,4
2018,2018-07-03,817,7,2,8,2,Y,A,N,A,H,A,A,01,,04,C,,,,,C,N,N,A,1,0,0,0,21703.0,2,37.7422103881836,-122.49452972412108,4
2018,2018-07-01,1903,7,2,19,7,N,A,N,A,H,A,A,01,S,08,B,,Y,,,G,N,F,D,1,0,1,0,22107.0,2,37.76950073242188,-122.41780853271484,4
2018,2018-07-23,1234,7,2,12,1,Y,A,N,A,H,A,A,01,,09,D,,,Y,,C,N,N,A,1,0,0,1,21801.0,2,37.78516006469727,-122.4330825805664,3
2018,2018-07-24,933,7,2,9,2,Y,A,N,A,H,A,N,60,,10,G,Y,Y,,,B,N,N,D,1,1,0,0,21950.0,2,37.78020095825195,-122.39108276367188,3
2018,2018-07-04,1536,7,2,15,3,Y,A,N,A,E,A,-,,,21,C,,,,,C,N,N,D,3,0,0,0,22106.0,2,37.731775,-122.383244,4
2018,2018-07-21,1637,7,2,16,6,N,A,Y,A,H,A,-,,E,04,C,,,,,C,N,N,D,1,0,0,0,21703.0,2,37.800384521484375,-122.43231964111328,4
2018,2018-07-23,140,7,2,1,1,Y,A,N,A,H,C,L,04,,03,H,,Y,,,-,N,N,A,1,0,1,0,22350.0,1,37.79170989990234,-122.41924285888672,3
2018,2018-07-11,2313,7,2,23,3,Y,A,Y,A,H,A,A,01,,07,E,,,,,I,Y,N,A,1,0,0,0,21658.0,1,37.79935073852539,-122.43979644775392,4
2018,2018-07-08,2247,7,2,22,7,Y,A,Y,A,H,C,A,01,,08,D,,Y,,,G,N,F,A,1,0,1,0,22101.0,2,37.78195571899414,-122.42073059082033,2
2018,2018-07-13,940,7,2,9,5,Y,B,Y,A,D,A,C,03,,06,D,,,Y,,C,N,N,A,1,0,0,1,21755.0,2,37.79483413696289,-122.4231414794922,3
2018,2018-07-11,915,7,2,9,3,Y,A,Y,A,H,A,C,02,,- ,-,,,Y,,C,N,N,-,1,0,0,1,,1,37.71168518066406,-122.47128295898438,4
2018,2018-04-11,2123,4,1,21,3,N,A,N,B,H,C,A,01,,01,B,,,,,E,Y,N,D,1,0,0,0,23152.0,3,37.74898910522461,-122.41922760009766,4
2018,2018-05-28,1305,5,1,13,1,N,A,N,A,H,A,L,04,E,09,D,,Y,,,G,Y,N,D,1,0,1,0,21804.0,2,37.746131896972656,-122.39398956298828,2
2018,2018-08-08,2200,8,2,22,3,N,E,N,B,H,C,D,22,W,01,A,,,,,C,Y,N,D,3,0,0,0,23152.0,3,37.77254867553711,-122.48464965820312,3
2018,2018-08-16,1600,8,2,16,4,Y,A,N,A,H,A,M,96,,03,C,,,,,C,N,F,A,1,0,0,0,22350.0,2,37.783809661865234,-122.45906829833984,4
2018,2018-08-14,840,8,2,8,2,N,B,N,-,G,A,-,- ,E,00,G,Y,,,,B,N,M,A,1,1,0,0,,2,37.78463363647461,-122.40724182128906,3
2018,2018-08-16,840,8,2,8,4,N,A,N,A,H,A,F,26,W,09,D,,,,Y,C,Y,N,D,1,0,0,0,21804.0,2,37.76593017578125,-122.46643829345705,4
2018,2018-08-02,2020,8,2,20,4,Y,A,N,A,H,B,A,01,,08,F,,,,,C,Y,N,A,1,0,0,0,22107.0,2,37.72494888305664,-122.4612274169922,4
2018,2018-08-25,2255,8,2,22,6,Y,A,N,A,H,C,A,01,,01,E,,,,,I,Y,M,A,1,0,0,0,23152.0,1,37.786319732666016,-122.47264099121094,4
2018,2018-08-02,1954,8,2,19,4,Y,A,N,A,H,B,C,02,,03,F,,,Y,,A,N,N,A,1,0,0,1,22350.0,1,37.78017807006836,-122.4076690673828,3
2018,2018-08-04,1640,8,2,16,6,N,A,N,A,H,A,C,02,,03,B,,,Y,,E,Y,N,D,1,0,0,1,22350.0,2,37.70867156982422,-122.46929168701172,3
2018,2018-08-02,820,8,2,8,4,Y,B,N,A,H,A,L,04,,12,D,,Y,,,G,N,N,A,1,0,1,0,21453.0,2,37.771289825439446,-122.40543365478516,3
2018,2018-06-16,1034,6,2,10,6,Y,A,N,A,H,A,A,07,,09,E,,,,,I,Y,N,A,1,0,0,0,21801.0,2,37.74393081665039,-122.42275238037108,4
2018,2018-08-02,1608,8,2,16,4,Y,A,N,A,H,A,A,01,,10,D,,,,,J,N,N,A,1,0,0,0,21950.0,2,37.771831512451165,-122.4016571044922,4
2018,2018-08-25,1843,8,2,18,6,N,A,N,A,H,A,L,04,N,03,-,,Y,,,A,N,N,D,1,0,1,0,22350.0,1,37.80527114868164,-122.40374755859376,2
2018,2018-08-02,2220,8,2,22,4,N,A,N,A,H,C,C,02,W,06,D,,,Y,,D,N,N,D,1,0,0,1,21755.0,2,37.78263092041016,-122.47084808349608,4
2018,2018-08-24,1530,8,2,15,5,N,A,N,A,H,A,A,01,N,03,C,,,,,C,N,N,A,1,0,0,0,22350.0,2,37.75308609008789,-122.40632629394533,4
2018,2018-08-03,621,8,2,6,5,Y,B,N,A,H,A,A,01,,10,G,Y,,,,B,N,N,A,1,1,0,0,21950.0,2,37.78736114501953,-122.40821075439452,4
2018,2018-08-25,900,8,2,9,6,Y,B,N,A,H,A,A,01,,09,D,,,,,C,N,N,A,1,0,0,0,21801.0,2,37.78807830810546,-122.4404525756836,4
2018,2018-08-03,1300,8,2,13,5,Y,A,N,A,H,A,-,,,04,B,,Y,,,G,N,F,A,1,0,1,0,21703.0,2,37.8081283569336,-122.40908050537108,4
2018,2018-08-06,115,8,2,1,1,Y,A,N,A,-,D,A,01,,03,A,,,,,I,Y,N,A,2,0,0,0,22350.0,1,37.769718170166016,-122.4177703857422,3
2018,2018-08-03,1522,8,2,15,5,Y,A,N,A,H,A,L,04,,12,D,,Y,,,G,N,N,A,1,0,1,0,22450.0,2,37.77653884887695,-122.47913360595705,2
2018,2018-08-05,2212,8,2,22,7,N,A,N,A,H,C,-,99,W,12,-,Y,,,,B,N,F,A,1,1,0,0,21453.0,2,37.784889221191406,-122.41284942626952,4
2018,2018-08-05,1659,8,2,16,7,N,A,N,A,H,A,C,02,W,03,C,,,Y,,E,N,N,D,1,0,0,1,22350.0,2,37.7835807800293,-122.43854522705078,3
2018,2018-08-14,1102,8,2,11,2,Y,B,N,A,H,A,A,01,,21,G,Y,,,,B,N,N,D,1,1,0,0,22106.0,2,37.752708435058594,-122.41094207763672,4
2018,2018-08-04,2327,8,2,23,6,Y,A,N,A,D,B,A,01,,12,D,,,,,C,Y,F,A,1,0,0,0,21453.0,2,37.801319122314446,-122.4245834350586,4
2018,2018-08-13,1513,8,2,15,1,N,A,N,A,H,A,A,01,N,04,C,,,,,C,Y,F,D,1,0,0,0,21703.0,2,37.77511978149414,-122.44634246826172,4
2018,2018-08-04,1710,8,2,17,6,N,A,N,A,H,A,A,01,W,08,D,,,,,C,N,N,A,2,0,0,0,22107.0,2,37.756214141845696,-122.4739990234375,4
2018,2018-08-14,845,8,2,8,2,Y,B,N,B,H,A,A,01,,09,A,,,,,C,Y,N,D,2,0,0,0,21801.0,2,37.77154159545898,-122.50669097900392,4
2018,2018-08-03,2030,8,2,20,5,Y,A,N,A,H,C,A,01,,09,D,,Y,,,G,N,F,A,1,0,1,0,21801.0,2,37.74811935424805,-122.42024993896484,3
2018,2018-08-14,1612,8,2,16,2,N,A,N,A,H,A,A,01,N,03,G,Y,,,,B,Y,F,D,1,1,0,0,22350.0,3,37.7832145690918,-122.42254638671876,4
2018,2018-08-03,1237,8,2,12,5,Y,A,N,A,H,A,A,08,,08,D,,,,,C,Y,N,D,2,0,0,0,22107.0,2,37.73323822021485,-122.38343048095705,4
2018,2018-08-09,1434,8,2,14,4,Y,A,N,A,H,A,-,,,09,D,,,,,C,Y,N,A,1,0,0,0,21801.0,2,37.781620025634766,-122.43067169189452,4
2018,2018-08-04,1933,8,2,19,6,Y,A,N,A,H,A,A,01,,10,G,Y,,,,B,N,N,A,1,1,0,0,21950.0,2,37.77000045776367,-122.44692230224608,4
2018,2018-08-05,1152,8,2,11,7,Y,A,N,A,H,A,A,01,,08,G,,Y,,,G,N,N,A,1,0,1,0,22107.0,2,37.80676,-122.41213,4
2018,2018-08-04,1500,8,2,15,6,N,A,N,A,H,A,A,01,N,07,B,,,Y,,C,N,N,D,1,0,0,1,21658.0,2,37.76350021362305,-122.4352798461914,4
2018,2018-08-12,1522,8,2,15,7,N,A,N,A,H,A,A,01,N,08,B,,,,,C,Y,N,D,1,0,0,0,22102.0,2,37.7559700012207,-122.41879272460938,4
2018,2018-08-04,43,8,2,0,6,Y,A,N,A,H,C,-,- ,,01,H,Y,,,,C,Y,F,A,4,1,0,0,23153.0,3,37.755718231201165,-122.41439056396484,4
2018,2018-08-16,1515,8,2,15,4,Y,A,N,A,H,A,A,01,,04,C,,,,,C,N,F,A,2,0,0,0,21703.0,2,37.75210952758789,-122.42064666748048,4
2018,2018-08-06,2247,8,2,22,1,Y,A,N,A,-,C,A,01,,12,A,,,,,C,Y,F,A,4,0,0,0,21453.0,2,37.77402114868164,-122.42070770263672,4
2018,2018-08-07,1911,8,2,19,2,Y,A,N,A,H,A,A,01,,09,A,,,,,C,Y,N,D,1,0,0,0,21802.0,3,37.78485870361328,-122.46563720703124,4
2018,2018-08-01,850,8,2,8,3,Y,F,N,B,H,A,A,01,,05,A,,,Y,,E,Y,F,-,1,0,0,1,21650.0,2,37.71141052246094,-122.4319076538086,4
2018,2018-08-15,955,8,2,9,3,N,A,N,A,H,A,A,01,W,09,D,,,,,C,N,N,D,1,0,0,0,21804.0,2,37.71125411987305,-122.44831085205078,4
2018,2018-08-05,1015,8,2,10,7,N,A,N,A,H,A,A,01,E,08,D,,,Y,,C,N,N,D,1,0,0,1,22100.0,2,37.79001998901367,-122.4099578857422,4
2018,2018-08-02,1845,8,2,18,4,Y,A,N,A,H,A,N,60,,10,G,Y,,,,B,N,N,D,1,1,0,0,21954.0,2,37.71318054199219,-122.4560775756836,3
2018,2018-07-17,925,7,2,9,2,Y,A,N,A,H,A,-,,,09,B,,,,,C,N,N,A,1,0,0,0,21801.0,2,37.79631042480469,-122.41171264648438,3
2018,2018-07-01,1123,7,2,11,7,Y,B,N,A,H,A,L,04,,05,D,,Y,,,G,N,N,A,1,0,1,0,21650.0,2,37.781768798828125,-122.40966796875,4
2018,2018-07-01,1303,7,2,13,7,Y,A,N,A,H,A,-,,,03,C,Y,,,,E,N,N,A,1,1,0,0,22350.0,5,37.79016876220703,-122.40879058837892,4
2018,2018-07-08,512,7,2,5,7,Y,B,N,A,H,B,A,01,,03,F,,,,,E,Y,N,A,1,0,0,0,22350.0,3,37.77449035644531,-122.48323822021484,4
2018,2018-07-10,751,7,2,7,2,Y,A,N,A,H,A,A,07,,12,C,,,,,C,Y,N,A,4,0,0,0,21453.0,3,37.779949188232415,-122.45584869384766,4
2018,2018-07-27,1725,7,2,17,5,Y,A,N,A,H,A,C,06,,12,D,,,Y,,C,Y,N,A,3,0,0,2,21453.0,2,37.74298095703125,-122.3884506225586,4
2018,2018-07-13,1420,7,2,14,5,Y,A,N,A,H,A,A,01,,03,C,,,Y,,C,Y,N,A,2,0,0,1,22350.0,3,37.76483917236328,-122.40157318115234,3
2018,2018-07-11,1030,7,2,10,3,-,A,N,A,H,A,-,,,17,B,,Y,,,G,N,N,A,1,0,1,0,22517.0,2,37.791858673095696,-122.3949737548828,3
2018,2018-07-01,409,7,2,4,7,-,A,N,A,-,C,-,- ,,12,D,,,,,C,N,N,A,1,0,0,0,21453.0,2,37.7846794128418,-122.3978271484375,4
2018,2018-07-08,1720,7,2,17,7,N,A,N,A,A,A,A,01,,10,G,Y,,,,B,N,N,D,1,1,0,0,21950.0,2,37.776470184326165,-122.42626190185548,4
2018,2018-07-28,222,7,2,2,6,N,-,N,A,H,C,A,01,W,01,C,,,,,C,N,N,D,2,0,0,0,23153.0,2,37.78300476074219,-122.39372253417967,4
2018,2018-07-21,1320,7,2,13,6,Y,A,Y,D,G,A,I,10,,16,E,,,,,I,Y,N,D,1,0,0,0,24002.0,2,37.71975326538086,-122.3999252319336,4
2018,2018-08-28,1508,8,2,15,2,N,A,N,A,H,A,E,22,E,21,C,,,,,E,N,N,D,1,0,0,0,22106.0,2,37.78475189208984,-122.4138412475586,4
2018,2018-08-21,1226,8,2,12,2,Y,B,N,A,H,A,N,60,,11,G,Y,,,,B,N,N,A,1,1,0,0,21955.0,2,37.78144073486328,-122.41715240478516,4
2018,2018-08-07,1421,8,2,14,2,Y,B,N,A,D,A,-,,,05,D,,,,,J,N,N,D,1,0,0,0,21651.0,2,37.72010040283203,-122.44512939453124,3
2018,2018-08-15,1608,8,2,16,3,Y,A,N,A,H,A,A,07,,04,C,,,,,C,Y,N,A,1,0,0,0,21703.0,3,37.736629486083984,-122.49413299560548,4
2018,2018-08-15,1700,8,2,17,3,Y,A,N,A,H,A,A,07,,08,D,,,,,C,N,N,A,1,0,0,0,22107.0,5,37.779460906982415,-122.40442657470705,4
2018,2018-08-01,1519,8,2,15,3,N,A,N,A,H,A,A,01,S,08,C,,,,Y,E,,F,D,3,0,0,0,22107.0,3,37.72826766967773,-122.384765625,4
2018,2018-08-08,2110,8,2,21,3,Y,A,N,A,A,C,D,22,,03,C,,,,,C,Y,N,A,1,0,0,0,22350.0,3,37.748329162597656,-122.41053771972656,4
2018,2018-08-31,1929,8,2,19,5,Y,A,N,A,H,A,-,,,04,C,,,,,C,Y,N,A,1,0,0,0,21703.0,2,37.79573059082031,-122.42350006103516,4
2018,2018-08-20,1025,8,2,10,1,N,A,N,A,H,A,A,07,E,03,C,,,,,C,Y,N,A,2,0,0,0,22350.0,3,37.71453475952149,-122.48231506347656,4
2018,2018-08-23,2251,8,2,22,4,N,A,N,A,H,D,A,01,N,01,E,,,,,I,Y,N,D,2,0,0,0,23152.0,2,37.71253204345703,-122.49002075195312,2
2018,2018-08-22,1740,8,2,17,3,Y,A,N,A,H,A,A,01,,09,D,,,,,C,Y,N,A,1,0,0,0,21801.0,2,37.773380279541016,-122.46588134765624,4
2018,2018-08-09,813,8,2,8,4,Y,A,N,A,H,A,A,01,,12,D,,,,,C,Y,N,A,1,0,0,0,21453.0,3,37.79359817504882,-122.4045867919922,4
2018,2018-08-22,735,8,2,7,3,N,B,N,A,H,B,A,01,E,10,D,,Y,,,G,N,N,A,1,0,1,0,21950.0,2,37.76617813110352,-122.46055603027344,4
2018,2018-08-28,1220,8,2,12,2,N,A,N,A,H,A,A,01,N,04,C,,,,,C,N,N,A,1,0,0,0,21703.0,2,37.78180313110352,-122.4307098388672,4
2018,2018-08-21,2008,8,2,20,2,N,A,N,A,H,C,-,- ,N,00,G,Y,,,,B,N,N,A,1,1,0,0,,2,37.77403259277344,-122.3874969482422,4
2018,2018-08-29,2242,8,2,22,3,Y,A,N,A,H,C,A,01,,01,D,,,,,C,Y,F,D,1,0,0,0,23152.0,3,37.79782104492188,-122.39965057373048,4
2018,2018-08-20,2123,8,2,21,1,Y,A,N,A,H,C,N,60,,11,G,Y,,,,B,N,N,A,1,1,0,0,21453.0,2,37.786109924316406,-122.41811370849608,3
2018,2018-08-29,1856,8,2,18,3,Y,A,N,A,H,A,L,04,,12,D,,Y,,,G,N,N,A,1,0,1,0,22450.0,2,37.75590133666992,-122.4809112548828,4
2018,2018-08-24,1805,8,2,18,5,N,A,N,A,H,A,-,,W,17,-,,Y,,,G,N,N,A,1,0,1,0,22517.0,3,37.775386810302734,-122.3938217163086,4
2018,2018-08-28,1731,8,2,17,2,Y,A,N,A,H,A,C,03,,07,B,,,Y,,C,N,N,A,1,0,0,1,21658.0,2,37.79045867919922,-122.41390228271484,3
2018,2018-08-24,1004,8,2,10,5,N,A,N,A,H,A,A,07,W,07,C,,,,,C,,N,D,1,0,0,0,21658.0,2,37.78572845458984,-122.44353485107422,4
2018,2018-08-29,1315,8,2,13,3,Y,A,N,A,H,A,-,- ,,00,H,,,Y,,A,N,N,D,1,0,0,1,,1,37.75278091430664,-122.42295074462892,4
2018,2018-08-23,2247,8,2,22,4,N,A,N,A,H,C,A,01,W,08,D,,,Y,,C,,N,D,2,0,0,2,22100.0,2,37.79872131347656,-122.44513702392578,4
2018,2018-08-29,830,8,2,8,3,N,A,N,A,H,A,N,60,S,12,G,Y,,,,B,N,M,A,1,1,0,0,22450.0,2,37.79952621459961,-122.40125274658205,4
2018,2018-08-23,2035,8,2,20,4,Y,A,N,A,H,C,A,01,,10,G,Y,,,,B,N,N,A,1,1,0,0,21950.0,2,37.719341278076165,-122.45082855224608,4
2018,2018-08-28,1752,8,2,17,2,Y,A,N,A,H,A,A,01,,09,D,,,Y,,C,Y,N,A,1,0,0,1,21801.0,2,37.75238037109375,-122.4162826538086,2
2018,2018-08-11,1530,8,2,15,6,Y,A,N,A,H,A,-,,,08,D,,,,,C,Y,N,A,4,0,0,0,22101.0,3,37.73117065429688,-122.42619323730467,4
2018,2018-08-26,945,8,2,9,7,Y,B,N,A,H,A,A,01,,12,A,,,,,C,Y,N,A,1,0,0,0,21453.0,2,37.798858642578125,-122.44487762451172,4
2018,2018-08-29,1810,8,2,18,3,N,A,N,A,G,A,L,04,W,12,B,,Y,,,G,N,N,A,1,0,1,0,21453.0,2,37.7822380065918,-122.41030120849608,4
2018,2018-08-08,5,8,2,0,3,Y,A,N,A,H,C,A,01,,12,D,,,,,C,N,F,-,1,0,0,0,22450.0,2,37.7586784362793,-122.41796112060548,4
2018,2018-08-31,1731,8,2,17,5,N,A,N,A,H,A,A,08,S,15,G,Y,,,,B,N,N,D,1,1,0,0,26451.0,3,37.7603645324707,-122.4360580444336,4
2018,2018-08-08,1019,8,2,10,3,-,A,N,A,H,A,A,01,,03,A,,,,,C,Y,N,A,3,0,0,0,22350.0,3,37.741979,-122.406054,4
2018,2018-08-31,1430,8,2,14,5,Y,A,N,A,H,A,N,60,,12,G,Y,,,,B,N,N,A,1,1,0,0,21453.0,2,37.76089096069336,-122.43499755859376,4
2018,2018-08-03,220,8,2,2,5,Y,A,N,A,H,C,A,01,,12,D,,,,,C,Y,F,A,2,0,0,0,21453.0,2,37.78889846801758,-122.40366363525392,4
2018,2018-08-31,1351,8,2,13,5,N,A,N,A,H,A,A,01,E,07,B,,,,,E,N,N,A,1,0,0,0,21658.0,2,37.729095458984375,-122.39234924316406,4
2018,2018-08-05,1645,8,2,16,7,N,A,N,A,H,A,C,02,E,04,C,,,Y,,C,N,N,A,1,0,0,1,21703.0,2,37.79269027709961,-122.40431213378906,3
2018,2018-08-31,1256,8,2,12,5,N,A,N,A,H,A,G,55,N,00,B,,,,Y,E,N,N,D,1,0,0,0,24002.0,2,37.73888397216797,-122.4043197631836,4
2018,2018-08-29,1245,8,2,12,3,Y,A,N,A,H,A,C,03,,06,B,,,Y,,C,N,N,A,1,0,0,1,21750.0,2,37.77750015258789,-122.41632843017578,2
2018,2018-08-31,1752,8,2,17,5,Y,A,N,A,H,A,A,01,,10,G,Y,,,,B,N,F,B,1,1,0,0,21950.0,2,37.720611572265625,-122.40505981445312,4
2018,2018-08-28,2117,8,2,21,2,Y,A,N,A,H,C,A,01,,12,D,,,,,C,Y,N,A,1,0,0,0,22450.0,2,37.73152160644531,-122.45339965820312,4
2018,2018-08-31,1311,8,2,13,5,Y,A,N,A,H,A,A,01,,10,G,Y,,,,B,N,N,A,1,1,0,0,21950.0,2,37.788768768310554,-122.40199279785156,2
2018,2018-08-23,1650,8,2,16,4,Y,A,N,A,H,A,A,01,,10,G,Y,,,,B,N,N,A,1,1,0,0,21950.0,2,37.7752799987793,-122.41590881347656,4
2018,2018-08-12,1430,8,2,14,7,Y,A,N,A,H,A,A,01,,00,G,Y,,,,B,N,F,A,1,1,0,0,22016.0,2,37.78099822998047,-122.41309356689452,4
2018,2018-08-15,1602,8,2,16,3,Y,A,N,A,H,A,-,- ,,00,D,,Y,,,G,N,N,D,1,0,1,0,,2,37.79386138916016,-122.43820190429688,4
2018,2018-08-12,1749,8,2,17,7,N,A,N,A,H,A,A,01,W,05,A,Y,,,,C,N,N,D,3,1,0,0,21650.0,3,37.727088928222656,-122.38876342773438,3
2018,2018-08-15,1725,8,2,17,3,N,A,N,A,H,A,N,60,S,11,G,Y,,,,B,N,N,D,1,1,0,0,21954.0,2,37.76001739501953,-122.502685546875,4
2018,2018-08-12,2306,8,2,23,7,Y,A,N,A,H,C,A,01,,09,D,,,,,C,,N,A,1,0,0,0,21802.0,2,37.76568984985352,-122.47180938720705,4
2018,2018-08-16,1310,8,2,13,4,Y,A,N,A,H,A,A,01,,03,A,,Y,,,C,Y,N,A,3,0,1,0,22350.0,5,37.7822380065918,-122.41030120849608,4
2018,2018-08-13,815,8,2,8,1,Y,A,N,A,H,A,L,04,,- ,H,,Y,,,G,N,N,A,1,0,1,0,,1,37.78765869140625,-122.40345764160156,4
2018,2018-08-16,1944,8,2,19,4,-,A,N,A,-,A,N,60,,11,G,Y,,,,B,N,N,A,1,1,0,0,21954.0,2,37.786759,-122.416537,3
2018,2018-08-13,1241,8,2,12,1,Y,A,N,A,H,A,A,01,,07,B,,,Y,,C,Y,N,A,1,0,0,1,21658.0,2,37.775001525878906,-122.41316223144533,4
2018,2018-08-17,940,8,2,9,5,N,A,N,A,H,A,A,01,S,03,F,,,,,A,Y,N,A,1,0,0,0,22350.0,1,37.75565719604492,-122.50934600830078,4
2018,2018-08-18,708,8,2,7,6,Y,A,N,A,H,A,A,01,,12,D,,,,,C,N,N,A,2,0,0,0,21453.0,2,37.79418182373047,-122.40016174316406,4
2018,2018-08-19,1511,8,2,15,7,Y,A,N,A,H,A,A,01,,08,D,,,,,C,Y,N,D,1,0,0,0,22100.0,2,37.80857849121094,-122.41249847412108,4
2018,2018-08-19,1714,8,2,17,7,N,A,N,A,H,A,A,01,E,06,B,,Y,,,G,Y,F,A,1,0,1,0,21750.0,2,37.76194763183594,-122.4369888305664,3
2018,2018-08-16,1601,8,2,16,4,Y,A,N,A,H,A,A,01,,00,A,,,,,D,Y,N,A,3,0,0,0,22017.0,2,37.78083038330078,-122.46965789794922,3
2018,2018-08-08,2334,8,2,23,3,Y,A,N,B,H,C,A,01,,03,A,,,,,I,Y,N,A,1,0,0,0,22350.0,1,37.71464157104492,-122.4853286743164,3
2018,2018-08-22,935,8,2,9,3,Y,A,N,A,H,A,C,02,,17,H,,Y,Y,,G,N,N,A,1,0,1,0,22517.0,2,37.75769805908203,-122.40775299072266,3
2018,2018-08-07,1210,8,2,12,2,Y,A,N,A,H,A,A,01,,17,B,,Y,,,G,N,N,A,1,0,1,0,22517.0,2,37.794239044189446,-122.39325714111328,3
2018,2018-08-23,120,8,2,1,4,N,A,N,A,H,C,-,- ,E,03,G,Y,,,,C,Y,N,D,2,1,0,0,22350.0,2,37.74170684814453,-122.39453125,2
2018,2018-08-09,1812,8,2,18,4,N,A,N,A,H,A,-,- ,,00,H,,Y,,,-,,N,D,1,0,1,0,,1,37.75210952758789,-122.42064666748048,4
2018,2018-08-21,551,8,2,5,2,Y,A,N,A,H,C,A,01,,05,G,Y,,,,B,N,F,D,1,1,0,0,21651.0,2,37.7532615661621,-122.40242004394533,4
2018,2018-08-09,2028,8,2,20,4,N,A,N,A,H,C,A,01,E,01,G,Y,,,,B,Y,F,D,1,1,0,0,23153.0,4,37.781936645507805,-122.42061614990234,4
2018,2018-08-08,1034,8,2,10,3,Y,A,N,A,H,A,A,07,,09,D,,,,,C,N,N,A,3,0,0,0,21800.0,2,37.77045822143555,-122.4433364868164,4
2018,2018-08-17,1540,8,2,15,5,N,A,N,A,H,A,-,- ,N,12,H,Y,Y,,,-,N,F,A,1,1,0,0,21453.0,2,37.78881072998047,-122.40193939208984,3
2018,2018-08-09,2058,8,2,20,4,N,A,N,A,H,C,A,01,W,17,G,Y,,,,B,N,N,A,1,1,0,0,21461.0,2,37.77792739868164,-122.3922882080078,4
2018,2018-08-11,1531,8,2,15,6,Y,A,N,A,H,A,-,- ,,18,E,,,,,I,Y,N,A,1,0,0,0,,1,37.7363395690918,-122.41668701171876,3
2018,2018-08-20,800,8,2,8,1,Y,B,N,A,H,A,A,01,,10,G,Y,,,,B,N,N,A,1,1,0,0,21950.0,2,37.78596115112305,-122.45696258544922,4
2018,2018-08-20,920,8,2,9,1,Y,B,N,A,H,A,A,01,,12,D,,,,,C,Y,N,A,2,0,0,0,22450.0,3,37.76525115966797,-122.48155975341795,4
2018,2018-08-10,1535,8,2,15,5,Y,A,N,A,H,A,A,01,,10,G,Y,,,,B,N,N,A,1,1,0,0,21950.0,2,37.78923034667969,-122.3951416015625,4
2018,2018-08-14,1020,8,2,10,2,Y,A,N,A,H,A,L,04,,08,C,,Y,,,C,N,N,A,1,0,1,0,22107.0,2,37.77920913696289,-122.41089630126952,4
2018,2018-08-10,2308,8,2,23,5,Y,A,N,A,H,C,-,,,12,D,,,,,C,Y,F,A,1,0,0,0,21453.0,2,37.748638153076165,-122.4760513305664,4
2018,2018-08-14,637,8,2,6,2,N,B,N,B,B,A,C,03,S,03,E,,,Y,,J,N,N,D,1,0,0,1,22350.0,1,37.73779678344727,-122.42516326904295,4
2018,2018-08-21,730,8,2,7,2,N,A,N,A,H,A,A,01,N,08,B,,,Y,,C,N,F,D,1,0,0,1,22107.0,2,37.79734802246094,-122.39618682861328,4
2018,2018-08-11,1455,8,2,14,6,Y,A,N,A,H,A,A,01,,09,-,,,,,D,N,N,A,1,0,0,0,21802.0,2,37.78430938720703,-122.47537231445312,4