ACCIDENT_YEAR,COLLISION_DATE,COLLISION_TIME,MONTH,SEASON,24HOURS,DAY_OF_WEEK,INTERSECTION,WEATHER_1,STATE_HWY_IND,ROAD_SURFACE,ROAD_COND_1,LIGHTING,STWD_VEHTYPE_AT_FAULT,CHP_VEHTYPE_AT_FAULT,DIRECTION,PCF_VIOL_CATEGORY,TYPE_OF_COLLISION,PEDESTRIAN_ACCIDENT,BICYCLE_ACCIDENT,MOTORCYCLE_ACCIDENT,TRUCK_ACCIDENT,MVIW,TOW_AWAY,HIT_AND_RUN,CONTROL_DEVICE,NUMBER_INJURED,COUNT_PED_INJURED,COUNT_BICYCLIST_INJURED,COUNT_MC_INJURED,PCF_VIOLATION,PARTY_COUNT,POINT_Y,POINT_X,COLLISION_SEVERITY
2018,2018-08-14,1050,8,2,10,2,Y,A,N,A,H,A,L,04,,09,A,,Y,,,G,N,N,D,1,0,1,0,21804.0,2,37.743770599365234,-122.39842224121094,3
2018,2018-08-21,540,8,2,5,2,Y,B,N,B,H,C,-,,,03,C,,Y,,,G,N,F,D,1,0,1,0,22350.0,2,37.75609970092773,-122.42104339599608,2
2018,2018-08-14,1515,8,2,15,2,N,A,N,A,H,A,A,08,W,07,B,Y,,Y,,D,Y,F,D,1,0,0,1,21658.0,3,37.76502990722656,-122.48691558837892,3
2018,2018-08-30,915,8,2,9,4,N,A,N,A,H,A,-,,E,- ,-,,Y,,,-,N,N,-,1,0,1,0,,2,37.78641128540039,-122.39874267578124,3
2018,2018-08-11,1600,8,2,16,6,N,A,N,A,H,A,M,94,W,06,B,,,,,C,N,N,D,1,0,0,0,21755.0,2,37.782936096191406,-122.46467590332033,3
2018,2018-08-15,1500,8,2,15,3,Y,A,N,A,H,A,A,01,,09,D,,,,,C,Y,N,A,3,0,0,0,21800.0,2,37.72819900512695,-122.43502044677734,4
2018,2018-08-01,1118,8,2,11,3,Y,B,N,A,H,A,A,01,,09,D,,,,,C,Y,N,D,1,0,0,0,21804.0,2,37.76189041137695,-122.41826629638672,4
2018,2018-08-01,1250,8,2,12,3,N,A,N,A,H,A,A,01,S,09,D,,,,,C,N,N,A,2,0,0,0,21801.0,2,37.77289962768555,-122.47669982910156,4
2018,2018-08-23,800,8,2,8,4,Y,A,N,A,H,A,C,03,,06,D,,,Y,,C,N,N,A,1,0,0,1,21750.0,2,37.77967071533203,-122.4235382080078,4
2018,2018-08-01,1818,8,2,18,3,N,A,N,A,H,A,A,01,E,03,B,,,,,E,N,N,D,1,0,0,0,22350.0,2,37.7415771484375,-122.40264892578124,4
2018,2018-08-23,1140,8,2,11,4,N,A,N,A,H,A,A,08,E,03,C,,,,,C,N,N,A,2,0,0,0,22350.0,2,37.71156311035156,-122.4636459350586,4
2018,2018-08-02,822,8,2,8,4,Y,B,N,A,H,A,C,03,,09,D,,,Y,,C,N,N,D,1,0,0,1,21802.0,2,37.75088119506836,-122.42736053466795,4
2018,2018-08-02,834,8,2,8,4,N,A,N,A,H,A,L,04,W,03,B,,Y,,,G,N,N,D,1,0,1,0,22350.0,2,37.782264709472656,-122.41094207763672,3
2018,2018-08-23,1352,8,2,13,4,N,A,N,A,H,A,A,01,W,08,B,,Y,,,G,,N,D,1,0,1,0,22107.0,2,37.78288269042969,-122.46564483642578,3
2018,2018-08-03,1443,8,2,14,5,Y,A,N,A,H,A,A,01,,09,D,,,,,C,Y,N,A,2,0,0,0,21801.0,2,37.77975845336913,-122.4302978515625,3
2018,2018-08-06,1500,8,2,15,1,N,A,N,A,H,A,C,03,N,17,G,Y,,Y,,B,N,N,A,1,1,0,0,21100.0,2,37.790184020996094,-122.39808654785156,4
2018,2018-08-03,1638,8,2,16,5,N,A,N,A,H,A,A,01,W,09,D,,,Y,,D,Y,N,D,1,0,0,1,21801.0,2,37.76573944091797,-122.4080047607422,4
2018,2018-08-07,2300,8,2,23,2,Y,B,N,B,H,C,C,02,,12,D,,,Y,,C,Y,F,A,2,0,0,0,22450.0,2,37.728790283203125,-122.43453216552734,3
2018,2018-08-05,740,8,2,7,7,N,B,N,A,H,A,A,01,N,08,B,,,,,E,Y,N,D,1,0,0,0,22107.0,2,37.775684356689446,-122.46390533447266,4
2018,2018-08-07,1740,8,2,17,2,N,A,N,A,-,A,N,60,,11,G,Y,,,,B,N,N,A,1,1,0,0,21954.0,2,37.792985,-122.402143,3
2018,2018-08-06,1621,8,2,16,1,N,A,N,A,H,A,A,01,N,09,D,,,,,C,Y,N,A,5,0,0,0,21800.0,2,37.73405456542969,-122.39105224609376,4
2018,2018-08-19,1525,8,2,15,7,Y,B,N,A,H,A,A,01,,12,D,,,,,C,N,F,A,1,0,0,0,22450.0,2,37.735870361328125,-122.38922119140624,4
2018,2018-08-09,1640,8,2,16,4,Y,A,N,A,H,A,A,01,,12,D,,,,,C,Y,N,A,1,0,0,0,22450.0,2,37.71091842651367,-122.4421615600586,4
2018,2018-08-21,904,8,2,9,2,Y,B,N,A,H,A,-,- ,,00,C,,,,,C,N,F,D,1,0,0,0,,2,37.733158111572266,-122.40435791015624,4
2018,2018-08-26,2034,8,2,20,7,Y,A,N,A,H,C,A,01,,05,A,,Y,,,G,N,F,D,1,0,1,0,21650.0,2,37.7600212097168,-122.42285919189452,3
2018,2018-08-17,2235,8,2,22,5,Y,A,N,A,H,C,A,07,,09,D,,,Y,,C,Y,N,A,1,0,0,1,21801.0,2,37.71638870239258,-122.44100189208984,4
2018,2018-08-14,1818,8,2,18,2,Y,A,N,A,H,A,A,01,,09,D,,Y,,,G,N,N,A,1,0,1,0,21801.0,2,37.7695198059082,-122.41558837890624,4
2018,2018-08-18,1410,8,2,14,6,N,A,N,A,H,A,L,04,W,03,B,,Y,,,E,N,N,D,1,0,1,0,22350.0,2,37.771427154541016,-122.43579864501952,3
2018,2018-08-13,1716,8,2,17,1,N,A,N,A,H,A,C,02,S,05,A,,Y,Y,,G,N,F,A,2,0,1,1,21651.0,2,37.75000381469727,-122.42044830322266,3
2018,2018-08-19,1714,8,2,17,7,Y,A,N,A,H,A,C,02,,03,B,,,Y,,C,N,N,A,2,0,0,2,22350.0,2,37.8066291809082,-122.40596771240234,2
2018,2018-08-12,1623,8,2,16,7,Y,A,N,A,H,A,A,01,,03,D,,Y,,,G,N,N,A,1,0,1,0,22350.0,2,37.76692962646485,-122.41545867919922,3
2018,2018-08-21,743,8,2,7,2,Y,B,N,A,H,A,A,01,,09,D,,,,,C,Y,N,D,1,0,0,0,21801.0,2,37.74544143676758,-122.4245834350586,4
2018,2018-08-02,1206,8,2,12,4,Y,A,N,A,H,A,A,01,,07,A,Y,,,,B,Y,N,A,2,1,0,0,21658.0,5,37.76329803466797,-122.42173767089844,2
2018,2018-08-21,830,8,2,8,2,N,A,N,A,H,A,A,01,S,09,D,,,,,C,N,N,D,1,0,0,0,21804.0,2,37.74074935913086,-122.50741577148438,4
2018,2018-08-01,950,8,2,9,3,N,A,N,A,H,A,A,01,N,08,D,,,Y,,C,N,N,A,1,0,0,1,22107.0,2,37.774452209472656,-122.41725158691406,3
2018,2018-08-21,1635,8,2,16,2,N,A,N,A,H,A,C,03,W,17,H,,Y,Y,,G,N,N,D,1,0,1,0,22517.0,2,37.797664642333984,-122.40098571777344,4
2018,2018-08-22,858,8,2,8,3,Y,A,N,A,H,A,-,- ,,12,D,,,,,C,Y,N,D,1,0,0,0,22450.0,2,37.72085952758789,-122.40406036376952,3
2018,2018-08-22,1735,8,2,17,3,Y,A,N,A,H,A,A,01,,10,G,Y,,,,B,N,N,A,1,1,0,0,21950.0,2,37.73986053466797,-122.42426300048828,4
2018,2018-08-20,1251,8,2,12,1,N,A,N,A,H,A,A,07,N,03,E,,,,,J,Y,N,A,1,0,0,0,22350.0,1,37.76224899291992,-122.40425872802734,4
2018,2018-08-01,2147,8,2,21,3,N,A,N,A,H,C,A,01,S,05,B,,,,,C,Y,N,D,2,0,0,0,21650.0,2,37.72479248046875,-122.42823028564452,4
2018,2018-08-08,1529,8,2,15,3,Y,A,N,A,H,A,L,04,,04,C,,Y,,,G,N,N,A,1,0,1,0,21703.0,2,37.782470703125,-122.39285278320312,4
2018,2018-08-07,1045,8,2,10,2,Y,A,N,A,H,A,L,04,,12,D,,Y,,,G,N,N,A,1,0,1,0,21453.0,2,37.77499008178711,-122.41004943847656,3
2018,2018-08-10,133,8,2,1,5,Y,A,N,A,H,C,A,01,,10,G,Y,,,,B,N,N,A,1,1,0,0,21950.0,2,37.72072982788086,-122.44663238525392,3
2018,2018-07-21,912,7,2,9,6,Y,A,N,A,D,A,A,01,,12,D,,Y,,,G,N,N,A,1,0,1,0,21453.0,3,37.798538208007805,-122.42405700683594,4
2018,2018-07-27,1655,7,2,16,5,N,B,N,A,H,A,L,04,S,17,D,Y,Y,,,-,N,N,A,1,1,0,0,21208.0,2,37.780715942382805,-122.41531372070312,3
2018,2018-07-11,1522,7,2,15,3,N,A,N,A,H,A,C,02,E,04,C,,,Y,,C,N,N,A,2,0,0,1,21703.0,2,37.77310180664063,-122.47228240966795,4
2018,2018-07-30,1125,7,2,11,1,Y,A,N,A,A,A,-,- ,,18,-,,Y,,,J,N,N,D,1,0,1,0,,1,37.779588,-122.393666,2
2018,2018-07-25,2115,7,2,21,3,N,A,N,A,H,C,A,01,S,09,D,,,,,C,N,N,A,1,0,0,0,21804.0,2,37.788360595703125,-122.39935302734376,4
2018,2018-07-17,2219,7,2,22,2,Y,A,N,A,H,C,A,01,,10,G,Y,,,,B,N,N,A,1,1,0,0,21950.0,2,37.76652908325195,-122.42202758789062,4
2018,2018-08-20,2037,8,2,20,1,N,A,N,A,H,C,A,01,W,01,A,,,,,E,Y,N,D,1,0,0,0,23152.0,3,37.72925567626953,-122.4228286743164,4
2018,2018-08-22,2230,8,2,22,3,N,A,N,A,H,C,A,01,N,04,C,,,,,C,N,M,A,1,0,0,0,21703.0,2,37.776634216308594,-122.41768646240234,4
2018,2018-08-27,1504,8,2,15,1,N,A,N,A,H,A,-,- ,N,03,E,,,,,I,Y,N,D,1,0,0,0,22350.0,1,37.735137939453125,-122.42818450927734,4
2018,2018-08-30,2110,8,2,21,4,N,A,N,A,H,C,N,60,W,11,G,Y,,Y,,B,N,N,D,1,1,0,0,21955.0,2,37.80857467651367,-122.41274261474608,4
2018,2018-08-28,530,8,2,5,2,N,A,N,A,H,C,A,01,N,04,C,,,Y,,C,N,N,A,1,0,0,1,21703.0,2,37.77182388305664,-122.42361450195312,4
2018,2018-08-28,1547,8,2,15,2,N,A,N,A,H,A,A,01,N,17,H,,Y,,,G,N,N,D,1,0,1,0,22517.0,2,37.78162384033203,-122.43236541748048,4
2018,2018-08-20,2110,8,2,21,1,N,A,N,A,H,C,A,01,E,10,G,Y,,,,B,N,N,A,1,1,0,0,21950.0,2,37.72296142578125,-122.44889068603516,4
2018,2018-08-20,1735,8,2,17,1,Y,A,N,A,H,B,A,01,,03,B,,,,,C,Y,F,A,5,0,0,0,22350.0,4,37.78622055053711,-122.38968658447266,4
2018,2018-08-28,804,8,2,8,2,Y,B,N,B,H,A,L,04,,08,B,,Y,,,G,,N,A,1,0,1,0,22107.0,2,37.78662109375,-122.45926666259766,4
2018,2018-08-28,30,8,2,0,2,Y,A,N,B,H,C,A,01,,10,G,Y,,,,B,N,N,A,1,1,0,0,21950.0,2,37.78549957275391,-122.40782928466795,3
2018,2018-08-30,1823,8,2,18,4,N,A,N,A,H,A,-,- ,S,- ,A,,Y,,,-,N,N,D,2,0,1,0,,2,37.77971267700195,-122.3900146484375,3
2018,2018-08-23,1841,8,2,18,4,Y,A,N,A,H,A,A,01,,12,D,,,,,C,Y,N,A,4,0,0,0,21453.0,2,37.79359817504882,-122.4045867919922,4
2018,2018-08-30,2120,8,2,21,4,Y,A,N,A,H,C,A,01,,03,D,,,,,C,N,N,D,1,0,0,0,22350.0,3,37.71955871582031,-122.39543914794922,4
2018,2018-08-23,1854,8,2,18,4,N,A,N,A,H,A,A,01,N,05,D,,,Y,,C,Y,N,D,1,0,0,1,21460.0,2,37.74565887451172,-122.45227813720705,4
2018,2018-08-28,1436,8,2,14,2,Y,B,N,A,H,A,-,- ,,01,E,,,,,I,Y,N,D,1,0,0,0,23152.0,1,37.72509002685546,-122.43795013427734,4
2018,2018-08-23,413,8,2,4,4,N,-,N,-,H,C,A,01,W,03,C,,,,,E,Y,N,D,1,0,0,0,22350.0,2,37.769729614257805,-122.44907379150392,4
2018,2018-08-29,1631,8,2,16,3,Y,A,N,A,H,C,-,- ,,03,D,,,,,C,Y,F,A,1,0,0,0,22350.0,4,37.74303817749024,-122.40522003173828,4
2018,2018-08-24,1854,8,2,18,5,Y,B,N,A,H,A,A,01,,12,D,,,,,C,Y,N,A,2,0,0,0,21453.0,2,37.78601837158203,-122.41132354736328,4
2018,2018-08-30,943,8,2,9,4,Y,B,N,A,H,A,A,01,,09,D,,,,,C,Y,N,A,1,0,0,0,21802.0,2,37.75516128540039,-122.49801635742188,3
2018,2018-08-16,1030,8,2,10,4,N,A,N,A,H,A,A,01,E,04,C,,,,,C,N,N,A,1,0,0,0,21703.0,2,37.77259063720703,-122.42256927490234,4
2018,2018-08-30,1740,8,2,17,4,Y,A,N,A,H,A,A,01,,09,D,,,,,C,Y,N,A,2,0,0,0,21802.0,2,37.710891723632805,-122.4352798461914,4
2018,2018-08-30,1813,8,2,18,4,N,A,N,A,H,A,N,60,E,11,G,Y,,,,B,Y,N,A,1,1,0,0,21955.0,2,37.769832611083984,-122.423095703125,3
2018,2018-08-30,1825,8,2,18,4,N,A,N,A,H,A,A,01,E,21,C,,,Y,,C,Y,N,A,1,0,0,1,22106.0,2,37.71297454833984,-122.4727020263672,2
2018,2018-08-30,2040,8,2,20,4,N,A,N,A,H,C,A,01,W,01,B,,,,,E,Y,M,D,1,0,0,0,23152.0,2,37.75471878051758,-122.43072509765624,3
2018,2018-08-25,1044,8,2,10,6,N,A,N,A,H,A,-,,N,06,B,,Y,,,G,N,N,D,1,0,1,0,21760.0,2,37.77306365966797,-122.38980865478516,3
2018,2018-08-25,1356,8,2,13,6,Y,A,N,A,H,A,A,01,,06,B,,,,,C,Y,N,A,1,0,0,0,21750.0,2,37.73297119140625,-122.40592193603516,4
2018,2018-08-27,840,8,2,8,1,N,A,N,A,H,A,A,07,E,04,B,,,,,C,N,N,A,1,0,0,0,21703.0,2,37.711219787597656,-122.45579528808594,4
2018,2018-08-19,16,8,2,0,7,Y,A,N,A,H,C,A,01,,04,C,,,,,C,N,N,A,1,0,0,0,21703.0,2,37.782669067382805,-122.42243957519533,4
2018,2018-08-30,2147,8,2,21,4,N,-,N,A,H,D,A,01,W,06,A,,Y,,,G,Y,N,D,1,0,1,0,21751.0,2,37.773391723632805,-122.42781066894533,3
2018,2018-08-28,1449,8,2,14,2,Y,A,N,A,H,A,-,- ,,12,D,,,,,C,Y,N,A,1,0,0,0,21453.0,2,37.800689697265625,-122.4294662475586,4
2018,2018-08-26,1333,8,2,13,7,N,B,N,A,H,A,D,22,W,03,A,,,,,I,Y,N,D,1,0,0,0,22350.0,2,37.708927154541016,-122.4314422607422,3
2018,2018-08-23,1432,8,2,14,4,N,A,N,A,H,A,N,60,S,11,G,Y,,,,B,N,N,A,1,1,0,0,21954.0,2,37.72186279296875,-122.39332580566406,4
2018,2018-08-17,1746,8,2,17,5,Y,A,N,A,H,A,D,22,,09,A,,,Y,,C,Y,N,A,1,0,0,1,21800.0,2,37.76634979248047,-122.39839935302734,3
2018,2018-08-16,1725,8,2,17,4,Y,A,N,A,H,A,-,,,06,B,,Y,,,G,N,N,A,1,0,1,0,21760.0,2,37.80355072021485,-122.41487884521484,4
2018,2018-08-17,1310,8,2,13,5,Y,A,N,A,H,A,A,01,,21,B,,,,,C,Y,N,A,1,0,0,0,22106.0,3,37.772998809814446,-122.42726135253906,4
2018,2018-08-16,1951,8,2,19,4,N,A,N,A,H,B,A,01,N,03,C,,,,,C,Y,N,D,2,0,0,0,22350.0,2,37.75866317749024,-122.42349243164062,2
2018,2018-08-17,1713,8,2,17,5,Y,A,N,A,H,A,L,04,,17,H,Y,Y,,,-,N,N,A,1,1,0,0,21200.0,2,37.783939361572266,-122.41259002685548,4
2018,2018-08-29,2245,8,2,22,3,Y,B,N,-,H,C,-,99,,03,H,,,,,-,Y,M,A,1,0,0,0,22350.0,3,37.79785919189453,-122.40699005126952,4
2018,2018-08-23,1322,8,2,13,4,Y,A,N,A,D,A,A,07,,03,G,Y,,,,B,Y,F,D,1,1,0,0,22350.0,2,37.7459716796875,-122.40200805664062,4
2018,2018-08-29,1450,8,2,14,3,Y,A,N,A,H,A,-,99,,12,D,,Y,,,G,N,F,A,1,0,1,0,22450.0,2,37.72579956054688,-122.38980102539062,3
2018,2018-08-04,942,8,2,9,6,Y,A,N,A,H,A,D,22,,04,C,,,,,C,N,F,A,1,0,0,0,21703.0,2,37.73799896240234,-122.4069595336914,4
2018,2018-07-28,1113,7,2,11,6,Y,A,Y,A,H,A,A,01,,10,G,Y,,,,B,Y,F,A,1,1,0,0,21950.0,2,37.730335235595696,-122.50032806396484,4
2018,2018-08-07,2108,8,2,21,2,Y,A,N,A,H,C,A,01,,09,D,,,,,C,Y,N,A,1,0,0,0,21804.0,2,37.802928924560554,-122.41983032226562,4
2018,2018-08-07,730,8,2,7,2,N,E,N,A,H,B,A,01,S,10,G,Y,,,,B,N,N,A,1,1,0,0,21950.0,2,37.79091644287109,-122.43256378173828,3
2018,2018-08-29,1430,8,2,14,3,N,A,Y,A,H,A,D,22,N,07,A,,,,,D,Y,N,D,1,0,0,0,21658.0,2,37.764507293701165,-122.4773406982422,4
2018,2018-07-25,1728,7,2,17,3,N,A,N,A,H,A,N,60,E,11,G,Y,Y,,,-,N,N,A,1,1,0,0,21456.0,2,37.78457260131836,-122.40731811523438,2
2018,2018-07-23,1350,7,2,13,1,Y,A,N,A,H,A,A,01,,10,G,Y,,,,B,N,N,A,1,1,0,0,21950.0,2,37.780269622802734,-122.40339660644533,4
2018,2018-08-14,1349,8,2,13,2,N,A,N,A,H,A,-,- ,W,18,H,,Y,,,A,N,N,A,1,0,1,0,,1,37.782135009765625,-122.41043853759766,4
2018,2018-08-14,925,8,2,9,2,N,A,N,A,H,A,A,01,S,03,F,,,,,E,Y,N,A,1,0,0,0,22350.0,2,37.75876998901367,-122.4369888305664,4
2018,2018-08-11,1530,8,2,15,6,Y,A,N,A,H,A,A,01,,09,D,,,,,C,N,F,A,1,0,0,0,21800.0,2,37.733009338378906,-122.43213653564452,4
2018,2018-08-09,2216,8,2,22,4,Y,A,N,A,H,C,-,,,10,G,Y,,,,B,N,F,A,1,1,0,0,21950.0,2,37.78963851928711,-122.42050170898438,4
2018,2018-08-26,940,8,2,9,7,N,A,N,A,B,A,C,02,N,03,B,,,Y,,E,N,N,D,1,0,0,1,22350.0,2,37.733036041259766,-122.4250946044922,3
2018,2018-08-04,122,8,2,1,6,Y,A,N,A,H,C,N,60,,11,G,Y,,,,B,,F,A,0,0,0,0,21954.0,2,37.781280517578125,-122.46002197265624,1
2018,2018-08-07,715,8,2,7,2,N,B,N,A,H,-,A,01,E,09,D,,,Y,,D,Y,N,D,2,0,0,1,21801.0,2,37.71139907836913,-122.45763397216795,3
2018,2018-09-06,1717,9,3,17,4,N,A,N,A,H,A,A,01,N,09,D,,,Y,Y,C,N,N,D,1,0,0,1,21804.0,3,37.75857925415039,-122.39126586914062,3
2018,2018-09-05,1504,9,3,15,3,Y,A,N,A,H,A,F,24,,07,B,,,Y,Y,D,N,N,D,1,0,0,1,21658.0,2,37.77207946777344,-122.41187286376952,3
2018,2018-09-20,1345,9,3,13,4,N,A,N,A,H,A,L,04,S,00,A,,Y,,,G,N,N,D,1,0,1,0,21560.0,2,37.78562545776367,-122.41800689697266,4
2018,2018-08-10,2139,8,2,21,5,-,A,N,A,H,C,A,01,,01,C,,,,,D,Y,N,D,2,0,0,0,23153.0,4,37.78246,-122.39127,4
2018,2018-08-08,52,8,2,0,3,Y,A,N,A,H,C,A,01,,03,C,,,,,C,Y,N,A,1,0,0,0,22350.0,2,37.774749755859375,-122.45465850830078,3
2018,2018-08-10,804,8,2,8,5,N,A,N,A,H,A,-,- ,N,00,D,,Y,,,G,N,N,D,1,0,1,0,,2,37.76673126220703,-122.40274810791016,3
2018,2018-08-10,1022,8,2,10,5,N,A,N,A,D,A,A,01,,17,H,,Y,,,G,N,N,D,1,0,1,0,22517.0,3,37.785999298095696,-122.39724731445312,4
2018,2018-08-20,1805,8,2,18,1,Y,A,N,A,H,B,L,04,,06,C,,Y,Y,,G,N,N,A,1,0,1,0,21755.0,2,37.78982925415039,-122.41886138916016,3
2018,2018-08-27,2125,8,2,21,1,N,B,N,A,H,C,N,60,N,11,G,Y,,,,B,N,N,D,1,1,0,0,21954.0,3,37.74763107299805,-122.50717926025392,2
2018,2018-08-22,1808,8,2,18,3,Y,A,N,A,H,A,A,01,,07,B,,,Y,,C,N,N,A,1,0,0,1,21658.0,2,37.77312850952149,-122.47177886962892,2
2018,2018-08-17,1850,8,2,18,5,Y,A,N,A,H,A,C,03,,09,D,,,Y,,C,Y,N,D,1,0,0,1,21801.0,2,37.76982879638672,-122.42314910888672,4
2018,2018-08-14,2139,8,2,21,2,N,A,N,A,H,C,C,02,E,03,D,,,Y,,C,Y,N,B,1,0,0,1,22350.0,2,37.77400588989258,-122.43759155273438,3
2018,2018-08-28,813,8,2,8,2,Y,B,N,B,H,A,C,02,,08,B,,,Y,,C,N,F,A,1,0,0,1,22101.0,2,37.797889709472656,-122.40663909912108,3
2018,2018-08-17,1319,8,2,13,5,Y,A,N,A,H,A,N,60,,11,G,Y,,Y,,B,Y,N,A,2,1,0,1,21950.0,3,37.7865104675293,-122.4299774169922,3
2018,2018-09-06,708,9,3,7,4,N,A,N,A,H,A,N,60,W,11,B,Y,,,,B,N,N,A,1,1,0,0,21954.0,2,37.78533172607422,-122.41668701171876,3
2018,2018-09-04,1134,9,3,11,2,Y,A,N,A,H,A,-,- ,,00,G,Y,,,,B,N,N,A,1,1,0,0,,2,37.78142166137695,-122.43231964111328,3
2018,2018-09-26,1024,9,3,10,3,Y,A,N,A,H,A,C,02,,08,D,,,Y,,F,N,N,A,1,0,0,1,22101.0,2,37.761768341064446,-122.38877105712892,3
2018,2018-09-21,1245,9,3,12,5,-,A,N,-,H,A,A,01,,06,B,,,,,C,N,N,-,2,0,0,0,21750.0,2,37.712659,-122.418966,4
2018,2018-09-23,1416,9,3,14,7,Y,A,N,A,H,A,J,48,,21,G,Y,,,,B,N,N,D,1,1,0,0,22106.0,2,37.761749267578125,-122.4207763671875,4
2018,2018-09-20,1257,9,3,12,4,Y,A,N,A,H,A,N,60,,11,G,Y,,,,B,N,N,A,1,1,0,0,21956.0,2,37.78924179077149,-122.40139770507812,4
2018,2018-09-13,1719,9,3,17,4,-,A,N,A,H,A,J,43,,17,H,,Y,,,G,N,N,D,1,0,1,0,22517.0,3,37.78339,-122.3994,3
2018,2018-09-07,1810,9,3,18,5,N,A,N,A,H,A,J,48,E,07,C,,,Y,,C,N,N,D,1,0,0,1,21658.0,2,37.76953125,-122.4076690673828,4
2018,2018-09-08,1120,9,3,11,6,Y,A,N,A,H,A,A,01,,08,B,Y,,,,B,N,F,A,1,1,0,0,22101.0,2,37.77975082397461,-122.40714263916016,4
2018,2018-09-11,734,9,3,7,2,N,A,N,A,H,A,A,01,W,09,B,,,,,D,Y,N,D,1,0,0,0,21801.0,2,37.75806427001953,-122.45294952392578,4
2018,2018-09-30,1850,9,3,18,7,N,B,N,A,H,C,C,02,W,01,C,,,Y,,C,Y,N,D,1,0,0,1,23152.0,2,37.77726745605469,-122.41340637207033,3
2018,2018-09-11,1034,9,3,10,2,N,A,N,A,H,A,A,07,W,08,B,,,,,C,Y,N,D,1,0,0,0,22107.0,2,37.78628540039063,-122.48873901367188,3
2018,2018-09-22,1807,9,3,18,6,Y,A,N,A,H,A,-,- ,,00,A,,,,,I,Y,N,D,1,0,0,0,,1,37.79017,-122.431229,4
2018,2018-09-17,2121,9,3,21,1,Y,A,N,A,H,B,A,08,,12,D,,,,,C,Y,N,A,1,0,0,0,21453.0,2,37.80110931396485,-122.42620086669922,4
2018,2018-09-23,1242,9,3,12,7,Y,A,N,A,H,A,A,01,,05,B,,,,,C,N,N,A,2,0,0,0,21460.0,3,37.793338,-122.399078,3
2018,2018-09-18,1523,9,3,15,2,Y,A,N,A,H,A,A,01,,10,G,Y,,,,B,N,F,A,1,1,0,0,21950.0,2,37.78256988525391,-122.41568756103516,4
2018,2018-09-01,1900,9,3,19,6,Y,A,N,A,H,B,A,01,,03,C,,,,,C,Y,F,D,2,0,0,0,22350.0,3,37.7729606628418,-122.42392730712892,4
2018,2018-09-02,1547,9,3,15,7,Y,A,N,A,H,A,-,,,00,G,Y,,,,B,N,F,A,1,1,0,0,20002.0,2,37.79079055786133,-122.41903686523438,4
2018,2018-09-11,1245,9,3,12,2,Y,A,N,A,H,A,A,01,,08,G,Y,,,,B,N,N,A,1,1,0,0,22100.0,2,37.77006149291992,-122.40699005126952,3
2018,2018-09-12,935,9,3,9,3,Y,A,N,A,H,A,A,01,,21,B,Y,,,,C,N,N,D,1,1,0,0,22106.0,3,37.7923583984375,-122.40670776367188,4
2018,2018-09-07,850,9,3,8,5,N,A,N,A,H,A,C,03,W,04,B,,,Y,,C,N,N,A,1,0,0,1,21703.0,2,37.77833938598633,-122.44921875,4
2018,2018-09-26,852,9,3,8,3,N,A,N,A,H,A,A,01,S,09,D,,,Y,,C,N,N,D,1,0,0,1,21801.0,2,37.763614654541016,-122.4129638671875,4
2018,2018-09-19,1150,9,3,11,3,N,A,N,A,D,A,-,- ,S,18,H,,Y,,,G,N,N,A,1,0,1,0,,2,37.78759002685546,-122.39926910400392,4
2018,2018-09-22,1448,9,3,14,6,N,A,N,A,H,A,-,- ,W,00,H,,Y,,,-,N,N,A,1,0,1,0,,1,37.79460144042969,-122.41811370849608,4
2018,2018-09-25,859,9,3,8,2,Y,A,N,A,H,A,A,01,,03,C,,,,,C,,N,A,1,0,0,0,22350.0,2,37.78142166137695,-122.43231964111328,4
2018,2018-09-21,1820,9,3,18,5,Y,A,N,A,H,A,N,60,,11,G,Y,,,,B,N,N,A,1,1,0,0,21955.0,2,37.776286,-122.396024,4
2018,2018-09-27,1120,9,3,11,4,N,B,N,A,H,A,A,01,E,08,B,,,,,E,,N,D,1,0,0,0,22107.0,2,37.732398986816406,-122.43585968017578,4
2018,2018-09-04,910,9,3,9,2,Y,B,N,A,H,A,A,01,,08,B,,,,,C,N,F,D,1,0,0,0,22107.0,2,37.786526,-122.40732,4