ACCIDENT_YEAR,COLLISION_DATE,COLLISION_TIME,MONTH,SEASON,24HOURS,DAY_OF_WEEK,INTERSECTION,WEATHER_1,STATE_HWY_IND,ROAD_SURFACE,ROAD_COND_1,LIGHTING,STWD_VEHTYPE_AT_FAULT,CHP_VEHTYPE_AT_FAULT,DIRECTION,PCF_VIOL_CATEGORY,TYPE_OF_COLLISION,PEDESTRIAN_ACCIDENT,BICYCLE_ACCIDENT,MOTORCYCLE_ACCIDENT,TRUCK_ACCIDENT,MVIW,TOW_AWAY,HIT_AND_RUN,CONTROL_DEVICE,NUMBER_INJURED,COUNT_PED_INJURED,COUNT_BICYCLIST_INJURED,COUNT_MC_INJURED,PCF_VIOLATION,PARTY_COUNT,POINT_Y,POINT_X,COLLISION_SEVERITY
2018,2018-01-24,930,1,4,9,3,Y,A,N,-,H,A,-,,,09,H,,,,,-,N,F,D,1,0,0,0,21801.0,2,37.76974105834961,-122.40496826171876,3
2018,2018-10-24,1430,10,3,14,3,Y,A,N,A,H,A,A,01,,21,D,,,,,C,N,F,D,1,0,0,0,22106.0,2,37.72161102294922,-122.39076995849608,4
2018,2018-10-28,1250,10,3,12,7,Y,A,N,A,H,A,A,01,,03,C,,,,,C,N,F,A,1,0,0,0,22350.0,3,37.72072982788086,-122.44663238525392,4
2018,2018-10-28,58,10,3,0,7,Y,A,N,A,H,C,A,01,,03,C,,,,,C,Y,F,A,1,0,0,0,22350.0,2,37.77825164794922,-122.41996002197266,4
2018,2018-10-31,1053,10,3,10,3,Y,A,N,A,H,A,L,04,,12,D,,Y,,,G,N,N,A,1,0,1,0,22450.0,2,37.73799896240234,-122.4069595336914,2
2018,2018-10-24,2232,10,3,22,3,N,A,N,A,H,C,L,04,S,12,D,,Y,,,G,N,N,A,1,0,1,0,21453.0,2,37.79266357421875,-122.40438079833984,4
2018,2018-10-28,2016,10,3,20,7,N,A,N,A,H,C,L,04,W,05,D,,Y,,,G,N,N,D,1,0,1,0,21650.0,2,37.77775192260742,-122.4046630859375,3
2018,2018-10-23,1544,10,3,15,2,Y,A,N,A,H,A,A,01,,10,G,Y,,,,B,N,F,A,1,1,0,0,21950.0,2,37.77619934082031,-122.4054718017578,4
2018,2018-10-31,1705,10,3,17,3,Y,A,N,A,H,A,-,- ,,12,D,,,,,C,Y,N,A,1,0,0,0,22450.0,3,37.73823165893555,-122.50006103515624,4
2018,2018-10-23,1510,10,3,15,2,Y,A,N,A,H,A,A,01,,09,B,,,,,C,N,N,A,1,0,0,0,21802.0,2,37.7641,-122.39253,4
2018,2018-10-18,2036,10,3,20,4,Y,A,N,A,H,A,N,60,,11,G,Y,,,,B,N,N,A,1,1,0,0,21456.0,2,37.712268829345696,-122.4026107788086,4
2018,2018-10-24,812,10,3,8,3,N,A,N,A,H,A,A,01,E,05,A,,,,,C,Y,N,D,3,0,0,0,21650.0,2,37.72155380249024,-122.43714141845705,4
2018,2018-10-22,1000,10,3,10,1,N,A,N,A,H,A,A,01,S,02,H,,Y,,,G,N,N,D,1,0,1,0,21211.0,3,37.76758193969727,-122.42212677001952,3
2018,2018-10-05,840,10,3,8,5,Y,A,N,A,H,A,A,01,,10,G,Y,,,,B,N,N,D,1,1,0,0,21950.0,2,37.742431640625,-122.48963165283205,3
2018,2018-10-20,2019,10,3,20,6,N,A,N,A,H,C,C,02,,00,C,,,Y,,E,Y,N,D,1,0,0,1,21705.0,2,37.77587890625,-122.40895080566406,3
2018,2018-10-13,755,10,3,7,6,Y,A,N,A,H,A,A,01,,12,D,,,,,C,N,N,A,3,0,0,0,21453.0,2,37.78192901611328,-122.4207000732422,3
2018,2018-10-22,1327,10,3,13,1,N,A,N,A,H,A,A,01,W,10,G,,Y,,,G,N,N,A,1,0,1,0,21950.0,2,37.777786254882805,-122.40030670166016,4
2018,2018-10-07,1805,10,3,18,7,Y,A,N,A,H,A,A,01,,12,D,,Y,,,G,N,N,A,2,0,1,0,21453.0,2,37.76593017578125,-122.46643829345705,3
2018,2018-10-21,1807,10,3,18,7,Y,A,N,A,H,A,N,60,,11,D,Y,,,,B,N,N,A,1,1,0,0,21954.0,2,37.73178863525391,-122.46694183349608,4
2018,2018-10-16,1325,10,3,13,2,Y,A,N,A,H,A,A,01,,10,D,Y,,,,B,N,N,A,1,0,0,0,21950.0,2,37.76219177246094,-122.4672622680664,4
2018,2018-10-23,400,10,3,4,2,Y,A,N,A,H,C,A,01,,03,C,,,,,C,N,N,A,2,0,0,0,22350.0,2,37.7752799987793,-122.41590881347656,3
2018,2018-10-23,1344,10,3,13,2,Y,A,N,A,H,A,A,01,,09,D,,,,,C,Y,N,A,1,0,0,0,21802.0,2,37.76295852661133,-122.49105072021484,4
2018,2018-10-13,745,10,3,7,6,N,A,N,A,H,A,C,02,S,03,H,,,Y,,A,N,N,A,2,0,0,2,22350.0,1,37.739604949951165,-122.42373657226562,3
2018,2018-10-20,855,10,3,8,6,N,A,N,A,H,A,A,01,E,08,D,,,Y,,C,N,N,A,1,0,0,1,22107.0,2,37.72296142578125,-122.44916534423828,4
2018,2018-10-23,650,10,3,6,2,Y,A,N,A,H,C,A,01,,03,C,,,,,C,Y,N,A,1,0,0,0,22350.0,2,37.78689956665039,-122.4419174194336,4
2018,2018-10-24,807,10,3,8,3,Y,A,N,A,H,A,A,01,,09,D,,,,,C,Y,N,D,1,0,0,0,21801.0,2,37.73155975341797,-122.49906158447266,4
2018,2018-10-17,1640,10,3,16,3,N,A,N,A,H,A,A,01,N,09,B,,Y,,,G,N,N,A,1,0,1,0,21804.0,2,37.765113830566406,-122.42190551757812,4
2018,2018-10-20,957,10,3,9,6,N,A,N,A,H,A,A,01,W,21,G,Y,,,,B,N,N,A,1,1,0,0,22106.0,2,37.71017074584961,-122.42465209960938,3
2018,2018-10-17,1035,10,3,10,3,N,A,N,A,H,A,A,01,W,08,G,Y,,,,B,N,N,A,1,1,0,0,22107.0,2,37.782539367675774,-122.39739990234376,3
2018,2018-10-29,1928,10,3,19,1,Y,A,N,A,H,B,A,01,,08,A,,,,,G,Y,N,A,1,0,0,0,22107.0,2,37.7783317565918,-122.39653778076172,4
2018,2018-10-17,1327,10,3,13,3,N,A,N,A,H,A,A,01,W,04,C,,,,,C,N,N,A,1,0,0,0,21703.0,2,37.773284912109375,-122.46814727783205,3
2018,2018-10-26,1534,10,3,15,5,Y,A,N,A,H,A,N,60,,11,A,Y,,,,B,,N,A,1,1,0,0,21950.0,2,37.73640060424805,-122.42894744873048,3
2018,2018-10-28,1928,10,3,19,7,N,A,N,A,H,C,-,- ,S,18,E,,,,,I,Y,N,A,2,0,0,0,,1,37.752754211425774,-122.49526977539062,2
2018,2018-10-29,1730,10,3,17,1,Y,A,N,A,H,A,A,01,,08,F,,Y,,,G,N,N,D,1,0,1,0,22107.0,2,37.72819900512695,-122.43502044677734,3
2018,2018-10-09,2004,10,3,20,2,N,A,N,A,H,C,L,04,E,17,B,,Y,,,G,,N,D,1,0,1,0,21208.0,2,37.76326370239258,-122.42235565185548,3
2018,2018-10-26,1511,10,3,15,5,N,A,N,A,H,A,-,,S,08,D,,,,,C,N,N,A,1,0,0,0,22107.0,2,37.74972915649414,-122.39627838134766,4
2018,2018-10-21,1152,10,3,11,7,Y,A,N,A,H,A,C,03,,06,B,,,Y,,C,N,N,D,1,0,0,1,21750.0,2,37.802070617675774,-122.42637634277344,4
2018,2018-10-03,941,10,3,9,3,Y,A,N,A,H,A,A,01,,09,D,,Y,,,-,N,N,D,1,0,1,0,21801.0,2,37.77780151367188,-122.40029144287108,3
2018,2018-10-17,1758,10,3,17,3,Y,A,N,A,H,A,A,01,,12,D,,,,,C,N,N,A,1,0,0,0,21453.0,2,37.732959747314446,-122.40464782714844,4
2018,2018-10-26,1140,10,3,11,5,Y,A,N,A,H,A,A,01,,10,G,Y,,,,B,N,N,D,1,1,0,0,21950.0,2,37.71604919433594,-122.44023895263672,3
2018,2018-10-29,1600,10,3,16,1,Y,A,N,A,H,A,-,,,09,D,,,,,C,N,F,D,2,0,0,0,21801.0,2,37.71611022949219,-122.47158050537108,4
2018,2018-10-30,820,10,3,8,2,Y,A,N,-,H,C,-,,,08,D,,Y,,,G,,N,A,1,0,1,0,22107.0,2,37.77091979980469,-122.44711303710938,4
2018,2018-10-18,1904,10,3,19,4,Y,A,N,A,H,C,A,01,,10,G,Y,,,,B,N,N,A,1,1,0,0,21950.0,2,37.726238250732415,-122.4336395263672,4
2018,2018-10-26,2013,10,3,20,5,Y,A,N,A,H,C,-,- ,,00,D,,,,,C,N,N,A,1,0,0,0,,2,37.78453063964844,-122.43295288085938,4
2018,2018-10-29,2252,10,3,22,1,Y,A,N,A,H,C,A,01,,01,C,,,,,C,Y,N,A,1,0,0,0,23152.0,2,37.790034,-122.400484,3
2018,2018-10-31,1717,10,3,17,3,Y,A,N,A,H,A,A,01,,10,A,Y,,,,B,Y,N,A,1,1,0,0,21950.0,2,37.76034164428711,-122.46498107910156,4
2018,2018-10-18,24,10,3,0,4,Y,A,N,A,H,C,A,01,,04,C,,,,,C,Y,N,A,1,0,0,0,21703.0,2,37.720951080322266,-122.47537231445312,3
2018,2018-10-27,843,10,3,8,6,Y,E,N,B,H,A,A,01,,10,G,Y,,,,B,N,N,A,1,1,0,0,21950.0,2,37.72164916992188,-122.46808624267578,4
2018,2018-10-19,1549,10,3,15,5,Y,A,N,A,H,A,A,07,,12,D,,,,,C,Y,N,A,1,0,0,0,21453.0,2,37.77605819702149,-122.40249633789062,4
2018,2018-10-31,2215,10,3,22,3,Y,A,N,A,H,C,L,04,,06,D,,Y,,,G,N,N,A,1,0,1,0,21750.0,2,37.76504898071289,-122.41967010498048,4
2018,2018-10-18,654,10,3,6,4,Y,A,N,A,H,A,A,07,,04,C,,,,,A,Y,N,A,2,0,0,0,21703.0,2,37.77118,-122.47945,3
2018,2018-10-27,950,10,3,9,6,Y,A,N,A,H,A,L,04,,12,B,,Y,,,G,N,N,A,1,0,1,0,22450.0,2,37.79896,-122.43588,2
2018,2018-10-24,812,10,3,8,3,N,A,N,A,H,A,N,60,W,11,G,Y,,,,B,N,N,A,1,1,0,0,21954.0,2,37.76169967651367,-122.4770278930664,3
2018,2018-06-02,1100,6,2,11,6,Y,A,N,A,H,A,A,01,,09,D,,,,,C,Y,N,A,1,0,0,0,21802.0,2,37.7140998840332,-122.45609283447266,4
2018,2018-10-20,1533,10,3,15,6,N,A,N,A,H,A,A,01,N,21,D,,,Y,,C,N,N,D,1,0,0,1,22106.0,2,37.72592544555664,-122.43851470947266,2
2018,2018-10-25,1240,10,3,12,4,N,A,N,A,H,A,A,01,S,17,H,,Y,,,A,N,N,D,1,0,1,0,22517.0,2,37.781280517578125,-122.47516632080078,4
2018,2018-10-27,2205,10,3,22,6,N,A,N,A,H,C,L,04,W,12,D,,Y,,,G,N,N,A,1,0,1,0,22450.0,2,37.77159118652344,-122.42382049560548,4
2018,2018-10-25,849,10,3,8,4,Y,B,N,A,H,A,A,01,,03,D,,,,,C,Y,N,A,3,0,0,0,22350.0,2,37.71464157104492,-122.4853286743164,4
2018,2018-10-27,1545,10,3,15,6,N,A,N,A,H,A,A,01,N,17,B,,,,,E,N,F,D,1,0,0,0,22517.0,2,37.787330627441406,-122.42507934570312,4
2018,2018-10-04,911,10,3,9,4,N,A,N,A,H,A,A,01,S,17,G,,Y,,,-,N,N,A,1,0,1,0,22517.0,2,37.806465148925774,-122.40519714355467,4
2018,2018-10-17,1010,10,3,10,3,Y,A,N,A,H,A,-,- ,,00,C,,,,,-,N,M,A,2,0,0,0,,2,37.779590606689446,-122.41676330566406,4
2018,2018-10-25,2220,10,3,22,4,N,A,N,A,H,D,A,01,S,08,D,,,,,C,N,N,D,1,0,0,0,22107.0,2,37.7296257019043,-122.47224426269533,4
2018,2018-10-27,27,10,3,0,6,N,A,N,A,H,C,A,01,S,07,E,,,,,I,Y,N,A,1,0,0,0,21658.0,1,37.778614044189446,-122.47218322753906,3
2018,2018-10-04,1158,10,3,11,4,Y,A,N,A,H,A,C,02,,08,B,,,Y,,C,N,N,A,1,0,0,1,22107.0,2,37.78350830078125,-122.4158935546875,4
2018,2018-10-01,1645,10,3,16,1,Y,A,N,A,H,A,A,01,,09,D,,,Y,,C,,N,A,1,0,0,1,21801.0,2,37.781841278076165,-122.39205932617188,4
2018,2018-10-28,205,10,3,2,7,N,A,N,A,H,C,N,60,E,11,G,Y,,,,B,Y,F,A,1,1,0,0,21955.0,2,37.77089691162109,-122.4246826171875,3
2018,2018-10-28,753,10,3,7,7,N,B,N,B,H,A,C,03,E,03,H,,,Y,,-,Y,N,D,1,0,0,1,22350.0,1,37.79107666015625,-122.39910888671876,3
2018,2018-10-05,1540,10,3,15,5,Y,A,N,A,H,A,C,03,,03,D,,,Y,,C,Y,N,A,1,0,0,1,22350.0,2,37.72985076904297,-122.43338012695312,2
2018,2018-10-26,815,10,3,8,5,Y,A,N,A,H,A,A,01,,10,G,Y,,,,B,N,N,A,1,1,0,0,21950.0,2,37.7547607421875,-122.39871215820312,3
2018,2018-10-28,730,10,3,7,7,Y,A,N,A,H,A,-,,,10,D,Y,,,,B,,F,A,1,1,0,0,21950.0,2,37.77310943603516,-122.41863250732422,4
2018,2018-10-29,745,10,3,7,1,Y,A,N,A,H,A,A,01,,08,B,,,,,C,N,F,A,1,0,0,0,22107.0,2,37.778018951416016,-122.42151641845705,4
2018,2018-10-31,1534,10,3,15,3,N,A,N,A,H,A,A,01,W,04,E,,,,,C,N,N,D,2,0,0,0,21703.0,2,37.73215103149414,-122.43535614013672,4
2018,2018-10-22,1218,10,3,12,1,Y,A,N,A,H,C,A,01,,09,D,,,,,C,Y,N,A,1,0,0,0,21801.0,2,37.73563003540039,-122.39048767089844,4
2018,2018-10-26,1422,10,3,14,5,Y,A,N,A,H,A,-,,,09,D,,Y,,,G,N,N,D,1,0,1,0,21801.0,2,37.781700134277344,-122.41890716552734,4
2018,2018-10-31,638,10,3,6,3,Y,A,N,A,H,C,-,- ,,12,D,,,Y,,C,Y,N,A,1,0,0,1,21453.0,2,37.789398193359375,-122.4222412109375,4
2018,2018-10-15,1530,10,3,15,1,Y,F,N,-,G,-,A,01,,08,B,,,Y,,C,N,F,D,1,0,0,1,22107.0,2,37.74943923950195,-122.4250030517578,2
2018,2018-10-24,1217,10,3,12,3,Y,A,N,A,H,A,A,01,,08,H,,Y,,,G,N,N,D,1,0,1,0,22107.0,2,37.77159881591797,-122.42381286621094,3
2018,2018-10-13,1604,10,3,16,6,N,A,N,A,H,A,N,60,N,11,G,Y,,,,B,N,N,A,1,1,0,0,21954.0,2,37.71932220458984,-122.38587188720705,3
2018,2018-10-16,835,10,3,8,2,Y,A,N,A,H,A,A,01,,09,D,,,,,C,Y,N,A,2,0,0,0,21801.0,2,37.73482894897461,-122.4108428955078,4
2018,2018-10-19,1008,10,3,10,5,Y,A,N,A,H,A,A,01,,06,B,,Y,,,G,N,N,D,1,0,1,0,21750.0,2,37.7771110534668,-122.39498901367188,3
2018,2018-10-12,1230,10,3,12,5,N,A,N,A,H,A,A,01,W,04,C,,,,,E,N,F,D,1,0,0,0,21703.0,2,37.78252410888672,-122.42769622802734,4
2018,2018-10-28,703,10,3,7,7,Y,A,N,A,H,C,A,01,,03,C,,,,,C,Y,F,-,1,0,0,0,22350.0,3,37.75017166137695,-122.38848114013672,4
2018,2018-10-28,1400,10,3,14,7,Y,A,N,A,H,A,A,01,,03,C,,,,,C,N,N,D,3,0,0,0,22350.0,2,37.765979766845696,-122.43100738525392,4
2018,2018-10-29,945,10,3,9,1,N,A,N,A,H,A,L,04,W,03,H,,Y,,,J,N,N,A,1,0,1,0,22350.0,1,37.78464889526367,-122.41455841064452,3
2018,2018-10-29,1331,10,3,13,1,N,A,N,A,H,A,A,01,W,21,H,,Y,,,A,N,N,D,1,0,1,0,22106.0,2,37.765235900878906,-122.39395904541016,4
2018,2018-10-29,1956,10,3,19,1,Y,A,N,A,H,C,A,01,,22,D,,,,,C,Y,F,A,1,0,0,0,,2,37.73167037963867,-122.3901824951172,4
2018,2018-10-30,1529,10,3,15,2,Y,A,N,A,H,A,A,01,,09,D,,,Y,,C,N,N,A,1,0,0,1,21801.0,2,37.766380310058594,-122.46643829345705,4
2018,2018-10-31,4,10,3,0,3,N,A,N,A,H,C,A,08,E,03,E,,,,,I,Y,M,D,1,0,0,0,22350.0,1,37.800678253173835,-122.4295654296875,4
2018,2018-10-30,1636,10,3,16,2,Y,A,N,A,H,A,L,04,,- ,B,,Y,,,G,N,N,A,1,0,1,0,,2,37.77745819091797,-122.41316223144533,4
2018,2018-10-22,642,10,3,6,1,Y,A,N,A,H,C,A,01,,09,D,,,Y,,C,Y,N,A,1,0,0,1,21801.0,2,37.771678924560554,-122.5034637451172,4
2018,2018-10-22,1741,10,3,17,1,Y,A,N,A,H,B,A,01,,09,D,,,Y,,C,N,N,D,1,0,0,1,21802.0,2,37.76499176025391,-122.43540954589844,2
2018,2018-10-27,523,10,3,5,6,N,A,N,A,H,C,A,01,N,06,B,,,,,C,N,F,D,1,0,0,0,21750.0,2,37.72378158569336,-122.40086364746094,4
2018,2018-10-28,1122,10,3,11,7,N,A,N,A,H,A,A,01,E,10,G,Y,,,,B,N,N,A,1,1,0,0,21950.0,2,37.748268127441406,-122.41365814208984,3
2018,2018-11-17,2306,11,3,23,6,Y,A,N,A,H,C,A,01,,09,D,,,Y,,C,Y,N,A,1,0,0,1,21801.0,2,37.74559020996094,-122.41986846923828,3
2018,2018-10-26,1619,10,3,16,5,Y,A,N,A,H,A,L,04,,08,D,,Y,,,-,N,N,A,1,0,1,0,22107.0,2,37.77439880371094,-122.42025756835938,3
2018,2018-10-20,1000,10,3,10,6,N,A,N,A,H,A,C,03,S,05,B,,,Y,,C,N,N,D,2,0,0,2,21650.0,2,37.75968170166016,-122.41915893554688,3
2018,2018-10-16,1750,10,3,17,2,N,A,N,A,A,A,-,- ,W,18,H,,,,,A,N,N,D,1,0,0,0,,1,37.76059722900391,-122.44435119628906,3
2018,2018-10-16,1114,10,3,11,2,Y,A,N,A,H,A,C,02,,06,E,,,Y,,C,N,N,A,1,0,0,1,21755.0,2,37.78516006469727,-122.4330825805664,4
2018,2018-10-13,1500,10,3,15,6,N,A,N,A,H,A,A,01,N,08,D,,Y,,,G,N,N,D,1,0,1,0,22107.0,2,37.7693748474121,-122.4315948486328,4
2018,2018-10-12,556,10,3,5,5,Y,A,N,A,H,C,C,03,,17,B,,Y,Y,,G,N,N,A,2,0,1,1,21209.0,2,37.749488,-122.400454,3
2018,2018-10-02,1608,10,3,16,2,Y,A,N,A,H,A,N,60,,11,G,Y,Y,,,B,N,N,D,1,1,0,0,21954.0,2,37.783596,-122.405384,3
2018,2018-10-14,1512,10,3,15,7,Y,A,N,A,H,A,A,01,,08,B,,Y,,,G,N,N,D,1,0,1,0,22107.0,2,37.759697,-122.419155,4
2018,2018-10-11,1959,10,3,19,4,N,A,N,A,H,C,A,01,S,03,C,,,,,C,Y,N,D,2,0,0,0,22350.0,5,37.73751449584961,-122.42514038085938,3
2018,2018-10-10,600,10,3,6,3,Y,A,N,A,H,C,-,,,08,B,,,Y,,C,N,F,A,1,0,0,1,22107.0,2,37.72549057006836,-122.39436340332033,3
2018,2018-10-05,922,10,3,9,5,Y,A,N,A,H,A,-,,,10,G,Y,,,,B,N,N,A,1,1,0,0,21950.0,2,37.78097915649414,-122.4664306640625,2
2018,2018-10-18,1241,10,3,12,4,Y,A,N,A,H,A,A,01,,09,B,,,Y,,C,N,N,A,1,0,0,1,21804.0,2,37.78850936889648,-122.40676879882812,4
2018,2018-10-08,326,10,3,3,1,Y,A,N,A,H,C,L,04,,17,C,,Y,,,G,N,N,A,1,0,1,0,21200.0,2,37.786109924316406,-122.41811370849608,3
2018,2018-10-05,56,10,3,0,5,Y,A,N,A,H,C,-,- ,,00,B,Y,,,,B,,N,A,1,1,0,0,,2,37.775233,-122.40975,4
2018,2018-10-17,1540,10,3,15,3,Y,A,N,A,H,A,-,- ,,00,H,,Y,,,G,N,N,D,1,0,1,0,,2,37.801437,-122.421184,3
2018,2018-10-22,1932,10,3,19,1,N,A,N,A,H,C,A,01,N,10,G,Y,,,,B,N,N,A,1,1,0,0,21950.0,2,37.78030014038086,-122.40343475341795,4
2018,2018-10-31,1344,10,3,13,3,N,A,N,A,H,A,A,01,N,03,C,,,,,C,Y,N,D,1,0,0,0,22350.0,3,37.7532615661621,-122.41416168212892,3
2018,2018-10-05,1725,10,3,17,5,Y,A,N,A,H,A,A,01,,03,C,,,,,C,N,N,D,1,0,0,0,22350.0,2,37.709227,-122.414578,4
2018,2018-10-26,1042,10,3,10,5,N,A,N,A,C,A,A,01,N,03,C,,,Y,,C,N,N,D,1,0,0,1,22350.0,2,37.75478363037109,-122.41651916503906,3
2018,2018-10-30,1855,10,3,18,2,Y,A,N,A,H,C,L,04,,11,D,,Y,Y,,G,N,N,A,2,0,1,1,21453.0,2,37.771968841552734,-122.45407104492188,3
2018,2018-10-31,1629,10,3,16,3,Y,A,N,A,H,A,-,- ,,00,D,,Y,,,G,N,N,D,1,0,1,0,,2,37.778604,-122.513635,4
2018,2018-10-29,1209,10,3,12,1,Y,A,N,A,H,A,A,01,,10,G,Y,,,,B,Y,F,A,2,2,0,0,21950.0,3,37.78165054321289,-122.41549682617188,3
2018,2018-10-29,4,10,3,0,1,Y,A,N,A,H,C,A,01,,12,D,,,,,D,N,N,A,2,0,0,0,21453.0,2,37.77986145019531,-122.4370574951172,4
2018,2018-10-24,1925,10,3,19,3,Y,A,N,A,H,C,A,01,,03,A,,,,,I,Y,N,D,1,0,0,0,22350.0,1,37.754013,-122.476429,4
2018,2018-11-21,1143,11,3,11,3,Y,C,N,B,H,A,F,26,,12,D,,,,Y,J,N,N,A,1,0,0,0,21453.0,2,37.79016876220703,-122.40879058837892,4
2018,2018-11-09,1205,11,3,12,5,Y,A,N,A,H,A,M,96,,22,C,,,,,C,N,N,A,1,0,0,0,23123.0,2,37.7771110534668,-122.39498901367188,4
2018,2018-11-07,1130,11,3,11,3,Y,A,N,A,H,A,C,06,,10,G,Y,,Y,,B,N,N,A,1,1,0,0,21950.0,2,37.724700927734375,-122.43482971191406,4
2018,2018-11-08,1445,11,3,14,4,N,A,N,A,H,A,N,60,W,11,G,Y,,,,B,,N,D,1,1,0,0,21954.0,2,37.78108215332031,-122.46442413330078,4
2018,2018-11-08,2201,11,3,22,4,N,A,N,-,H,C,-,- ,N,00,G,Y,,,,B,N,N,D,1,1,0,0,,2,37.78886413574219,-122.39292144775392,4
2018,2018-11-25,202,11,3,2,7,Y,A,N,A,H,C,A,01,,01,D,,,,,C,Y,F,A,4,0,0,0,23153.0,3,37.77975082397461,-122.40714263916016,4
2018,2018-11-20,1658,11,3,16,2,N,A,N,A,H,C,A,01,S,08,B,,,,,C,N,N,D,5,0,0,0,22107.0,2,37.74391174316406,-122.42102813720705,4
2018,2018-11-11,1009,11,3,10,7,Y,A,N,A,H,A,-,,,08,B,,,,,D,N,N,A,1,0,0,0,22101.0,2,37.791858673095696,-122.3949737548828,4
2018,2018-10-27,1230,10,3,12,6,N,A,N,A,H,A,I,20,W,07,H,,,Y,,C,N,N,A,1,0,0,1,21658.0,2,37.78257751464844,-122.4066925048828,3
2018,2018-10-29,1135,10,3,11,1,N,A,N,A,H,A,L,04,N,17,A,,Y,,,E,N,N,D,1,0,1,0,27400.0,2,37.7362060546875,-122.42662811279295,4
2018,2018-10-20,1734,10,3,17,6,Y,A,N,A,H,A,A,01,,12,D,,,,,C,N,N,A,3,0,0,0,21453.0,2,37.78704071044922,-122.41826629638672,4
2018,2018-08-08,2145,8,2,21,3,Y,A,N,A,G,C,-,- ,,00,G,Y,,,,B,N,F,A,1,1,0,0,,2,37.76189041137695,-122.41826629638672,4
2018,2018-11-25,1300,11,3,13,7,Y,A,N,A,H,A,A,01,,17,A,,,,,C,Y,N,A,1,0,0,0,21461.0,2,37.71271133422852,-122.43300628662108,4
2018,2018-11-26,1639,11,3,16,1,Y,A,N,A,H,A,D,22,,07,A,,,,,I,Y,N,A,1,0,0,0,21658.0,2,37.78227996826172,-122.44786834716795,2
2018,2018-11-27,1300,11,3,13,2,Y,B,N,B,H,A,N,60,,11,G,Y,,,,B,N,M,A,1,1,0,0,21950.0,2,37.803199768066406,-122.42495727539062,4
2018,2018-11-26,1339,11,3,13,1,N,A,N,A,H,A,A,01,W,08,B,,,,,F,Y,N,A,2,0,0,0,22107.0,2,37.78314208984375,-122.40918731689452,3
2018,2018-11-01,830,11,3,8,4,N,A,N,A,H,A,I,10,N,03,C,,,,,E,Y,N,D,1,0,0,0,22350.0,2,37.75921630859375,-122.3893814086914,4
2018,2018-11-09,909,11,3,9,5,N,A,N,A,H,A,D,22,W,03,C,,,,,E,N,N,D,1,0,0,0,22350.0,2,37.75287628173828,-122.50762939453124,4
2018,2018-11-01,1425,11,3,14,4,Y,A,N,A,H,A,L,04,,05,D,,Y,,,G,N,N,A,1,0,1,0,21202.0,2,37.791690826416016,-122.39833831787108,4
2018,2018-11-16,1330,11,3,13,5,Y,A,N,A,H,A,A,01,,03,C,,,,Y,C,Y,N,D,1,0,0,0,22350.0,2,37.73200988769531,-122.37574005126952,3
2018,2018-11-20,1214,11,3,12,2,Y,A,N,D,G,A,-,- ,,18,C,,,,,E,N,N,A,1,0,0,0,,2,37.771728515625,-122.41692352294922,4
2018,2018-11-21,2200,11,3,22,3,Y,A,N,B,H,C,D,22,,00,D,,,,,C,,F,A,1,0,0,0,21808.0,2,37.73482894897461,-122.39076995849608,4
2018,2018-11-10,1114,11,3,11,6,N,A,N,A,H,A,A,07,E,03,C,,,,,E,Y,N,A,2,0,0,0,22350.0,2,37.74071502685546,-122.38945770263672,4
2018,2018-11-05,754,11,3,7,1,Y,A,N,A,H,B,D,22,,10,G,Y,,,,B,N,N,D,2,2,0,0,21950.0,3,37.733158111572266,-122.43247222900392,4
2018,2018-11-05,1848,11,3,18,1,N,A,N,A,H,C,-,- ,N,00,G,Y,,,,B,N,N,A,1,1,0,0,,2,37.789649963378906,-122.42050170898438,3
2018,2018-11-13,823,11,3,8,2,Y,B,N,B,H,A,D,22,,09,D,,Y,,,G,N,N,A,1,0,1,0,21801.0,2,37.780738830566406,-122.41532135009766,3
2018,2018-11-16,1307,11,3,13,5,N,A,N,A,H,A,A,01,E,03,E,,,,,J,Y,N,A,2,0,0,0,22350.0,1,37.81990432739258,-122.36412048339844,3
2018,2018-11-16,902,11,3,9,5,N,A,N,A,H,A,A,07,S,08,D,,,,,C,Y,N,D,2,0,0,0,22100.0,2,37.74319076538086,-122.47248077392578,3