ACCIDENT_YEAR,COLLISION_DATE,COLLISION_TIME,MONTH,SEASON,24HOURS,DAY_OF_WEEK,INTERSECTION,WEATHER_1,STATE_HWY_IND,ROAD_SURFACE,ROAD_COND_1,LIGHTING,STWD_VEHTYPE_AT_FAULT,CHP_VEHTYPE_AT_FAULT,DIRECTION,PCF_VIOL_CATEGORY,TYPE_OF_COLLISION,PEDESTRIAN_ACCIDENT,BICYCLE_ACCIDENT,MOTORCYCLE_ACCIDENT,TRUCK_ACCIDENT,MVIW,TOW_AWAY,HIT_AND_RUN,CONTROL_DEVICE,NUMBER_INJURED,COUNT_PED_INJURED,COUNT_BICYCLIST_INJURED,COUNT_MC_INJURED,PCF_VIOLATION,PARTY_COUNT,POINT_Y,POINT_X,COLLISION_SEVERITY
2018,2018-11-08,1645,11,3,16,4,N,A,N,A,H,A,A,07,E,01,F,Y,,,,E,Y,N,A,1,1,0,0,23152.0,3,37.774173736572266,-122.45944213867188,4
2018,2018-11-12,1744,11,3,17,1,N,A,N,A,H,C,A,01,E,03,F,,,,,C,Y,N,D,1,0,0,0,22350.0,2,37.76485824584961,-122.49088287353516,4
2018,2018-11-20,1720,11,3,17,2,N,A,N,A,H,C,A,01,S,03,C,,,,,C,N,F,A,1,0,0,0,22350.0,2,37.7430534362793,-122.42156219482422,4
2018,2018-11-08,1300,11,3,13,4,Y,A,N,A,H,A,A,01,,09,D,,,,,C,Y,N,A,1,0,0,0,21801.0,2,37.76502990722656,-122.48687744140624,4
2018,2018-11-21,1428,11,3,14,3,N,C,N,B,H,A,-,,S,03,C,,,,,C,N,N,A,2,0,0,0,22350.0,2,37.76042556762695,-122.4148178100586,4
2018,2018-11-09,953,11,3,9,5,Y,A,N,A,H,A,A,08,,08,B,,Y,,,G,N,N,A,1,0,1,0,22107.0,2,37.76815032958984,-122.42218017578124,3
2018,2018-11-23,117,11,3,1,5,Y,C,N,B,H,C,A,01,,10,G,Y,,,,B,N,M,A,1,1,0,0,21950.0,2,37.736419677734375,-122.39021301269533,3
2018,2018-11-21,810,11,3,8,3,Y,C,N,B,H,A,L,04,,06,B,,Y,,,G,N,N,D,1,0,1,0,21750.0,2,,,3
2018,2018-11-08,950,11,3,9,4,N,A,N,A,H,A,A,01,W,08,H,,Y,,,G,N,N,D,1,0,1,0,22107.0,2,37.77853775024414,-122.42501831054688,3
2018,2018-11-29,2227,11,3,22,4,Y,A,N,A,H,C,A,01,,09,A,,,Y,,C,N,N,A,1,0,0,1,21801.0,2,37.767608642578125,-122.42893981933594,4
2018,2018-11-24,1859,11,3,18,6,Y,A,N,A,H,C,A,01,,10,B,Y,,,,B,N,F,A,1,1,0,0,21950.0,2,37.78097915649414,-122.40869140625,2
2018,2018-11-07,1332,11,3,13,3,Y,A,Y,A,H,A,-,99,,07,B,,,,,C,Y,F,D,1,0,0,0,21658.0,2,37.77826690673828,-122.4199676513672,4
2018,2018-11-30,1715,11,3,17,5,Y,A,N,A,H,C,-,- ,,00,G,Y,,,,B,N,F,A,1,1,0,0,,3,37.77428817749024,-122.45835113525392,3
2018,2018-11-20,1355,11,3,13,2,Y,A,N,A,H,A,-,,,08,B,,,,,C,Y,N,A,1,0,0,0,22107.0,2,37.78548049926758,-122.42301940917967,4
2018,2018-11-11,442,11,3,4,7,Y,A,N,A,H,C,L,04,,12,D,,Y,,,G,N,N,A,1,0,1,0,21453.0,2,37.799287,-122.397566,3
2018,2018-11-26,1513,11,3,15,1,Y,A,N,A,H,A,A,01,,03,H,,,,,I,Y,N,A,2,0,0,0,22350.0,2,37.742801666259766,-122.48105621337892,2
2018,2018-11-24,2206,11,3,22,6,Y,A,N,A,H,C,A,01,,01,A,Y,,,,B,Y,N,A,1,1,0,0,23153.0,2,37.74811935424805,-122.42024993896484,4
2018,2018-11-11,227,11,3,2,7,Y,A,N,A,H,C,A,07,,12,D,,,,,C,Y,F,A,2,0,0,0,21453.0,3,37.775001525878906,-122.41316223144533,3
2018,2018-11-27,2324,11,3,23,2,N,A,N,B,H,C,A,01,W,11,G,Y,,,,B,N,N,A,1,1,0,0,21955.0,2,,,4
2018,2018-11-24,1600,11,3,16,6,N,A,N,B,H,A,A,01,N,03,B,,Y,,,C,Y,F,D,1,0,1,0,22350.0,5,37.74411392211913,-122.40452575683594,4
2018,2018-11-09,2115,11,3,21,5,N,A,N,A,H,C,A,01,N,21,C,,,,,C,N,N,A,1,0,0,0,22106.0,2,37.79233169555664,-122.39120483398438,4
2018,2018-11-30,1841,11,3,18,5,N,A,N,A,H,C,A,01,N,03,C,,,,,C,Y,N,A,3,0,0,0,22350.0,4,37.79792404174805,-122.39666748046876,4
2018,2018-11-18,102,11,3,1,7,Y,A,N,A,H,C,A,01,,12,D,,,,,C,Y,N,A,2,0,0,0,22450.0,3,37.728641510009766,-122.4259796142578,3
2018,2018-11-30,1327,11,3,13,5,N,A,N,A,H,A,N,60,S,11,G,Y,,,,B,N,N,D,1,1,0,0,21955.0,2,37.764198303222656,-122.4525146484375,4
2018,2018-11-30,1139,11,3,11,5,Y,A,N,A,H,A,A,01,,03,C,,,,,C,Y,N,A,2,0,0,0,22350.0,2,37.76229095458984,-122.46404266357422,4
2018,2018-11-28,854,11,3,8,3,Y,A,N,A,H,A,-,,,17,G,,Y,,,B,N,N,A,1,0,1,0,22517.0,3,37.7846794128418,-122.3978271484375,3
2018,2018-11-27,1838,11,3,18,2,Y,C,N,B,H,C,A,01,,12,G,Y,,,,B,N,F,A,1,1,0,0,22450.0,2,37.825241088867195,-122.36994171142578,3
2018,2018-11-23,1155,11,3,11,5,Y,C,N,B,H,A,A,01,,01,A,,,,,I,Y,N,D,1,0,0,0,23152.0,1,37.74900817871094,-122.38759613037108,4
2018,2018-11-30,1826,11,3,18,5,Y,A,N,-,-,B,A,01,,09,D,,Y,,,G,N,N,D,1,0,1,0,21801.0,2,37.76974105834961,-122.40496826171876,4
2018,2018-11-30,910,11,3,9,5,Y,A,N,A,H,A,A,01,,07,B,,,,,C,Y,N,A,1,0,0,0,21658.0,2,37.728790283203125,-122.43453216552734,4
2018,2018-11-14,1650,11,3,16,3,N,A,N,A,H,A,L,04,N,06,B,,Y,,,G,N,N,D,1,0,1,0,21760.0,2,37.76185989379882,-122.42157745361328,3
2018,2018-11-29,1430,11,3,14,4,Y,C,N,B,H,A,A,01,,10,A,Y,,,,B,N,N,A,1,1,0,0,21950.0,2,37.778858184814446,-122.39275360107422,4
2018,2018-11-30,820,11,3,8,5,N,A,N,A,H,A,C,03,E,17,D,,,Y,,J,N,N,D,1,0,0,1,21235.0,2,37.78518295288086,-122.41053009033205,4
2018,2018-11-14,1727,11,3,17,3,N,A,N,A,H,C,A,01,N,22,G,Y,,,,B,N,N,A,1,1,0,0,,2,37.7521858215332,-122.43857574462892,3
2018,2018-11-29,815,11,3,8,4,Y,C,N,B,H,A,A,01,,10,D,Y,,,,B,N,N,A,1,1,0,0,21950.0,2,37.78627014160156,-122.40200042724608,4
2018,2018-11-14,630,11,3,6,3,N,A,N,A,H,B,A,01,N,07,C,,,,,E,Y,N,A,1,0,0,0,21658.0,2,,,3
2018,2018-11-14,600,11,3,6,3,Y,A,N,-,H,C,-,- ,,12,D,,,,,C,N,N,A,1,0,0,0,21453.0,2,37.77532958984375,-122.4277114868164,4
2018,2018-11-13,1927,11,3,19,2,Y,A,N,-,H,C,A,01,,22,C,,,,,C,N,N,A,1,0,0,0,,3,37.733009338378906,-122.43213653564452,4
2018,2018-11-09,1715,11,3,17,5,Y,A,N,A,H,C,A,01,,09,D,,,,,C,Y,N,A,1,0,0,0,21802.0,3,37.77811050415039,-122.48567199707033,3
2018,2018-11-13,1430,11,3,14,2,Y,A,N,A,H,-,A,01,,12,D,,,,,C,Y,F,D,1,0,0,0,22450.0,2,37.793651580810554,-122.43985748291016,4
2018,2018-11-13,1816,11,3,18,2,N,F,N,A,G,B,A,01,E,06,B,,Y,,,G,N,N,A,1,0,1,0,21750.0,2,37.7697868347168,-122.40380859375,3
2018,2018-11-13,1749,11,3,17,2,N,A,N,A,H,C,C,02,N,04,C,,,Y,,-,N,N,D,1,0,0,1,21703.0,2,37.73656463623047,-122.44355010986328,4
2018,2018-10-21,1715,10,3,17,7,Y,A,N,A,H,A,I,11,,09,A,,,,,C,Y,N,A,2,0,0,0,21801.0,3,37.77906036376953,-122.40187072753906,4
2018,2018-11-30,739,11,3,7,5,N,A,N,A,H,A,-,- ,,00,H,,,Y,,-,Y,N,A,1,0,0,1,,1,37.78472900390625,-122.43129730224608,3
2018,2018-11-22,2137,11,3,21,4,Y,C,N,B,H,C,A,01,,03,A,,,,,I,Y,N,D,1,0,0,0,22350.0,1,37.71361923217773,-122.40000915527344,4
2018,2018-11-26,852,11,3,8,1,Y,A,N,A,H,A,A,07,,10,G,Y,,,,B,N,N,A,1,1,0,0,21950.0,2,37.78694915771485,-122.41150665283205,4
2018,2018-11-21,414,11,3,4,3,Y,C,N,B,H,C,A,01,,12,A,,,,,C,N,N,A,3,0,0,0,21453.0,3,37.7619514465332,-122.41719818115234,4
2018,2018-11-26,1000,11,3,10,1,N,A,N,A,H,A,-,99,S,03,C,,,,,C,Y,F,D,1,0,0,0,22350.0,3,37.7358283996582,-122.49407958984376,3
2018,2018-11-27,933,11,3,9,2,N,B,N,B,H,A,A,01,W,12,B,,Y,,,G,N,N,D,1,0,1,0,22450.0,2,37.74026870727539,-122.4209442138672,4
2018,2018-11-18,1330,11,3,13,7,Y,A,N,A,H,A,A,01,,03,-,,,,,-,Y,N,A,2,0,0,0,22350.0,3,37.784961700439446,-122.44814300537108,4
2018,2018-11-16,1340,11,3,13,5,N,F,N,A,H,A,A,01,S,01,C,,,,,E,Y,M,-,1,0,0,0,23152.0,2,37.76140213012695,-122.41715240478516,4
2018,2018-11-16,1121,11,3,11,5,N,A,N,A,H,A,-,,N,03,E,,,,,I,,N,D,1,0,0,0,22350.0,1,37.71511459350586,-122.41600036621094,2
2018,2018-10-21,606,10,3,6,7,Y,-,N,A,H,C,D,22,,08,H,,,,,J,N,F,D,1,0,0,0,22102.0,2,37.79801940917969,-122.40548706054688,4
2018,2018-10-08,1922,10,3,19,1,N,A,N,A,H,C,L,04,W,00,D,,Y,,,G,N,N,A,1,0,1,0,21650.0,2,37.78944396972656,-122.38867950439452,4
2018,2018-10-21,630,10,3,6,7,N,A,N,A,H,B,-,99,W,10,G,Y,,,,B,N,F,D,1,1,0,0,21950.0,2,37.76431655883789,-122.410400390625,4
2018,2018-10-09,1416,10,3,14,2,N,A,N,A,H,A,A,01,W,04,C,,Y,,,G,,F,D,1,0,1,0,21703.0,2,37.78583526611328,-122.40254974365234,3
2018,2018-11-11,1917,11,3,19,7,Y,A,N,A,H,C,A,01,,12,D,,,,,C,N,N,A,3,0,0,0,22450.0,2,37.74681091308594,-122.4748764038086,4
2018,2018-11-11,1040,11,3,10,7,N,A,N,A,H,A,A,01,S,02,C,,,,,C,N,F,A,1,0,0,0,22400.0,2,37.79877471923828,-122.43584442138672,4
2018,2018-11-08,940,11,3,9,4,N,A,N,A,H,A,-,- ,S,17,C,,Y,,,G,,N,D,1,0,1,0,22517.0,2,37.77108001708984,-122.40074157714844,4
2018,2018-11-18,910,11,3,9,7,N,B,N,A,H,-,A,01,E,10,G,Y,,,,B,N,N,A,1,1,0,0,21950.0,2,37.78438186645508,-122.40928649902344,4
2018,2018-11-12,1641,11,3,16,1,N,A,N,A,H,A,A,01,E,17,H,,Y,,,G,N,N,A,1,0,1,0,22517.0,2,37.77872085571289,-122.4147491455078,4
2018,2018-11-12,400,11,3,4,1,N,A,N,A,H,C,A,01,S,21,G,Y,,,,B,N,F,D,1,1,0,0,22106.0,2,37.76262283325195,-122.43515777587892,4
2018,2018-11-12,1639,11,3,16,1,Y,A,N,A,H,A,A,01,,10,G,Y,,,,B,N,N,A,1,1,0,0,21950.0,2,37.78493881225586,-122.40476989746094,4
2018,2018-11-13,1602,11,3,16,2,N,A,N,A,H,A,A,08,N,21,E,,,,,A,N,N,D,1,0,0,0,22106.0,1,37.74161148071289,-122.41445922851562,4
2018,2018-11-17,1523,11,3,15,6,N,A,N,A,A,A,A,01,S,17,E,,Y,,,G,N,F,A,1,0,1,0,22517.0,3,37.77589797973633,-122.42276763916016,4
2018,2018-11-21,520,11,3,5,3,N,C,N,B,H,D,A,01,W,08,A,,,,,C,Y,N,A,1,0,0,0,22102.0,2,37.74251556396485,-122.38469696044922,4
2018,2018-11-22,1022,11,3,10,4,Y,B,N,B,H,A,N,60,,11,-,Y,,,,B,N,N,A,1,1,0,0,21950.0,2,37.78596115112305,-122.44172668457033,4
2018,2018-11-05,1107,11,3,11,1,Y,A,N,A,H,A,L,04,,09,-,,Y,,,G,N,N,A,1,0,1,0,21800.0,2,37.76998901367188,-122.42018127441406,4
2018,2018-11-08,1551,11,3,15,4,Y,A,N,A,H,A,A,01,,03,B,,,,,-,N,F,A,1,0,0,0,22350.0,3,37.74739074707031,-122.40361785888672,4
2018,2018-11-06,938,11,3,9,2,N,A,N,A,H,A,A,01,S,10,G,Y,,,,B,N,N,A,1,1,0,0,21950.0,2,37.789596557617195,-122.43565368652344,4
2018,2018-11-12,1713,11,3,17,1,Y,A,N,A,H,A,A,01,,12,G,Y,,,,B,N,F,A,1,1,0,0,21453.0,2,37.772979736328125,-122.4459228515625,3
2018,2018-11-19,830,11,3,8,1,Y,B,N,A,-,A,-,99,,10,G,Y,,,,B,N,F,A,1,1,0,0,21950.0,2,37.76287841796875,-122.4285125732422,4
2018,2018-11-19,2039,11,3,20,1,Y,B,N,A,H,C,A,07,,12,D,,,,,C,Y,N,A,2,0,0,0,21453.0,2,37.78805160522461,-122.41002655029295,3
2018,2018-11-15,825,11,3,8,4,Y,A,N,A,H,A,A,01,,04,C,,,,,C,Y,N,A,2,0,0,0,21703.0,2,37.78049850463867,-122.41693878173828,4
2018,2018-11-14,1124,11,3,11,3,N,A,N,A,H,A,A,01,W,08,B,,,,,E,Y,N,D,2,0,0,0,22107.0,4,37.78470230102539,-122.46710968017578,3
2018,2018-11-04,1218,11,3,12,7,Y,A,N,A,H,A,A,01,,09,D,,,,,C,Y,N,D,1,0,0,0,21802.0,2,37.78350830078125,-122.40746307373048,4
2018,2018-11-03,1107,11,3,11,6,N,A,N,A,H,A,A,01,N,21,H,,,,,I,Y,N,D,1,0,0,0,22106.0,1,37.730781555175774,-122.42244720458984,2
2018,2018-11-15,1848,11,3,18,4,N,A,N,A,H,C,-,- ,W,00,B,,Y,,,G,N,N,D,1,0,1,0,,2,37.787254333496094,-122.4091339111328,3
2018,2018-11-14,2030,11,3,20,3,N,A,N,A,H,C,A,01,E,03,B,,,,,C,Y,M,D,1,0,0,0,22350.0,2,37.807861328125,-122.41859436035156,2
2018,2018-11-12,1727,11,3,17,1,Y,A,N,A,G,C,L,04,,22,E,,Y,,,-,N,N,A,1,0,1,0,,1,37.79248809814453,-122.3973388671875,3
2018,2018-11-15,1735,11,3,17,4,Y,A,N,A,H,B,C,02,,04,C,,,Y,,C,N,N,A,2,0,0,1,21703.0,3,37.78144073486328,-122.45630645751952,3
2018,2018-11-04,921,11,3,9,7,Y,A,N,A,H,A,A,01,,04,C,,,,,C,Y,N,A,1,0,0,0,21703.0,3,37.77118,-122.47945,4
2018,2018-11-16,1223,11,3,12,5,Y,A,N,A,H,A,L,04,,03,H,,Y,,,I,N,N,D,1,0,1,0,22350.0,1,37.784212,-122.404642,4
2018,2018-11-03,2230,11,3,22,6,Y,-,N,-,-,-,A,01,,22,-,,,,,-,N,F,-,2,0,0,0,,2,37.774296,-122.430878,4
2018,2018-11-04,400,11,3,4,7,Y,A,N,A,H,C,A,01,,03,C,,,,,C,Y,N,A,3,0,0,0,22350.0,2,37.76491165161133,-122.42189025878906,4
2018,2018-11-01,755,11,3,7,4,Y,A,N,A,H,B,A,07,,12,D,,,,,C,Y,N,A,1,0,0,0,21453.0,2,37.7740592956543,-122.43759918212892,4
2018,2018-11-27,1800,11,3,18,2,Y,C,N,B,H,C,A,01,,09,D,,,,,D,N,N,A,1,0,0,0,21802.0,2,37.76583862304688,-122.40654754638672,4
2018,2018-11-01,1800,11,3,18,4,Y,A,N,A,H,A,A,01,,09,D,Y,,,,C,Y,N,A,4,1,0,0,21801.0,3,37.78815078735352,-122.39031982421876,3
2018,2018-10-26,1555,10,3,15,5,Y,A,N,A,H,A,N,60,,11,G,Y,,,,B,N,N,A,1,1,0,0,21453.0,2,37.72240829467773,-122.395751953125,2
2018,2018-11-02,1630,11,3,16,5,Y,A,N,A,-,A,A,01,,08,D,,Y,,,G,N,F,D,1,0,1,0,22102.0,2,37.779803,-122.413362,4
2018,2018-11-10,1227,11,3,12,6,N,A,N,A,H,A,-,,,03,H,,,,,C,Y,N,A,2,0,0,0,22350.0,1,37.79098892211913,-122.41739654541016,4
2018,2018-11-14,1135,11,3,11,3,N,A,N,A,H,A,L,04,,03,H,,Y,,,G,,N,A,1,0,1,0,22350.0,1,37.78924179077149,-122.40139770507812,2
2018,2018-12-29,1015,12,4,10,6,N,A,N,A,H,A,D,22,N,21,C,,,,,C,Y,N,D,1,0,0,0,22106.0,2,37.73655700683594,-122.39016723632812,4
2018,2018-12-19,1850,12,4,18,3,N,A,Y,A,H,C,A,01,N,08,B,,,,Y,C,N,N,A,1,0,0,0,22107.0,2,37.73552703857422,-122.40685272216795,4
2018,2018-12-28,1100,12,4,11,5,N,A,N,A,H,A,D,22,W,10,G,Y,,,,B,N,N,D,1,1,0,0,21950.0,2,37.7588996887207,-122.498291015625,3
2018,2018-12-29,2020,12,4,20,6,N,A,N,A,H,C,D,22,N,03,E,,,,,I,Y,N,D,1,0,0,0,22350.0,1,37.746578216552734,-122.38613891601562,3
2018,2018-12-30,1400,12,4,14,7,Y,A,N,A,H,A,C,03,,08,B,,,Y,,C,N,N,D,1,0,0,1,22107.0,2,37.80521011352539,-122.43206787109376,2
2018,2018-12-22,1734,12,4,17,6,Y,A,N,A,H,C,D,22,,17,B,,,,,C,N,N,A,1,0,0,0,21461.0,2,37.76998901367188,-122.42018127441406,4
2018,2018-12-11,1730,12,4,17,2,Y,A,N,A,H,C,D,22,,10,G,Y,,,,B,N,N,A,1,1,0,0,21950.0,2,37.7965087890625,-122.41005706787108,4
2018,2018-12-24,1120,12,4,11,1,Y,C,Y,B,D,A,N,60,,11,-,Y,,,Y,B,N,N,A,1,1,0,0,21453.0,2,37.777305603027344,-122.41978454589844,4
2018,2018-12-11,1320,12,4,13,2,N,A,N,A,H,A,F,56,S,08,B,,,,Y,E,N,N,D,1,0,0,0,22107.0,2,37.78852462768555,-122.38903045654295,4
2018,2018-12-12,1630,12,4,16,3,Y,A,N,A,H,B,F,26,,04,C,,,,Y,C,Y,N,D,2,0,0,0,21703.0,2,37.71604919433594,-122.44023895263672,4
2018,2018-12-13,920,12,4,9,4,N,A,N,A,H,A,A,01,S,06,C,,Y,,,G,N,N,A,1,0,1,0,21750.0,3,37.775684356689446,-122.39321899414062,3
2018,2018-12-27,1432,12,4,14,4,Y,A,N,A,H,A,-,- ,,18,A,,,,,E,Y,N,D,1,0,0,0,,5,37.76361846923828,-122.41620635986328,3
2018,2018-12-21,1245,12,4,12,5,N,B,N,B,H,A,N,60,E,11,G,Y,,,,B,N,N,D,1,1,0,0,21954.0,2,37.7431526184082,-122.47344970703124,2
2018,2018-12-14,1100,12,4,11,5,Y,B,N,B,H,A,A,01,,01,A,,,,Y,C,Y,N,A,1,0,0,0,23152.0,2,37.7098388671875,-122.40863037109376,4
2018,2018-12-21,1535,12,4,15,5,-,A,N,A,H,A,A,01,,08,F,,,,Y,C,Y,N,A,1,0,0,0,22107.0,2,37.7830810546875,-122.39363098144533,4
2018,2018-11-29,1500,11,3,15,4,Y,A,N,B,H,A,D,22,,10,G,Y,,,,B,N,N,A,1,1,0,0,21950.0,2,37.78678894042969,-122.39824676513672,4
2018,2018-12-21,1713,12,4,17,5,Y,A,N,A,H,C,I,09,,10,G,Y,,,,B,N,N,A,1,1,0,0,21950.0,2,37.7952880859375,-122.39797973632812,4
2018,2018-11-21,1600,11,3,16,3,Y,B,N,B,D,A,F,24,,08,B,,,,Y,C,N,N,A,2,0,0,0,22107.0,2,37.778858184814446,-122.39275360107422,4
2018,2018-12-09,516,12,4,5,7,Y,A,N,A,H,C,A,01,,12,D,,,,,C,Y,N,A,4,0,0,0,21453.0,2,37.72903823852539,-122.41951751708984,3
2018,2018-12-04,1259,12,4,12,2,N,A,N,A,H,A,D,22,S,04,C,,,,,C,N,N,A,1,0,0,0,21703.0,2,37.78030776977539,-122.41690063476562,4
2018,2018-12-04,1106,12,4,11,2,Y,A,N,A,H,A,D,22,,08,B,,,,,C,Y,N,D,1,0,0,0,22107.0,2,37.772659301757805,-122.41500091552734,4
2018,2018-12-03,1309,12,4,13,1,N,A,N,A,H,A,-,- ,S,18,C,,,,,E,Y,N,D,1,0,0,0,,3,37.7929573059082,-122.39751434326172,2
2018,2018-12-01,630,12,4,6,6,Y,C,N,B,H,C,D,22,,12,D,,,,,C,Y,N,A,1,0,0,0,21453.0,2,37.7635612487793,-122.47720336914062,4
2018,2018-12-05,1030,12,4,10,3,N,B,N,B,H,A,D,22,E,03,D,,,,,C,,N,D,1,0,0,0,22350.0,2,37.72846603393555,-122.38119506835938,4
2018,2018-12-11,1748,12,4,17,2,Y,A,N,A,H,C,F,55,,09,D,,Y,,Y,G,N,N,D,1,0,1,0,21804.0,2,37.78786849975586,-122.40099334716795,4
2018,2018-12-01,1500,12,4,15,6,N,A,N,A,H,A,N,60,W,11,G,Y,,,,B,N,N,D,1,1,0,0,21954.0,2,37.738479614257805,-122.49474334716795,3
2018,2018-12-11,1417,12,4,14,2,Y,A,N,A,H,A,I,11,,08,B,,,,Y,E,N,N,A,1,0,0,0,22107.0,2,37.739288330078125,-122.40026092529295,4
2018,2018-12-18,855,12,4,8,2,N,A,N,A,-,A,A,01,S,07,B,,,,Y,C,Y,N,D,1,0,0,0,21658.0,2,37.747455596923835,-122.41864776611328,4
2018,2018-12-25,1700,12,4,17,2,N,A,N,A,H,C,A,01,,08,D,,,,,E,N,N,D,1,0,0,0,22107.0,5,37.72098922729492,-122.39636993408205,4
2018,2018-12-18,919,12,4,9,2,N,A,N,A,A,A,A,07,S,08,B,,,,,C,N,N,D,1,0,0,0,22107.0,2,37.785640716552734,-122.4592056274414,4
2018,2018-12-27,552,12,4,5,4,Y,A,N,A,H,C,A,01,,12,D,,,,Y,C,Y,F,A,1,0,0,0,21453.0,2,37.74298095703125,-122.3884506225586,4
2018,2018-08-10,2129,8,2,21,5,N,A,N,A,-,C,C,02,W,08,B,,,Y,,C,Y,N,-,1,0,0,1,22107.0,2,37.77372741699219,-122.43262481689452,2
2018,2018-08-05,106,8,2,1,7,Y,A,N,A,H,C,A,01,,09,D,,,,,C,Y,N,A,1,0,0,0,21801.0,2,37.77624130249024,-122.41471862792967,4
2018,2018-09-18,925,9,3,9,2,Y,B,N,A,H,A,-,,,11,C,,,,,J,,N,D,1,0,0,0,21956.0,2,37.754348754882805,-122.40545654296876,3
2018,2018-10-19,2015,10,3,20,5,N,A,N,A,H,C,A,01,,17,H,,,,,C,N,N,D,1,0,0,0,22517.0,2,37.76263046264648,-122.43296813964844,3
2018,2018-12-17,301,12,4,3,1,N,B,N,B,H,C,A,01,S,03,H,,,,,J,Y,N,D,2,0,0,0,22350.0,1,37.77312850952149,-122.47177886962892,4
2018,2018-10-21,1540,10,3,15,7,Y,A,N,A,H,A,A,01,,10,G,Y,,,,B,N,N,A,1,1,0,0,21950.0,2,37.75143051147461,-122.43186950683594,4
2018,2018-12-17,1137,12,4,11,1,Y,A,N,A,H,A,A,01,,10,G,Y,,,,B,N,N,A,1,1,0,0,21950.0,2,37.78609085083008,-122.39295959472656,4
2018,2018-12-05,2210,12,4,22,3,Y,A,N,A,H,C,A,01,,09,B,,,Y,,C,Y,N,A,1,0,0,0,21801.0,2,37.76424026489258,-122.43314361572266,3
2018,2018-12-05,1835,12,4,18,3,Y,A,N,A,H,A,A,01,,09,D,,,,,C,N,N,A,1,0,0,0,21801.0,2,37.76602935791016,-122.40363311767578,4
2018,2018-12-05,1754,12,4,17,3,Y,A,N,A,H,B,A,01,,09,D,,,Y,,C,Y,F,D,1,0,0,1,21801.0,2,37.76290130615234,-122.41291046142578,3
2018,2018-12-05,1543,12,4,15,3,-,B,N,A,H,A,A,01,,21,H,,Y,,,G,N,N,D,1,0,1,0,22106.0,2,37.72343063354492,-122.40009307861328,4
2018,2018-12-05,1438,12,4,14,3,Y,B,N,A,H,A,A,01,,10,G,Y,,,,B,N,F,A,1,1,0,0,21950.0,2,37.731639862060554,-122.3918914794922,4
2018,2018-12-05,1119,12,4,11,3,N,B,N,B,H,A,A,01,S,09,A,,Y,,,C,N,N,D,1,0,1,0,21801.0,2,37.757774353027344,-122.41787719726562,3
2018,2018-12-05,855,12,4,8,3,Y,C,N,B,H,A,A,07,,10,G,Y,,,,B,N,N,A,1,1,0,0,21950.0,2,37.71139144897461,-122.45902252197266,3
2018,2018-12-04,1913,12,4,19,2,Y,B,N,B,H,C,-,99,,03,D,,,,,C,Y,N,D,2,0,0,0,22350.0,3,37.717918395996094,-122.46443939208984,4
2018,2018-12-04,1847,12,4,18,2,Y,C,N,B,H,C,A,01,,12,D,,,,,C,Y,N,A,1,0,0,0,22450.0,2,37.77449035644531,-122.48323822021484,4
2018,2018-12-08,1300,12,4,13,6,N,B,N,A,A,A,L,04,S,03,B,,Y,,,G,N,N,D,1,0,1,0,22350.0,2,37.75304412841797,-122.42074584960938,4
2018,2018-12-09,221,12,4,2,7,N,A,N,A,H,E,-,,W,03,C,,Y,Y,,G,N,F,D,1,0,1,0,22350.0,3,37.786014556884766,-122.39923095703124,2
2018,2018-12-07,1348,12,4,13,5,-,A,N,A,H,A,-,,E,11,C,Y,,Y,,C,,N,D,1,0,0,1,21954.0,3,37.78871154785156,-122.43549346923828,3
2018,2018-12-07,1303,12,4,13,5,N,A,N,A,H,A,N,60,,00,D,Y,,Y,,B,N,N,A,2,1,0,1,21456.0,2,37.79108810424805,-122.42415618896484,4
2018,2018-12-06,2,12,4,0,4,Y,B,N,A,H,C,A,01,,03,D,,,,,C,Y,N,A,1,0,0,0,22350.0,4,37.768421173095696,-122.41780090332033,4
2018,2018-12-02,1738,12,4,17,7,N,A,N,D,H,C,L,04,N,05,H,,Y,,,-,,N,D,1,0,1,0,21202.0,1,37.74615478515625,-122.38607788085938,4