ACCIDENT_YEAR,COLLISION_DATE,COLLISION_TIME,MONTH,SEASON,24HOURS,DAY_OF_WEEK,INTERSECTION,WEATHER_1,STATE_HWY_IND,ROAD_SURFACE,ROAD_COND_1,LIGHTING,STWD_VEHTYPE_AT_FAULT,CHP_VEHTYPE_AT_FAULT,DIRECTION,PCF_VIOL_CATEGORY,TYPE_OF_COLLISION,PEDESTRIAN_ACCIDENT,BICYCLE_ACCIDENT,MOTORCYCLE_ACCIDENT,TRUCK_ACCIDENT,MVIW,TOW_AWAY,HIT_AND_RUN,CONTROL_DEVICE,NUMBER_INJURED,COUNT_PED_INJURED,COUNT_BICYCLIST_INJURED,COUNT_MC_INJURED,PCF_VIOLATION,PARTY_COUNT,POINT_Y,POINT_X,COLLISION_SEVERITY
2019,2019-01-15,1045,1,4,10,2,N,C,N,B,H,A,C,06,W,04,C,,,Y,,C,N,N,D,1,0,0,0,21703.0,2,37.74831771850586,-122.41094970703124,4
2019,2019-01-10,1540,1,4,15,4,Y,A,N,A,H,A,A,07,,12,D,,,Y,,C,N,N,A,1,0,0,0,22450.0,2,37.72858810424805,-122.40509033203124,4
2019,2019-01-06,1431,1,4,14,7,Y,C,N,B,H,A,L,04,,12,D,,Y,,,G,N,N,A,1,0,1,0,21453.0,2,37.769309997558594,-122.41082000732422,3
2019,2019-01-29,1945,1,4,19,2,Y,A,N,A,H,C,A,01,,08,D,,Y,,,G,N,N,D,1,0,1,0,22107.0,2,37.77864074707031,-122.43174743652344,3
2019,2019-01-14,1900,1,4,19,1,Y,A,N,A,H,B,-,- ,,04,C,,,,,C,,N,D,1,0,0,0,21703.0,2,37.77561950683594,-122.4030532836914,4
2019,2019-01-02,1244,1,4,12,3,Y,A,N,A,H,A,A,01,,09,D,,,,,C,Y,N,A,3,0,0,0,21801.0,3,37.77428817749024,-122.45835113525392,3
2019,2019-01-26,1925,1,4,19,6,Y,A,N,A,H,C,A,01,,03,D,,,,,C,Y,F,A,2,0,0,0,22350.0,2,37.782188415527344,-122.40717315673828,4
2019,2019-01-23,800,1,4,8,3,N,A,N,A,H,A,A,01,S,03,C,,,,,C,N,N,A,1,0,0,0,22350.0,2,37.759963989257805,-122.49576568603516,4
2019,2019-01-14,1452,1,4,14,1,N,C,N,B,H,A,A,01,E,10,G,Y,,,,B,N,N,A,1,1,0,0,21950.0,2,37.734161376953125,-122.49044036865234,3
2019,2019-01-02,1327,1,4,13,3,Y,A,N,A,H,A,C,02,,03,H,,,Y,,A,N,N,A,1,0,0,1,22350.0,1,37.765979766845696,-122.43100738525392,4
2019,2019-01-02,2058,1,4,20,3,N,A,N,A,H,C,A,01,N,06,B,,Y,,,G,N,N,A,1,0,1,0,21760.0,2,37.77975845336913,-122.40715026855467,4
2019,2019-01-22,1100,1,4,11,2,Y,A,N,A,H,A,-,- ,,00,G,Y,,,,B,N,N,A,1,1,0,0,,2,37.76485061645508,-122.50089263916016,4
2019,2019-01-14,1745,1,4,17,1,N,A,N,A,H,D,A,01,N,04,C,,,,,C,N,N,A,1,0,0,0,21703.0,2,37.773540496826165,-122.47180938720705,4
2019,2019-01-12,2220,1,4,22,6,Y,A,N,A,H,C,L,04,,12,A,,Y,,,G,N,N,A,1,0,1,0,21453.0,2,37.76815032958984,-122.42218017578124,4
2019,2019-01-03,841,1,4,8,4,Y,A,N,A,H,A,A,01,,10,G,Y,,,,B,N,N,A,1,1,0,0,21950.0,2,37.78432846069336,-122.39517974853516,4
2019,2019-01-28,1020,1,4,10,1,N,A,N,A,H,A,A,01,W,06,B,,,,,J,N,N,D,1,0,0,0,21750.0,2,37.762054443359375,-122.41560363769533,3
2019,2019-01-14,1826,1,4,18,1,Y,A,N,A,H,C,A,01,,03,C,Y,,,,C,Y,N,D,1,1,0,0,22350.0,3,37.71139907836913,-122.46259307861328,3
2019,2019-01-18,1427,1,4,14,5,N,A,N,A,H,A,-,- ,,00,B,,,,,E,Y,N,A,2,0,0,0,,2,37.72114944458008,-122.4375,4
2019,2019-01-02,2218,1,4,22,3,Y,A,N,A,H,C,A,01,,12,D,,,,,-,Y,F,D,1,0,0,0,22450.0,2,37.780799865722656,-122.43726348876952,4
2019,2019-01-10,635,1,4,6,4,N,A,N,A,A,C,-,- ,S,18,H,,,,,J,,N,-,3,0,0,0,,2,37.79101943969727,-122.39743041992188,4
2019,2019-01-10,1915,1,4,19,4,Y,A,N,A,H,C,A,01,,10,A,Y,,,,B,N,N,D,1,1,0,0,21950.0,2,37.79629135131836,-122.4268798828125,4
2019,2019-01-01,151,1,4,1,2,N,A,N,A,H,C,A,01,N,03,B,,,,,E,Y,N,A,1,0,0,0,22350.0,4,37.71846771240234,-122.43740081787108,4
2019,2019-01-02,2205,1,4,22,3,N,A,N,A,H,C,A,01,S,01,C,,,,,C,Y,N,A,3,0,0,0,23153.0,4,37.730667114257805,-122.47217559814452,3
2019,2019-01-27,1608,1,4,16,7,N,A,N,A,H,A,A,01,S,03,C,,,,,C,N,F,A,1,0,0,0,22350.0,2,37.77031707763672,-122.3911590576172,4
2019,2019-01-14,535,1,4,5,1,Y,A,N,A,H,C,A,01,,10,G,Y,,,,B,N,F,A,1,1,0,0,21950.0,2,37.71062088012695,-122.46930694580078,2
2019,2019-01-02,1550,1,4,15,3,Y,A,N,A,H,A,A,01,,12,D,,,,,C,Y,N,A,2,0,0,0,22450.0,2,37.78619003295898,-122.44004821777344,4
2019,2019-01-03,656,1,4,6,4,N,A,N,A,H,A,-,,W,03,G,Y,,,,B,Y,F,D,1,1,0,0,22350.0,3,37.73812103271485,-122.39653778076172,4
2019,2019-01-21,1000,1,4,10,1,Y,A,N,A,H,A,-,,,17,G,Y,,,,B,N,F,D,1,1,0,0,21663.0,2,37.71023941040039,-122.45191192626952,4
2019,2019-01-13,1906,1,4,19,7,N,A,N,A,H,C,-,,E,07,C,,,,,E,Y,N,D,2,0,0,0,21658.0,2,37.71005630493164,-122.40946197509766,4
2019,2019-01-02,1830,1,4,18,3,N,A,N,A,H,C,-,,S,17,H,,Y,,,G,N,N,D,1,0,1,0,22517.0,2,37.78813934326172,-122.40837097167967,3
2019,2019-01-02,940,1,4,9,3,Y,A,N,B,H,A,A,01,,12,G,Y,,,,B,N,N,D,1,1,0,0,22450.0,2,37.767208099365234,-122.40572357177734,2
2019,2019-01-18,1257,1,4,12,5,N,A,N,A,H,A,A,01,E,08,B,,,Y,,C,N,N,D,1,0,0,1,22107.0,2,37.78280258178711,-122.44429779052734,3
2019,2019-01-12,224,1,4,2,6,N,B,N,B,H,C,A,01,W,03,A,,,,,I,Y,N,D,3,0,0,0,22350.0,1,37.749408721923835,-122.40299987792967,2
2019,2019-01-03,2000,1,4,20,4,Y,A,N,A,H,C,A,01,,12,D,,,,,C,Y,N,D,2,0,0,0,22450.0,2,37.76303863525391,-122.48889923095705,4
2019,2019-01-02,1805,1,4,18,3,N,-,N,A,H,C,A,01,N,03,B,,,,,C,Y,N,D,1,0,0,0,22350.0,2,37.737617492675774,-122.42710113525392,4
2019,2019-01-17,1730,1,4,17,4,N,F,N,B,G,C,A,01,W,09,B,,Y,,,G,N,M,D,1,0,1,0,21804.0,2,37.776817321777344,-122.39535522460938,4
2019,2019-01-29,1100,1,4,11,2,Y,A,N,A,-,A,-,,,04,C,,,,,C,N,F,A,1,0,0,0,21703.0,2,37.782169342041016,-122.41899871826172,4
2019,2019-01-18,1841,1,4,18,5,Y,A,N,A,H,A,A,01,,00,D,,,,,C,Y,F,A,1,0,0,0,20001.0,5,37.78445053100586,-122.4160614013672,4
2019,2019-01-25,1900,1,4,19,5,N,A,N,C,H,C,A,01,E,03,C,,,Y,,J,N,N,A,1,0,0,1,22350.0,2,37.80508041381836,-122.41812896728516,4
2019,2019-01-09,900,1,4,9,3,N,B,N,B,H,A,N,60,S,11,B,Y,Y,,,B,N,N,D,2,1,1,0,21956.0,2,37.772342681884766,-122.40689849853516,4
2019,2019-01-23,2233,1,4,22,3,Y,A,N,A,H,C,-,- ,,- ,B,Y,,,,B,N,N,D,1,1,0,0,,2,37.7989616394043,-122.43588256835938,4
2019,2019-01-15,1250,1,4,12,2,N,C,N,B,H,A,A,01,W,04,C,,,,,C,Y,N,A,1,0,0,0,21703.0,2,37.77309036254882,-122.4377899169922,4
2019,2019-01-25,1900,1,4,19,5,Y,A,N,A,H,C,N,60,,12,G,Y,,,,B,N,N,D,1,1,0,0,22450.0,2,37.7286491394043,-122.41497039794922,3
2019,2019-01-08,1903,1,4,19,2,N,A,N,C,H,C,C,02,S,07,B,,,Y,,C,N,F,A,1,0,0,0,21658.0,3,37.790924072265625,-122.39898681640624,4
2019,2019-01-06,1700,1,4,17,7,Y,C,N,B,H,A,-,,,10,G,Y,,,,B,N,F,A,1,1,0,0,21950.0,2,37.78725051879882,-122.41661834716795,4
2019,2019-01-20,730,1,4,7,7,Y,C,N,B,H,B,A,01,,03,C,,,,,E,Y,N,D,2,0,0,0,22350.0,2,37.77521133422852,-122.42095184326172,4
2019,2019-01-26,1353,1,4,13,6,Y,A,N,A,H,A,C,03,,06,D,,,Y,,C,Y,N,D,1,0,0,1,21755.0,2,37.77008819580078,-122.4130630493164,4
2019,2019-01-09,1527,1,4,15,3,N,A,N,A,H,A,-,- ,W,03,B,,,Y,,C,Y,N,D,1,0,0,1,22350.0,2,37.77424240112305,-122.45881652832033,4
2019,2019-01-06,1600,1,4,16,7,Y,C,N,B,H,A,A,01,,09,D,,Y,,,G,,N,A,1,0,1,0,21801.0,2,37.76652908325195,-122.42202758789062,3
2019,2019-01-20,625,1,4,6,7,N,C,N,B,H,C,A,01,S,07,C,,,,,E,Y,N,D,1,0,0,0,21658.0,2,37.710254669189446,-122.44858551025392,4
2019,2019-01-26,530,1,4,5,6,N,A,N,A,H,C,N,60,W,11,G,Y,,,,B,N,F,D,1,1,0,0,21954.0,2,37.7808723449707,-122.41416931152344,4
2019,2019-01-09,1000,1,4,10,3,Y,A,N,A,H,A,A,01,,09,D,,,,,C,,N,A,1,0,0,0,21800.0,2,37.78437042236328,-122.47425842285156,4
2019,2019-01-06,1710,1,4,17,7,Y,-,N,-,-,-,A,07,,10,G,Y,,,,B,N,F,-,1,1,0,0,21950.0,2,37.7706298828125,-122.41246795654295,4
2019,2019-01-19,1209,1,4,12,6,Y,A,N,A,H,A,A,01,,09,D,,,,,C,Y,N,A,3,0,0,0,21802.0,2,37.72684097290039,-122.4723663330078,4
2019,2019-01-27,1444,1,4,14,7,N,A,N,A,H,A,A,01,W,03,C,,,,,C,N,N,D,2,0,0,0,22350.0,2,37.715797424316406,-122.43968963623048,4
2019,2019-01-09,1625,1,4,16,3,N,A,N,A,H,A,A,07,E,17,H,,Y,,,G,N,N,A,1,0,1,0,22517.0,2,37.78004455566406,-122.40677642822266,3
2019,2019-01-30,1755,1,4,17,3,Y,A,N,A,H,A,A,08,,10,G,Y,,,,B,N,N,D,1,1,0,0,21950.0,2,37.770671844482415,-122.4267807006836,4
2019,2019-01-15,825,1,4,8,2,Y,C,N,B,H,A,A,01,,09,D,,,,,C,Y,N,D,4,0,0,0,21801.0,3,37.7314682006836,-122.4548797607422,4
2019,2019-01-25,2100,1,4,21,5,Y,A,N,A,H,C,A,01,,03,A,,Y,,,G,N,F,A,1,0,1,0,22350.0,2,37.74811935424805,-122.4035186767578,2
2019,2019-01-07,1640,1,4,16,1,N,B,N,A,H,B,A,07,N,08,B,,,Y,,C,N,N,A,1,0,0,1,22107.0,2,37.73670196533203,-122.42420959472656,3
2019,2019-01-20,1840,1,4,18,7,Y,B,N,B,H,C,A,01,,10,G,Y,,,,B,Y,F,D,1,1,0,0,21950.0,2,37.77676010131836,-122.4313735961914,2
2019,2019-01-13,1928,1,4,19,7,N,A,N,A,H,D,A,01,S,03,G,Y,,,,B,Y,N,D,2,1,0,0,22350.0,4,37.757789611816406,-122.50575256347656,3
2019,2019-01-24,2032,1,4,20,4,N,A,N,A,H,C,A,01,N,09,B,,Y,,,G,N,N,D,1,0,1,0,21804.0,2,37.7738037109375,-122.39147186279295,3
2019,2019-01-05,735,1,4,7,6,Y,B,N,B,H,A,A,07,,09,D,,,,,C,Y,N,A,1,0,0,0,21801.0,2,37.8054084777832,-122.41525268554688,4
2019,2019-01-18,1254,1,4,12,5,Y,A,N,A,H,A,A,01,,09,A,,Y,,,G,N,N,A,1,0,1,0,21801.0,2,37.765979766845696,-122.43100738525392,3
2019,2019-01-22,1520,1,4,15,2,Y,A,N,A,H,A,A,01,,09,D,,,,,C,Y,N,D,1,0,0,0,21800.0,2,37.739540100097656,-122.46997833251952,3
2019,2019-01-25,1640,1,4,16,5,N,A,N,A,H,A,A,07,N,03,C,,,,,C,Y,N,A,4,0,0,0,22350.0,3,37.75872039794922,-122.47675323486328,4
2019,2019-01-04,1715,1,4,17,5,N,A,N,A,H,A,A,01,E,03,C,,,,,E,Y,N,A,1,0,0,0,22350.0,3,37.74688720703125,-122.44785308837892,4
2019,2019-01-18,1649,1,4,16,5,N,B,N,A,H,A,A,01,W,01,A,,,,,D,Y,N,A,2,0,0,0,23153.0,3,37.71941757202149,-122.4326171875,4
2019,2019-01-21,1941,1,4,19,1,Y,A,N,A,H,C,A,01,,01,C,,,,,C,Y,N,A,2,0,0,0,23153.0,3,37.7651596069336,-122.48367309570312,4
2019,2019-01-25,1633,1,4,16,5,Y,A,N,A,H,A,A,01,,10,G,Y,,,,B,N,N,A,1,1,0,0,21950.0,2,37.742950439453125,-122.4778289794922,3
2019,2019-01-13,1545,1,4,15,7,Y,A,N,A,H,A,A,01,,10,G,Y,,,,B,N,N,A,1,1,0,0,21950.0,2,37.76327896118164,-122.48355865478516,4
2019,2019-01-19,2330,1,4,23,6,Y,A,N,A,H,C,A,01,,10,G,Y,,,,B,N,N,A,1,1,0,0,21950.0,2,37.71578979492188,-122.44156646728516,4
2019,2019-01-21,2336,1,4,23,1,Y,A,N,A,H,B,A,01,,08,D,,,,,C,N,F,A,1,0,0,0,22107.0,2,37.780269622802734,-122.40339660644533,4
2019,2019-01-24,1132,1,4,11,4,Y,A,N,A,H,A,A,01,,09,D,,,,,C,N,N,D,1,0,0,0,21800.0,2,37.74702835083008,-122.42474365234376,4
2019,2019-01-31,1526,1,4,15,4,Y,B,N,A,H,A,A,07,,08,B,,,Y,,C,N,N,A,1,0,0,1,22107.0,2,37.78977966308594,-122.39756774902344,4
2019,2019-01-17,2308,1,4,23,4,N,B,N,A,H,C,N,60,S,11,G,Y,,,,B,N,N,A,1,1,0,0,21955.0,2,37.71612548828125,-122.44124603271484,3
2019,2019-01-22,1125,1,4,11,2,Y,A,N,A,H,A,A,01,,08,B,,Y,,,G,N,N,A,1,0,1,0,22100.0,2,37.76829147338867,-122.4199676513672,4
2019,2019-01-24,821,1,4,8,4,Y,A,N,A,H,A,A,01,,10,G,Y,,,,B,N,N,A,2,2,0,0,21950.0,3,37.72364044189453,-122.46228790283205,3
2019,2019-01-19,1840,1,4,18,6,Y,A,N,A,H,A,A,01,,04,C,,,,,C,N,N,A,1,0,0,0,21703.0,2,37.797409057617195,-122.41024017333984,4
2019,2019-01-17,2243,1,4,22,4,N,A,N,A,H,C,A,01,E,05,A,,,,,C,N,N,B,1,0,0,0,21651.0,2,37.73169708251953,-122.42472076416016,3
2019,2019-01-16,1751,1,4,17,3,N,C,N,B,H,C,A,01,W,03,B,,,,,C,Y,N,D,1,0,0,0,22350.0,2,37.77814102172852,-122.41551208496094,4
2019,2019-01-24,204,1,4,2,4,Y,A,N,A,H,C,A,01,,12,D,,,,,C,Y,F,A,1,0,0,0,22450.0,2,37.71147918701172,-122.44008636474608,4
2019,2019-01-31,1500,1,4,15,4,Y,A,N,A,H,A,-,99,,10,G,Y,,,,B,,F,A,1,1,0,0,21950.0,2,37.786109924316406,-122.44998931884766,4
2019,2019-01-17,1100,1,4,11,4,Y,A,N,B,H,A,-,,,08,-,,,,,C,Y,N,A,1,0,0,0,22102.0,2,37.79132080078125,-122.39254760742188,4
2019,2019-01-22,1751,1,4,17,2,Y,A,N,A,H,C,A,01,,10,G,Y,,,,B,N,N,A,1,1,0,0,21950.0,2,37.78329849243164,-122.41751861572266,3
2019,2019-01-11,2110,1,4,21,5,Y,C,N,B,H,C,A,01,,10,G,Y,,,,B,N,F,A,1,1,0,0,21950.0,2,37.76089096069336,-122.43499755859376,4
2019,2019-01-31,350,1,4,3,4,N,C,N,B,H,C,A,01,S,03,E,,,,,I,N,F,D,1,0,0,0,22350.0,1,37.76620101928711,-122.41977691650392,4
2019,2019-01-17,1104,1,4,11,4,Y,C,N,B,-,A,A,01,,00,G,Y,,,,B,N,F,A,1,1,0,0,20001.0,2,37.72549057006836,-122.39436340332033,4
2019,2019-01-21,1130,1,4,11,1,Y,A,N,A,D,A,A,01,,02,D,,,,,C,Y,N,A,1,0,0,0,22526.0,2,37.79573059082031,-122.42350006103516,3
2019,2019-01-11,1358,1,4,13,5,N,C,N,B,H,A,C,03,W,03,H,,,Y,,A,N,N,A,1,0,0,1,22350.0,1,37.762840270996094,-122.4292449951172,4
2019,2019-01-11,1101,1,4,11,5,Y,B,N,A,H,A,A,07,,03,C,,,Y,,C,Y,N,D,7,0,0,2,22350.0,8,37.74617004394531,-122.39405822753906,4
2019,2019-01-17,1838,1,4,18,4,N,A,N,A,H,C,C,06,N,03,C,,,Y,,C,Y,N,A,2,0,0,1,22350.0,3,37.75420379638672,-122.4142608642578,4
2019,2019-01-18,1949,1,4,19,5,Y,A,N,A,H,C,A,01,,10,G,Y,,,,B,N,N,A,1,1,0,0,21950.0,2,37.77252960205078,-122.42716979980467,3
2019,2019-01-24,730,1,4,7,4,N,A,N,A,G,A,-,- ,E,18,H,,Y,,,J,N,N,D,1,0,1,0,,1,37.76716232299805,-122.40648651123048,2
2019,2019-01-31,1715,1,4,17,4,N,A,N,A,H,A,A,01,N,21,C,,,,,C,N,N,A,1,0,0,0,22106.0,2,37.78313827514648,-122.39370727539062,4
2019,2019-01-17,1846,1,4,18,4,N,A,N,A,H,C,N,60,N,11,G,Y,,,,B,N,N,A,1,1,0,0,21950.0,2,37.796699523925774,-122.42369079589844,3
2019,2019-01-22,852,1,4,8,2,N,A,N,A,H,A,N,60,N,11,G,Y,,,,B,N,N,D,1,1,0,0,21954.0,2,37.787086486816406,-122.39244842529295,4
2019,2019-01-23,1747,1,4,17,3,Y,A,N,A,H,C,A,01,,07,B,,,,,E,N,N,D,1,0,0,0,21658.0,2,37.7310791015625,-122.47486877441406,4
2019,2019-01-31,739,1,4,7,4,Y,A,N,B,H,A,A,01,,09,D,,,,,C,Y,N,A,1,0,0,0,21802.0,2,37.743778228759766,-122.50155639648438,3
2019,2019-01-17,1100,1,4,11,4,Y,C,N,B,H,A,A,01,,08,E,,,,,I,Y,N,A,1,0,0,0,22107.0,2,37.733009338378906,-122.43213653564452,4
2019,2019-01-08,801,1,4,8,2,N,A,N,B,-,A,A,01,E,03,A,,,,,I,Y,N,A,1,0,0,0,22350.0,3,37.727363586425774,-122.4198760986328,4
2019,2019-01-15,1745,1,4,17,2,N,C,N,B,-,C,-,- ,N,11,A,Y,,,,B,N,N,-,1,1,0,0,21954.0,2,37.72865676879882,-122.40511322021484,3
2019,2019-01-31,745,1,4,7,4,N,F,N,B,H,A,A,01,S,09,D,,,,,C,N,N,D,2,0,0,0,21804.0,2,37.75984573364258,-122.50267028808594,4
2019,2019-01-17,1810,1,4,18,4,Y,A,N,A,H,C,-,- ,,00,B,,Y,,,G,N,N,A,1,0,1,0,,2,37.8066291809082,-122.40596771240234,4
2019,2019-01-06,1828,1,4,18,7,Y,A,N,A,H,A,-,- ,,- ,C,,,,,C,N,N,A,1,0,0,0,,2,37.78237915039063,-122.41734313964844,4
2019,2019-01-20,2030,1,4,20,7,Y,A,N,B,H,D,-,,,10,G,Y,,,,B,N,F,A,1,1,0,0,21950.0,2,37.80023956298828,-122.41082763671876,4
2019,2019-01-30,935,1,4,9,3,N,A,N,A,H,A,A,01,N,21,B,,,,,C,Y,N,-,1,0,0,0,22106.0,2,37.747085571289055,-122.48136138916016,4
2019,2019-01-17,1032,1,4,10,4,Y,B,N,B,H,A,A,01,,10,G,Y,,,,B,N,N,A,1,1,0,0,21950.0,2,37.78049850463867,-122.41693878173828,4
2019,2019-01-07,846,1,4,8,1,Y,B,N,A,H,A,C,03,,06,B,,,Y,,C,,N,A,1,0,0,1,21755.0,2,37.78873062133789,-122.42368316650392,4
2019,2019-01-12,1930,1,4,19,6,N,A,N,A,H,C,N,60,E,11,G,Y,,,,B,N,N,A,1,1,0,0,21954.0,2,37.72626495361328,-122.4037857055664,4
2019,2019-01-28,2031,1,4,20,1,N,-,N,-,-,-,A,01,S,17,-,,,,,-,N,N,-,2,0,0,0,21657.0,2,37.71654510498047,-122.45117950439452,4
2019,2019-01-16,1730,1,4,17,3,Y,C,N,B,H,C,A,01,,10,G,Y,,,,B,N,N,A,1,1,0,0,21950.0,2,37.752071380615234,-122.42160034179688,4
2019,2019-01-07,915,1,4,9,1,Y,A,N,A,H,A,A,01,,09,-,,,,,C,Y,N,A,1,0,0,0,21802.0,2,37.732418060302734,-122.4818878173828,4
2019,2019-01-11,940,1,4,9,5,Y,C,N,B,D,A,A,01,,07,D,,,,,C,N,N,-,1,0,0,0,21658.0,2,37.77396011352539,-122.40204620361328,4
2019,2019-01-28,1647,1,4,16,1,Y,A,N,A,H,A,A,08,,09,D,,,Y,,C,N,N,D,1,0,0,1,21802.0,2,37.73735809326172,-122.42404174804688,4
2019,2019-01-03,1906,1,4,19,4,N,A,N,A,H,C,L,04,W,08,B,,Y,,,G,N,N,D,1,0,1,0,22107.0,2,37.782371520996094,-122.40383911132812,4
2019,2019-01-07,1857,1,4,18,1,Y,A,N,A,H,C,C,02,,04,B,,,Y,,C,N,N,A,1,0,0,1,21703.0,2,37.771881103515625,-122.41400909423828,4
2019,2019-01-26,1304,1,4,13,6,Y,A,N,A,H,A,A,01,,09,D,,,,,C,N,N,D,2,0,0,0,21802.0,2,37.73406982421875,-122.4028778076172,4
2019,2019-01-14,1910,1,4,19,1,N,A,N,A,H,C,A,01,W,08,B,,,Y,,C,N,M,A,1,0,0,1,22107.0,2,37.805362701416016,-122.41566467285156,4
2019,2019-01-22,830,1,4,8,2,N,A,N,A,H,A,-,- ,,09,D,,Y,,,G,N,F,A,1,0,1,0,21801.0,2,37.73471832275391,-122.47512817382812,3
2019,2019-01-18,517,1,4,5,5,Y,C,N,B,F,C,-,- ,,18,E,,,,,I,Y,N,A,1,0,0,0,,1,37.74900817871094,-122.38759613037108,4
2019,2019-01-09,617,1,4,6,3,N,A,N,A,H,C,A,01,N,09,D,,,,,C,Y,N,A,1,0,0,0,21801.0,2,37.809246063232415,-122.41651153564452,4
2019,2019-01-26,1431,1,4,14,6,Y,A,N,A,H,A,N,60,,11,G,Y,,,,-,N,N,A,1,1,0,0,21955.0,2,37.765979766845696,-122.43100738525392,4
2018,2018-12-06,1410,12,4,14,4,N,A,N,A,H,A,A,01,E,03,C,,Y,,,G,N,N,D,1,0,1,0,22350.0,2,37.78506851196289,-122.40042877197266,4
2018,2018-12-29,1835,12,4,18,6,Y,A,N,A,H,C,A,01,,09,A,,,Y,,C,Y,N,A,1,0,0,1,21801.0,2,37.74694061279297,-122.44483947753906,2
2018,2018-12-29,1524,12,4,15,6,N,A,N,A,H,A,C,02,S,07,B,,,Y,,C,,N,D,1,0,0,1,21658.0,2,,,4
2018,2018-12-16,1943,12,4,19,7,-,C,N,B,H,C,A,01,,03,E,,,,,I,Y,N,D,1,0,0,0,22350.0,1,,,2
2018,2018-12-05,655,12,4,6,3,N,C,N,B,H,C,A,01,W,10,G,Y,,,,B,N,N,A,1,1,0,0,21950.0,2,37.78424453735352,-122.41775512695312,4
2018,2018-12-23,2215,12,4,22,7,Y,A,N,A,H,C,A,01,,10,G,Y,,,,B,N,F,A,1,1,0,0,21950.0,2,37.72914123535156,-122.39243316650392,4
2018,2018-11-16,2151,11,3,21,5,Y,A,N,A,H,C,A,01,,12,D,,,Y,,C,N,M,D,1,0,0,0,22450.0,3,37.72008895874024,-122.42958831787108,3
2017,2017-12-07,1300,12,4,13,4,-,A,N,A,H,A,A,01,,21,G,Y,,,,B,N,N,D,1,1,0,0,22106.0,2,37.71490999,-122.47307987,4
2019,2019-01-20,204,1,4,2,7,Y,C,N,B,H,C,-,- ,,00,G,Y,,,,B,N,N,D,1,1,0,0,,2,37.76229095458984,-122.43842315673828,4
2019,2019-01-31,905,1,4,9,4,Y,A,N,A,H,A,A,01,,03,C,,,,,C,N,N,A,1,0,0,0,22350.0,3,37.78815078735352,-122.39031982421876,4
2019,2019-01-24,205,1,4,2,4,N,A,N,A,H,C,C,03,N,03,B,,,Y,,E,Y,N,D,1,0,0,1,22350.0,2,37.7867546081543,-122.41484832763672,3
2019,2019-01-18,1200,1,4,12,5,N,A,N,A,-,A,A,01,E,04,C,,,,,C,N,F,A,1,0,0,0,21703.0,2,37.75691223144531,-122.42105102539062,4
2019,2019-01-23,2030,1,4,20,3,Y,A,N,A,H,C,A,01,,10,B,Y,,,,B,N,N,A,1,1,0,0,21950.0,2,37.76966094970703,-122.39111328125,4
2019,2019-01-06,1115,1,4,11,7,Y,C,N,A,H,A,A,01,,10,G,Y,,,,B,N,N,A,1,1,0,0,21950.0,2,37.78807067871094,-122.42523956298828,4
2019,2019-01-05,150,1,4,1,6,Y,A,N,A,H,C,-,,,10,G,Y,,,,B,N,N,A,1,1,0,0,21950.0,2,37.79336929321289,-122.39881896972656,3
2019,2019-02-09,721,2,4,7,6,N,B,N,B,H,A,A,01,N,08,-,,,,,I,Y,N,A,0,0,0,0,22107.0,1,37.71255874633789,-122.40152740478516,1
2019,2019-02-26,2007,2,4,20,2,Y,C,N,B,H,C,-,,,10,G,Y,,,,B,N,F,-,0,0,0,0,21950.0,2,37.784210205078125,-122.4775161743164,1
2019,2019-03-08,819,3,1,8,5,N,B,N,A,H,A,A,01,E,17,B,,Y,,Y,G,Y,N,D,0,0,0,0,22517.0,3,37.779903411865234,-122.40694427490234,1
2019,2019-02-12,2122,2,4,21,2,N,C,N,B,H,C,C,02,,08,B,,,Y,,C,N,N,D,1,0,0,1,22102.0,2,,,2
2019,2019-02-19,1414,2,4,14,2,Y,A,N,A,H,A,A,01,,09,D,,,Y,,C,Y,N,A,1,0,0,1,21801.0,2,37.77074813842773,-122.42485809326172,4
2019,2019-02-15,900,2,4,9,5,N,A,N,A,H,A,N,60,N,11,-,Y,,,,-,N,N,-,1,1,0,0,21955.0,2,37.78598785400391,-122.45671081542967,3
2019,2019-02-16,1226,2,4,12,6,Y,B,N,B,H,A,-,,,12,D,,,,,C,Y,N,A,1,0,0,0,21453.0,2,37.79359817504882,-122.4045867919922,4