ACCIDENT_YEAR,COLLISION_DATE,COLLISION_TIME,MONTH,SEASON,24HOURS,DAY_OF_WEEK,INTERSECTION,WEATHER_1,STATE_HWY_IND,ROAD_SURFACE,ROAD_COND_1,LIGHTING,STWD_VEHTYPE_AT_FAULT,CHP_VEHTYPE_AT_FAULT,DIRECTION,PCF_VIOL_CATEGORY,TYPE_OF_COLLISION,PEDESTRIAN_ACCIDENT,BICYCLE_ACCIDENT,MOTORCYCLE_ACCIDENT,TRUCK_ACCIDENT,MVIW,TOW_AWAY,HIT_AND_RUN,CONTROL_DEVICE,NUMBER_INJURED,COUNT_PED_INJURED,COUNT_BICYCLIST_INJURED,COUNT_MC_INJURED,PCF_VIOLATION,PARTY_COUNT,POINT_Y,POINT_X,COLLISION_SEVERITY
2019,2019-11-14,1139,11,3,11,4,Y,A,N,A,H,A,A,01,,08,D,,,,,C,Y,N,A,2,0,0,0,22100.0,2,37.715431213378906,-122.44183349609376,4
2019,2019-11-25,1225,11,3,12,1,Y,A,N,A,H,A,A,01,,12,D,,Y,,,G,N,N,D,1,0,1,0,22450.0,2,37.76268005371094,-122.43211364746094,4
2019,2019-11-14,1138,11,3,11,4,Y,A,N,A,H,A,N,60,,11,H,Y,Y,,,-,N,N,A,1,1,0,0,21453.0,2,37.78744888305664,-122.40049743652344,4
2019,2019-11-20,1211,11,3,12,3,N,A,N,A,H,A,A,01,N,03,-,Y,,,,E,N,N,D,1,1,0,0,22350.0,5,37.73235321044922,-122.41899871826172,4
2019,2019-11-14,935,11,3,9,4,-,A,N,A,H,A,A,01,,21,B,,,Y,,C,N,N,D,1,0,0,1,22106.0,2,37.762691,-122.470527,3
2019,2019-11-15,2034,11,3,20,5,N,A,N,A,H,C,L,04,N,05,D,,Y,,,G,N,N,D,1,0,1,0,21650.0,2,37.75432205200195,-122.41864013671876,4
2019,2019-11-13,1755,11,3,17,3,Y,A,N,A,H,C,L,04,,08,C,,Y,,,E,N,N,A,1,0,1,0,22107.0,2,37.710079193115234,-122.40956115722656,3
2019,2019-11-15,1949,11,3,19,5,Y,A,N,A,H,C,A,01,,09,D,,,Y,,C,N,N,D,2,0,0,2,21801.0,2,37.72137069702149,-122.4736785888672,4
2019,2019-11-22,700,11,3,7,5,Y,A,N,A,H,A,L,04,,05,A,,Y,,,G,N,F,A,1,0,1,0,21650.0,2,37.79663848876953,-122.39556121826172,2
2019,2019-11-13,1554,11,3,15,3,Y,B,N,A,H,A,A,01,,07,B,,,Y,,C,Y,N,D,1,0,0,1,21658.0,2,37.791690826416016,-122.40421295166016,3
2019,2019-11-25,1115,11,3,11,1,Y,A,N,A,H,C,A,01,,03,C,,,,,C,N,F,D,1,0,0,0,22350.0,2,37.786109924316406,-122.41811370849608,4
2019,2019-11-22,740,11,3,7,5,Y,A,N,A,H,A,A,01,,10,G,Y,,,,B,N,N,A,1,1,0,0,21950.0,2,37.71236801147461,-122.4375,4
2019,2019-11-13,1528,11,3,15,3,N,A,N,A,H,A,A,01,E,04,C,,,,,C,Y,N,A,4,0,0,0,21703.0,2,37.7347068786621,-122.39221954345705,4
2019,2019-11-15,2017,11,3,20,5,N,A,N,A,H,C,A,01,N,08,B,,,,,C,N,F,D,1,0,0,0,22107.0,2,37.807720184326165,-122.41402435302734,4
2019,2019-11-01,1848,11,3,18,5,N,A,N,A,H,C,N,60,S,11,B,Y,,Y,,B,N,F,D,1,1,0,0,21954.0,2,37.76130676269531,-122.43831634521484,4
2019,2019-11-28,309,11,3,3,4,-,C,N,B,H,C,A,01,,01,B,,,,,C,Y,N,D,1,0,0,0,23152.0,2,37.74822998046875,-122.48573303222656,3
2019,2019-11-06,941,11,3,9,3,Y,A,N,A,-,A,N,60,,11,H,Y,Y,,,-,,N,A,2,1,1,0,21456.0,2,37.78377914428711,-122.39895629882812,3
2019,2019-11-12,1605,11,3,16,2,Y,A,N,A,H,A,L,04,,06,B,,Y,,,G,N,N,D,1,0,1,0,21755.0,2,37.717239379882805,-122.44158172607422,4
2019,2019-11-01,2100,11,3,21,5,Y,A,N,A,H,C,A,01,,03,D,,Y,,,G,N,N,A,1,0,1,0,22350.0,2,37.76504898071289,-122.41967010498048,4
2019,2019-11-28,130,11,3,1,4,Y,C,N,B,H,C,M,94,,17,D,,,,,C,N,N,A,1,0,0,0,21657.0,2,37.78670120239258,-122.40252685546876,4
2019,2019-11-07,1226,11,3,12,4,N,A,N,A,H,A,L,04,E,03,E,,Y,,,J,N,N,A,1,0,1,0,22350.0,1,37.78122329711913,-122.41158294677734,2
2019,2019-11-01,1257,11,3,12,5,Y,A,N,A,H,A,-,- ,,00,H,,,Y,,A,N,N,A,1,0,0,1,,1,37.7748908996582,-122.43099975585938,3
2019,2019-11-27,1815,11,3,18,3,N,B,N,B,-,C,-,,S,03,B,,,Y,,C,N,F,A,1,0,0,1,22350.0,2,37.76495361328125,-122.41868591308594,2
2019,2019-11-07,632,11,3,6,4,Y,A,N,A,H,A,A,01,,03,D,,,,,C,Y,N,A,3,0,0,0,22350.0,2,37.737689971923835,-122.37911987304688,4
2019,2019-11-13,811,11,3,8,3,Y,A,N,A,D,A,A,07,,12,F,,,,,D,Y,N,A,3,0,0,0,21453.0,3,37.766151428222656,-122.40168762207033,3
2019,2019-11-01,1714,11,3,17,5,Y,A,N,A,H,A,A,01,,10,G,Y,,,,B,N,N,D,1,1,0,0,21950.0,2,37.727630615234375,-122.41887664794922,4
2019,2019-11-28,1545,11,3,15,4,Y,A,N,A,H,A,A,01,,12,D,,,,,C,Y,N,A,3,0,0,0,21453.0,4,37.73189926147461,-122.49381256103516,3
2019,2019-11-07,33,11,3,0,4,Y,A,N,A,H,C,A,01,,12,D,,,,,C,Y,N,A,5,0,0,0,21453.0,2,37.77511978149414,-122.42932891845705,4
2019,2019-11-12,1946,11,3,19,2,N,A,N,A,H,C,A,01,W,04,C,,,,,C,N,F,A,1,0,0,0,21703.0,2,37.777389526367195,-122.41324615478516,4
2019,2019-11-01,1841,11,3,18,5,N,A,N,A,H,C,A,01,S,21,E,,,,,I,Y,N,D,1,0,0,0,22106.0,1,37.79109191894531,-122.40730285644533,4
2019,2019-11-28,1604,11,3,16,4,N,A,N,A,H,A,-,,E,12,G,Y,,,,B,N,F,A,1,1,0,0,22450.0,2,37.734272003173835,-122.4054718017578,4
2019,2019-11-06,1945,11,3,19,3,Y,A,N,A,H,C,A,01,,10,G,Y,,,,B,N,F,A,1,1,0,0,21950.0,2,37.75210952758789,-122.42064666748048,3
2019,2019-11-12,1642,11,3,16,2,Y,A,N,A,H,C,A,01,,12,D,,,,,C,N,N,A,1,0,0,0,21453.0,2,37.77935028076172,-122.43357849121094,4
2019,2019-11-01,1842,11,3,18,5,Y,A,N,A,H,B,A,01,,03,D,,,,,C,N,F,D,1,0,0,0,22350.0,2,37.72866821289063,-122.3815689086914,2
2019,2019-11-28,1456,11,3,14,4,N,A,N,A,H,A,-,- ,N,00,H,,Y,,,-,N,N,D,1,0,1,0,,1,37.75986099243164,-122.44982147216795,4
2019,2019-11-06,1553,11,3,15,3,N,A,N,A,H,A,C,03,W,17,-,,,Y,,J,N,N,A,1,0,0,1,21235.0,2,37.78192138671875,-122.42076110839844,4
2019,2019-11-10,1837,11,3,18,7,Y,A,N,A,H,C,N,60,,00,G,Y,,,,B,N,N,A,1,1,0,0,22453.0,2,37.78340911865234,-122.40911102294922,4
2019,2019-11-02,1731,11,3,17,6,Y,A,N,A,H,-,A,01,,10,G,Y,,,,B,N,N,D,1,1,0,0,21950.0,2,37.78120803833008,-122.4339599609375,4
2019,2019-11-30,1838,11,3,18,6,N,C,N,B,H,C,A,01,N,03,A,,,,,C,Y,F,D,1,0,0,0,22350.0,6,37.73214721679688,-122.41095733642578,2
2019,2019-11-10,1730,11,3,17,7,Y,E,N,A,H,C,-,- ,,00,D,,,,,C,N,N,A,2,0,0,0,,2,37.77811050415039,-122.44349670410156,4
2019,2019-11-03,750,11,3,7,7,Y,A,N,A,H,A,-,- ,,00,D,,,,,C,Y,N,A,2,0,0,0,,2,37.740848541259766,-122.38475799560548,4
2019,2019-11-30,1501,11,3,15,6,Y,C,N,B,H,A,A,01,,12,D,,,,,C,Y,N,A,2,0,0,0,21453.0,2,37.78123092651367,-122.41880035400392,4
2019,2019-11-10,1215,11,3,12,7,N,A,N,A,H,A,A,01,N,09,D,,,Y,,C,N,N,A,1,0,0,1,21804.0,2,37.77597427368164,-122.41439056396484,4
2019,2019-11-02,757,11,3,7,6,Y,A,N,A,H,A,A,01,,00,D,,,,,C,Y,N,A,1,0,0,0,22101.0,2,,,4
2019,2019-11-30,2155,11,3,21,6,Y,A,N,B,H,C,A,07,,12,A,,,,,C,Y,F,A,2,0,0,0,22450.0,3,37.79024887084961,-122.43073272705078,3
2019,2019-11-10,1150,11,3,11,7,Y,A,N,A,H,A,A,01,,10,G,Y,,,,B,N,N,A,1,1,0,0,21950.0,2,37.77730941772461,-122.40408325195312,4
2019,2019-11-02,1950,11,3,19,6,Y,A,N,A,H,C,A,01,,08,B,,,,,I,Y,N,D,1,0,0,0,22107.0,1,37.731800079345696,-122.42595672607422,2
2019,2019-11-30,2107,11,3,21,6,-,C,N,B,H,C,A,01,,10,D,Y,,,,B,N,F,A,1,1,0,0,21950.0,2,37.77935028076172,-122.43357849121094,4
2019,2019-11-10,1350,11,3,13,7,N,A,N,A,H,A,A,01,,08,D,,Y,,,G,N,F,A,1,0,1,0,22107.0,2,37.74890899658203,-122.42034912109376,4
2019,2019-11-02,1443,11,3,14,6,N,A,N,A,H,A,A,01,W,03,C,,,,,C,N,N,D,3,0,0,0,22350.0,2,37.71027755737305,-122.46051025390624,4
2019,2019-11-30,910,11,3,9,6,Y,B,N,B,H,A,L,04,,12,D,,Y,,,G,N,N,A,1,0,1,0,22450.0,2,37.73740005493164,-122.47635650634766,4
2019,2019-11-10,1335,11,3,13,7,Y,A,N,A,H,A,M,95,,12,D,,,,,J,N,N,A,1,0,0,0,22450.0,2,37.767208099365234,-122.40572357177734,4
2019,2019-11-02,927,11,3,9,6,Y,A,N,A,H,A,A,01,,10,G,Y,,,,B,N,N,A,1,1,0,0,21950.0,2,37.7752799987793,-122.41590881347656,4
2019,2019-11-29,2224,11,3,22,5,Y,A,N,A,H,C,A,01,,04,C,,,,,-,N,N,A,1,0,0,0,21703.0,2,37.71120834350586,-122.40377044677734,4
2019,2019-11-11,2045,11,3,20,1,Y,A,N,A,H,C,A,01,,12,B,,,,,C,N,F,A,1,0,0,0,22450.0,2,37.73440933227539,-122.40357971191406,4
2019,2019-11-05,1738,11,3,17,2,Y,A,N,A,H,C,A,01,,12,D,,,,,C,N,M,A,2,0,0,0,22450.0,2,37.73672103881836,-122.3940887451172,4
2019,2019-11-30,1211,11,3,12,6,Y,B,N,B,H,A,A,01,,10,G,Y,,,,B,N,N,A,1,1,0,0,21950.0,2,37.771728515625,-122.41692352294922,4
2019,2019-11-11,1430,11,3,14,1,Y,A,N,A,H,A,A,01,,10,G,Y,,,,B,N,N,A,1,1,0,0,21950.0,2,37.764190673828125,-122.46309661865234,4
2019,2019-11-05,1512,11,3,15,2,Y,A,N,A,H,A,A,01,,10,A,Y,,,,B,N,N,A,2,2,0,0,21950.0,3,37.78923034667969,-122.3951416015625,3
2019,2019-11-20,1955,11,3,19,3,Y,A,N,A,H,C,C,03,,03,A,,,Y,,I,N,N,D,1,0,0,1,22350.0,1,37.797550201416016,-122.4170379638672,4
2019,2019-11-30,1109,11,3,11,6,N,C,N,B,H,A,A,01,W,17,A,,,,,J,N,N,D,1,0,0,0,22517.0,2,37.7808723449707,-122.46890258789062,3
2019,2019-11-11,2130,11,3,21,1,N,B,N,A,H,C,A,07,N,05,B,,,,,C,N,N,D,1,0,0,0,21650.0,2,37.780067443847656,-122.48689270019533,4
2019,2019-11-03,838,11,3,8,7,N,A,N,A,H,A,A,08,,17,A,,,,,C,Y,N,A,5,0,0,0,21657.0,3,37.777050018310554,-122.41259765625,3
2019,2019-11-20,1858,11,3,18,3,Y,A,N,A,H,A,A,07,,10,G,Y,,,,B,N,F,A,1,1,0,0,21950.0,2,37.76559066772461,-122.4105224609375,4
2019,2019-11-29,2129,11,3,21,5,Y,A,N,A,H,C,A,01,,12,D,,,,,C,N,N,A,1,0,0,0,21453.0,2,37.78807830810546,-122.4404525756836,4
2019,2019-11-11,1336,11,3,13,1,N,A,N,A,H,A,A,01,N,08,C,,,,,C,N,N,A,1,0,0,0,22107.0,2,37.77511978149414,-122.40132904052734,4
2019,2019-11-03,1813,11,3,18,7,Y,A,N,A,H,C,A,01,,08,B,,,,,C,Y,N,A,3,0,0,0,22107.0,2,37.790969848632805,-122.40235900878906,3
2019,2019-11-20,1732,11,3,17,3,Y,A,N,A,H,C,-,,,10,G,Y,,,,B,N,N,A,1,1,0,0,21950.0,2,37.77706909179688,-122.43650817871094,3
2019,2019-11-28,1917,11,3,19,4,Y,A,N,A,H,C,A,01,,10,D,Y,,,,B,N,F,A,1,1,0,0,21950.0,2,37.78580093383789,-122.42816162109376,2
2019,2019-11-11,1252,11,3,12,1,Y,A,N,A,H,A,A,01,,09,D,,,,,C,Y,N,A,1,0,0,0,21800.0,2,37.74501037597656,-122.47368621826172,4
2019,2019-11-05,814,11,3,8,2,Y,A,N,A,H,B,A,01,,09,A,,,,,C,Y,N,D,1,0,0,0,21801.0,2,37.728790283203125,-122.43453216552734,4
2019,2019-11-20,1320,11,3,13,3,Y,A,N,A,H,A,A,01,,10,G,Y,,,,B,N,N,A,1,1,0,0,21950.0,2,37.77886962890625,-122.4082489013672,4
2019,2019-11-29,1456,11,3,14,5,Y,B,N,A,H,A,-,- ,,22,B,Y,,,,B,N,N,A,1,1,0,0,,2,37.78630828857422,-122.40894317626952,4
2019,2019-11-11,1430,11,3,14,1,N,A,N,A,H,A,A,01,S,08,D,,,Y,,C,Y,N,A,1,0,0,1,22102.0,2,37.75969314575195,-122.41915893554688,4
2019,2019-11-04,1607,11,3,16,1,N,B,N,A,H,A,A,07,W,17,G,Y,,,,B,N,F,A,1,1,0,0,21663.0,2,37.78995132446289,-122.44733428955078,3
2019,2019-11-20,1819,11,3,18,3,-,A,N,A,H,C,A,01,,05,A,,,,,C,Y,N,D,1,0,0,0,21650.0,2,37.73984146118164,-122.39127349853516,4
2019,2019-11-29,1135,11,3,11,5,N,B,N,A,H,A,A,01,N,03,B,,,,,E,Y,N,A,2,0,0,0,22350.0,4,37.73340225219727,-122.39128112792967,4
2019,2019-11-07,659,11,3,6,4,N,A,N,A,H,A,A,01,E,06,C,,,,,C,N,N,A,1,0,0,0,21755.0,2,37.7696647644043,-122.41732788085938,4
2019,2019-11-04,1732,11,3,17,1,Y,E,N,A,H,C,A,01,,09,D,,,Y,,C,,N,A,1,0,0,1,21801.0,2,37.77241897583008,-122.48741149902344,4
2019,2019-11-20,1605,11,3,16,3,Y,A,N,A,H,A,M,95,,10,D,Y,,,,B,N,N,A,1,1,0,0,21950.0,2,37.7822380065918,-122.41030120849608,3
2019,2019-11-29,1030,11,3,10,5,Y,B,N,B,H,A,A,01,,03,D,,,,,C,N,N,A,1,0,0,0,22350.0,3,37.76448822021485,-122.45256805419922,4
2019,2019-11-07,1137,11,3,11,4,Y,A,N,A,H,A,L,04,,08,B,,Y,,,G,N,N,A,1,0,1,0,22101.0,2,37.77252960205078,-122.41004943847656,4
2019,2019-11-05,1335,11,3,13,2,Y,A,N,A,H,A,A,01,,10,G,Y,,,,B,N,N,A,1,1,0,0,21950.0,2,37.79719924926758,-122.42707824707033,3
2019,2019-11-20,1818,11,3,18,3,Y,A,N,-,H,C,M,94,,08,D,,,,,J,N,N,A,1,0,0,0,22107.0,2,37.77996063232422,-122.38970184326172,4
2019,2019-11-29,1400,11,3,14,5,N,B,N,A,H,A,A,07,S,10,G,Y,,,,B,N,N,D,1,1,0,0,21952.0,2,37.7816162109375,-122.47841644287108,4
2019,2019-11-07,820,11,3,8,4,Y,A,N,A,H,A,A,01,,08,B,,Y,,,G,N,N,D,1,0,1,0,22107.0,3,37.72549057006836,-122.46285247802734,3
2019,2019-11-23,324,11,3,3,6,Y,A,N,A,H,C,A,01,,12,D,,,,,C,Y,N,A,1,0,0,0,21453.0,2,37.77270126342773,-122.44075775146484,3
2019,2019-11-24,1352,11,3,13,7,Y,A,N,A,H,A,A,01,,12,D,,,,,C,Y,F,A,1,0,0,0,22450.0,3,37.73353958129882,-122.38849639892578,4
2019,2019-11-26,1650,11,3,16,2,N,C,N,B,H,C,A,01,E,07,F,,,Y,,C,N,N,A,1,0,0,1,21658.0,2,37.789260864257805,-122.42337036132812,3
2019,2019-11-04,1530,11,3,15,1,N,A,N,A,H,A,-,,N,03,-,,,,,C,N,F,A,1,0,0,0,22350.0,3,37.77431488037109,-122.42916870117188,4
2019,2019-11-22,2339,11,3,23,5,Y,A,N,A,H,C,-,- ,,- ,B,,,,,I,Y,F,D,1,0,0,0,,2,37.73360824584961,-122.3822784423828,3
2019,2019-11-23,2245,11,3,22,6,Y,A,N,A,H,C,A,01,,08,B,,,,,D,Y,F,A,1,0,0,0,22102.0,2,37.79874038696289,-122.3998565673828,4
2019,2019-11-23,1730,11,3,17,6,N,F,N,A,H,A,A,01,N,21,G,Y,,,,B,N,F,A,1,1,0,0,22106.0,2,37.738548278808594,-122.40673065185548,3
2019,2019-11-04,955,11,3,9,1,-,A,N,A,H,A,A,01,,03,B,,,,,E,N,N,D,1,0,0,0,22350.0,4,37.741329,-122.404963,4
2019,2019-11-23,1635,11,3,16,6,Y,A,Y,A,H,A,A,01,,08,D,,,,,C,Y,N,D,1,0,0,0,22101.0,2,37.810256958007805,-122.36516571044922,4
2019,2019-11-23,2311,11,3,23,6,Y,A,N,A,H,C,A,01,,12,E,,,,,C,Y,F,D,1,0,0,0,22450.0,3,37.731060028076165,-122.39073181152344,4
2019,2019-11-06,1345,11,3,13,3,Y,A,N,A,H,A,N,60,,11,G,Y,,,,B,N,N,D,1,1,0,0,21954.0,2,37.78841018676758,-122.40030670166016,4
2019,2019-11-04,1555,11,3,15,1,Y,A,N,A,H,A,A,01,,03,A,,,,,C,Y,F,A,1,0,0,0,22350.0,3,37.75355911254882,-122.42302703857422,4
2019,2019-11-23,1330,11,3,13,6,Y,A,N,A,H,A,A,01,,10,G,Y,,,,B,N,N,A,1,1,0,0,21950.0,2,37.798370361328125,-122.41043853759766,4
2019,2019-11-24,218,11,3,2,7,Y,A,N,A,H,C,L,04,,12,D,,Y,,,C,N,N,A,1,0,1,0,21453.0,2,37.762638092041016,-122.43515777587892,3
2019,2019-11-06,1245,11,3,12,3,Y,A,N,A,H,A,A,01,,12,B,,,,,C,Y,M,A,1,0,0,0,22450.0,2,37.73712158203125,-122.41409301757812,4
2019,2019-10-04,1544,10,3,15,5,N,A,N,A,H,A,A,01,S,21,C,,,,,D,Y,N,D,2,0,0,0,22106.0,2,37.729530334472656,-122.49379730224608,4
2019,2019-11-23,1116,11,3,11,6,Y,A,N,A,-,A,A,01,,06,H,,Y,,,G,N,F,A,1,0,1,0,21760.0,2,37.78432083129882,-122.43457794189452,4
2019,2019-11-22,1500,11,3,15,5,Y,A,N,A,H,A,N,60,,11,G,Y,,,,B,N,N,A,1,1,0,0,21453.0,2,37.72874069213867,-122.43128204345705,4
2019,2019-11-26,1744,11,3,17,2,Y,C,N,B,H,C,-,- ,,00,B,,,,,C,Y,N,A,1,0,0,0,,2,37.729591369628906,-122.48658752441406,4
2019,2019-11-04,1633,11,3,16,1,N,A,N,A,H,A,-,- ,,00,C,,,,,C,N,N,D,1,0,0,0,,2,37.74911117553711,-122.41705322265624,4
2019,2019-11-22,2310,11,3,23,5,Y,A,N,A,H,C,A,01,,12,B,,,,,-,Y,F,A,3,0,0,0,21453.0,5,37.780269622802734,-122.40339660644533,4
2019,2019-11-22,1320,11,3,13,5,N,A,N,A,H,A,M,93,N,17,C,Y,,,,B,N,N,D,1,1,0,0,21235.0,2,37.806785583496094,-122.40625762939452,2
2019,2019-11-27,1710,11,3,17,3,Y,A,N,A,H,B,A,01,,10,G,Y,,,,B,N,N,A,1,1,0,0,21950.0,2,37.784549713134766,-122.4228286743164,4
2019,2019-11-02,2003,11,3,20,6,N,A,N,A,H,C,A,01,N,16,C,,,Y,,C,Y,N,D,1,0,0,1,24002.0,4,37.75600814819336,-122.41663360595705,4
2019,2019-11-22,2000,11,3,20,5,Y,A,N,A,-,C,A,01,,06,B,,,,,C,Y,F,D,1,0,0,0,21750.0,2,37.7307014465332,-122.43566131591795,4
2019,2019-11-23,2141,11,3,21,6,Y,A,N,A,H,C,A,01,,12,D,,,,,C,N,N,A,2,0,0,0,21453.0,2,37.766799926757805,-122.41764068603516,4
2019,2019-11-27,2223,11,3,22,3,Y,A,N,A,H,C,A,01,,12,D,,,,,C,Y,F,A,1,0,0,0,21453.0,2,37.78567886352539,-122.42146301269533,4
2019,2019-11-03,2124,11,3,21,7,N,A,N,A,C,C,-,- ,W,18,E,,,Y,,J,Y,N,D,1,0,0,1,,1,37.78273391723633,-122.44348907470705,3
2019,2019-11-22,1714,11,3,17,5,Y,A,N,A,H,C,-,- ,,12,G,Y,Y,,,B,N,F,A,2,2,0,0,21453.0,3,37.78794860839844,-122.40351104736328,4
2019,2019-11-22,1330,11,3,13,5,N,A,N,A,H,A,C,03,E,03,C,,,Y,,C,Y,N,A,1,0,0,1,22350.0,2,37.78123474121094,-122.46097564697266,3
2019,2019-11-27,2044,11,3,20,3,Y,B,N,B,H,C,A,01,,03,C,,,,,C,Y,N,D,1,0,0,0,22350.0,2,37.7112693786621,-122.45319366455078,4
2019,2019-11-03,1740,11,3,17,7,Y,A,N,A,H,C,A,01,,10,G,Y,,,,B,N,N,A,2,2,0,0,21950.0,3,37.78506088256836,-122.45915985107422,2
2019,2019-11-22,1500,11,3,15,5,N,A,N,A,H,A,A,01,E,06,B,,,,,C,Y,N,A,1,0,0,0,21750.0,2,37.714630126953125,-122.4849853515625,4
2019,2019-11-19,823,11,3,8,2,Y,A,N,A,H,A,A,01,,08,B,,,Y,,C,Y,N,A,1,0,0,1,22107.0,2,37.77849960327149,-122.40560150146484,3
2019,2019-11-26,1517,11,3,15,2,Y,C,N,B,H,A,A,01,,04,C,,,,,C,N,N,A,1,0,0,0,21703.0,2,37.771831512451165,-122.4016571044922,4
2019,2019-11-27,1137,11,3,11,3,N,B,N,B,H,A,A,01,E,08,D,,,,,C,Y,N,D,1,0,0,0,22107.0,2,37.76755905151367,-122.45748138427734,4
2019,2019-11-22,1523,11,3,15,5,Y,A,N,A,-,A,A,01,,12,D,Y,,,,B,N,N,A,1,1,0,0,22450.0,2,37.72077178955078,-122.39430236816406,4
2019,2019-11-19,541,11,3,5,2,Y,A,N,A,H,C,A,01,,10,G,Y,,,,B,N,N,A,1,1,0,0,21950.0,2,37.774169921875,-122.42913055419922,3
2019,2019-11-26,1440,11,3,14,2,Y,C,N,B,H,A,A,01,,09,D,,,,,C,N,N,A,1,0,0,0,21802.0,2,37.79264068603516,-122.4119110107422,3
2019,2019-11-27,640,11,3,6,3,N,B,N,B,H,A,A,01,W,09,D,,Y,,,G,N,N,A,1,0,1,0,21801.0,2,37.7569465637207,-122.42037200927734,4
2019,2019-11-22,1901,11,3,19,5,Y,A,N,A,H,C,A,01,,10,G,Y,,,,B,N,N,A,1,1,0,0,21950.0,2,37.765419006347656,-122.45275115966795,3
2019,2019-11-19,1352,11,3,13,2,Y,A,N,A,H,A,A,01,,08,D,,,Y,,J,N,N,D,1,0,0,1,22107.0,2,37.80643081665039,-122.4360580444336,3
2019,2019-11-26,1513,11,3,15,2,Y,C,N,B,H,A,A,01,,10,G,Y,,,,B,N,N,A,1,1,0,0,21950.0,2,37.746768951416016,-122.47592163085938,2
2019,2019-11-27,1530,11,3,15,3,Y,B,N,B,H,A,A,01,,09,D,,Y,,,G,N,N,D,1,0,1,0,21802.0,2,37.716609954833984,-122.45610809326172,4
2019,2019-11-22,1820,11,3,18,5,Y,A,N,A,H,C,A,01,,08,G,,Y,,,A,N,N,A,1,0,1,0,22102.0,2,37.78570175170898,-122.40589141845705,4
2019,2019-11-19,350,11,3,3,2,Y,A,N,A,H,A,A,01,,08,D,,,,,C,N,N,D,1,0,0,0,22107.0,2,,,4
2019,2019-11-26,730,11,3,7,2,Y,A,N,A,H,A,A,01,,12,D,,,,,C,Y,N,A,1,0,0,0,21453.0,2,37.766128540039055,-122.42880249023438,4
2019,2019-11-27,1501,11,3,15,3,N,B,N,B,H,A,A,01,S,08,C,,Y,,,G,N,N,A,1,0,1,0,22107.0,2,37.76827239990234,-122.41558837890624,3
2019,2019-11-18,1929,11,3,19,1,N,A,N,A,H,C,A,01,W,04,C,,,,,C,Y,F,A,3,0,0,0,21703.0,3,37.763687133789055,-122.41519927978516,4
2019,2019-11-18,2033,11,3,20,1,-,A,N,A,H,C,A,01,,21,G,Y,,,,B,N,F,D,1,1,0,0,22106.0,2,37.78279876708984,-122.4140396118164,4
2019,2019-11-26,632,11,3,6,2,Y,A,N,A,H,B,N,60,,11,G,Y,,,,B,N,N,A,1,1,0,0,21955.0,2,37.77745819091797,-122.41316223144533,4
2019,2019-11-27,1700,11,3,17,3,Y,A,N,A,H,A,A,07,,22,G,Y,,,,B,N,M,A,1,1,0,0,23123.0,2,37.76342010498047,-122.41950225830078,4
2019,2019-11-22,430,11,3,4,5,Y,A,N,A,H,C,A,01,,12,D,,,,,C,Y,N,A,2,0,0,0,21453.0,2,37.77313995361328,-122.43743133544922,2
2019,2019-11-18,2020,11,3,20,1,N,A,N,A,H,C,A,01,W,09,D,,,Y,,C,Y,N,A,1,0,0,1,21804.0,2,37.74228286743164,-122.40582275390624,4
2019,2019-11-25,1514,11,3,15,1,Y,A,N,A,H,A,-,,,11,D,,,,,B,N,N,A,1,0,0,0,21950.0,2,37.75799179077149,-122.47566223144533,4
2019,2019-11-26,2203,11,3,22,2,N,A,N,A,H,C,C,06,W,03,A,,,Y,,I,Y,N,A,1,0,0,1,22350.0,1,37.781227111816406,-122.46117401123048,4
2019,2019-11-18,1000,11,3,10,1,Y,A,N,A,H,A,L,04,,12,D,,Y,,,G,N,N,D,1,0,1,0,22450.0,2,37.77310180664063,-122.45262145996094,3
2019,2019-11-22,1200,11,3,12,5,N,A,N,A,H,A,-,,W,17,H,,Y,,,G,N,N,D,1,0,1,0,22517.0,2,37.80549240112305,-122.42213439941406,3