ACCIDENT_YEAR,COLLISION_DATE,COLLISION_TIME,MONTH,SEASON,24HOURS,DAY_OF_WEEK,INTERSECTION,WEATHER_1,STATE_HWY_IND,ROAD_SURFACE,ROAD_COND_1,LIGHTING,STWD_VEHTYPE_AT_FAULT,CHP_VEHTYPE_AT_FAULT,DIRECTION,PCF_VIOL_CATEGORY,TYPE_OF_COLLISION,PEDESTRIAN_ACCIDENT,BICYCLE_ACCIDENT,MOTORCYCLE_ACCIDENT,TRUCK_ACCIDENT,MVIW,TOW_AWAY,HIT_AND_RUN,CONTROL_DEVICE,NUMBER_INJURED,COUNT_PED_INJURED,COUNT_BICYCLIST_INJURED,COUNT_MC_INJURED,PCF_VIOLATION,PARTY_COUNT,POINT_Y,POINT_X,COLLISION_SEVERITY
2016,2016-02-28,1755,2,4,17,7,N,B,Y,A,H,B,A,07,W,07,C,,,,,C,N,N,D,1,0,0,0,21658.0,2,37.797678,-122.37849029,4
2016,2016-03-02,1800,3,1,18,3,N,A,Y,A,H,C,A,07,S,03,C,,,,,C,Y,N,D,3,0,0,0,22350.0,2,37.72096921,-122.4000123,4
2016,2016-02-14,1945,2,4,19,7,N,A,Y,A,H,D,A,07,S,07,C,,,Y,,C,Y,F,D,3,0,0,3,21658.0,3,37.73221522,-122.41516931,2
2016,2016-02-28,1320,2,4,13,7,N,A,Y,A,H,A,A,07,S,07,B,,,,,C,Y,N,D,1,0,0,0,21658.0,2,37.73231716,-122.41477921,3
2016,2016-02-28,1323,2,4,13,7,N,B,Y,A,H,A,A,01,E,03,C,,,,,C,N,N,D,1,0,0,0,22350.0,3,,,4
2016,2016-03-06,1405,3,1,14,7,N,B,Y,A,H,A,A,01,W,03,C,,,,,C,N,N,D,2,0,0,0,22350.0,2,37.78338647,-122.39476441,4
2016,2016-03-05,2000,3,1,20,6,N,C,Y,B,H,D,A,01,S,03,C,,,,,C,N,N,D,1,0,0,0,22350.0,3,37.76498828,-122.40482969,4
2016,2016-03-05,1715,3,1,17,6,N,C,Y,B,H,B,A,01,S,03,C,,,,,C,Y,N,D,1,0,0,0,22350.0,2,37.74810661,-122.40422054,4
2016,2016-03-04,1850,3,1,18,5,N,B,Y,A,H,D,A,01,S,03,C,,,,,C,Y,N,D,4,0,0,0,22350.0,3,37.72929279,-122.44115762,3
2016,2016-03-01,2250,3,1,22,2,N,A,Y,A,H,C,A,01,S,07,B,,,,,C,Y,N,A,2,0,0,0,21658.0,2,,,4
2016,2016-03-02,840,3,1,8,3,N,A,Y,A,H,A,C,02,W,03,B,,,Y,,C,N,N,D,1,0,0,1,22350.0,2,,,4
2016,2016-03-02,453,3,1,4,3,N,A,Y,A,H,C,N,60,N,11,G,Y,,,,B,N,N,D,1,1,0,0,21954.0,2,37.74383634,-122.3960348,3
2016,2016-03-05,905,3,1,9,6,N,B,Y,B,H,A,A,01,N,08,E,,,,,I,Y,N,D,1,0,0,0,22107.0,1,37.77052324,-122.39739576,4
2016,2016-03-04,1909,3,1,19,5,N,B,Y,A,H,C,A,01,N,03,C,,,,,C,N,N,D,3,0,0,0,22350.0,3,37.76931,-122.40561,4
2016,2016-03-11,946,3,1,9,5,N,B,Y,B,H,A,A,07,N,03,E,,,,,I,Y,N,D,1,0,0,0,22350.0,1,37.70933037,-122.46766126,4
2016,2016-03-04,1032,3,1,10,5,N,B,Y,B,H,A,C,02,S,03,C,,,Y,Y,C,Y,N,D,1,0,0,1,22350.0,3,37.73062159,-122.40395446,3
2016,2016-03-11,1920,3,1,19,5,N,C,Y,B,H,C,A,07,S,03,C,,,,,C,Y,N,D,3,0,0,0,22350.0,3,37.71923415,-122.44831596,4
2016,2016-03-10,1110,3,1,11,4,N,C,Y,B,H,A,A,01,N,03,C,,,,,C,N,N,D,1,0,0,0,22350.0,2,,,4
2016,2016-03-11,1210,3,1,12,5,N,B,Y,B,H,A,A,08,N,03,C,,,,,C,Y,N,D,1,0,0,0,22350.0,2,,,4
2016,2016-03-12,50,3,1,0,6,N,B,Y,B,H,C,A,01,S,08,B,,,,,C,Y,N,D,1,0,0,0,22107.0,2,37.73156964,-122.42184683,4
2016,2016-03-11,1710,3,1,17,5,N,B,Y,B,H,A,A,08,S,03,C,,,,,C,Y,N,D,2,0,0,0,22350.0,2,37.71561429,-122.39828603,4
2016,2016-03-12,1159,3,1,11,6,N,B,Y,B,H,A,A,07,S,08,E,,,,,I,Y,N,D,2,0,0,0,22107.0,2,37.72885,-122.40272,3
2016,2016-03-12,1745,3,1,17,6,N,B,Y,B,H,B,A,01,S,03,C,,,,,C,N,M,D,1,0,0,0,22350.0,2,37.71908267,-122.44826868,4
2016,2016-03-07,1410,3,1,14,1,N,B,Y,B,H,A,A,01,N,01,C,,,,,C,Y,N,D,2,0,0,0,23152.0,2,37.71616,-122.39857,4
2016,2016-03-06,150,3,1,1,7,N,B,Y,B,H,C,A,07,N,01,E,,,,,I,Y,N,D,1,0,0,0,23152.0,1,37.80413,-122.47039,3
2016,2016-03-10,2000,3,1,20,4,N,C,Y,B,H,C,D,22,S,08,E,,,,,I,Y,N,D,1,0,0,0,22107.0,1,37.72692114,-122.40261531,4
2016,2016-03-15,1300,3,1,13,2,N,A,Y,A,H,A,C,02,S,03,C,,,Y,,C,N,N,D,1,0,0,1,22350.0,2,37.76964741,-122.41510081,4
2016,2016-03-17,1800,3,1,18,4,N,A,Y,A,H,A,A,01,W,03,C,,,,,C,N,N,D,1,0,0,0,22350.0,2,,,4
2016,2016-03-18,1700,3,1,17,5,N,A,Y,A,H,A,A,01,N,03,C,,,,,C,Y,N,D,2,0,0,0,22350.0,4,37.73181531,-122.42713051,4
2016,2016-03-12,50,3,1,0,6,N,B,Y,B,H,C,A,07,N,03,C,,,,,C,Y,F,D,1,0,0,0,22350.0,3,37.73172743,-122.42093163,3
2016,2016-03-15,745,3,1,7,2,N,A,Y,A,H,A,A,01,W,03,C,,,,,C,N,N,D,2,0,0,0,22350.0,3,37.80685911,-122.36847126,3
2016,2016-03-15,1737,3,1,17,2,N,A,Y,A,H,A,A,07,N,08,E,,,,,I,Y,N,D,1,0,0,0,22107.0,1,,,4
2016,2016-03-19,1800,3,1,18,6,N,B,Y,A,H,A,A,01,N,03,C,,,,,C,N,N,D,1,0,0,0,22350.0,3,37.75817993,-122.39223875,4
2016,2016-03-16,1728,3,1,17,3,N,A,Y,A,H,A,A,07,E,07,B,,,Y,,C,N,N,D,1,0,0,1,21658.0,2,,,4
2016,2016-03-13,1155,3,1,11,7,N,B,Y,B,H,A,A,01,S,03,C,,,,,C,N,M,D,1,0,0,0,22350.0,2,37.74629938,-122.40459812,4
2016,2016-03-21,1600,3,1,16,1,N,B,Y,B,H,A,A,07,E,03,C,,,,,C,Y,N,D,1,0,0,0,22350.0,2,37.78132062,-122.39721571,4
2016,2016-03-11,827,3,1,8,5,N,C,Y,B,H,A,A,07,W,07,C,,,,,C,Y,F,D,4,0,0,0,21658.0,3,37.77836233,-122.40073875,3
2016,2016-03-19,650,3,1,6,6,N,A,Y,A,H,C,A,01,E,07,B,,,,,C,N,F,D,1,0,0,0,21658.0,2,37.80135585,-122.37444043,4
2016,2016-03-20,2204,3,1,22,7,N,B,N,A,H,C,A,01,E,01,E,,,,,I,Y,M,A,1,0,0,0,23152.0,1,37.75007,-122.39039118,4
2016,2016-03-25,1540,3,1,15,5,N,A,Y,A,H,A,A,01,N,03,C,,,,,C,Y,N,D,2,0,0,0,22350.0,2,37.72809208,-122.4031051,4
2016,2016-03-24,1830,3,1,18,4,N,A,Y,A,H,A,A,01,N,03,C,,,,,C,N,N,D,1,0,0,0,22350.0,3,37.72511486,-122.40163108,4
2016,2016-03-25,1440,3,1,14,5,N,A,Y,A,H,A,A,07,S,03,C,,,,,C,Y,N,A,2,0,0,0,22350.0,3,,,4
2016,2016-03-16,855,3,1,8,3,N,A,Y,A,H,A,C,02,E,03,B,,,Y,,C,N,N,D,1,0,0,1,22350.0,4,37.7892439,-122.38715129,3
2016,2016-03-17,1720,3,1,17,4,N,A,Y,A,H,A,C,02,N,08,B,,,Y,,C,Y,N,D,1,0,0,1,22107.0,2,37.74975611,-122.40349577,2
2016,2016-03-25,238,3,1,2,5,N,A,Y,A,H,C,A,01,E,01,E,,,,,I,Y,F,D,3,0,0,0,23152.0,1,37.81060052,-122.36483037,2
2016,2016-03-19,645,3,1,6,6,N,B,Y,B,H,C,A,08,W,03,C,,,,,C,Y,N,D,1,0,0,0,22350.0,4,37.79691072,-122.37931004,4
2016,2016-03-20,150,3,1,1,7,N,A,Y,A,H,C,A,01,W,01,B,,,,,C,Y,N,D,1,0,0,0,23152.0,2,37.80197901,-122.37377368,3
2016,2016-03-21,1400,3,1,14,1,N,B,Y,B,H,A,A,01,N,03,C,,,,,C,Y,N,D,2,0,0,0,22350.0,2,37.71616,-122.39857,4
2016,2016-03-23,1640,3,1,16,3,N,A,Y,A,H,A,A,01,S,07,B,,,Y,,C,N,N,D,1,0,0,1,21658.0,2,37.76416715,-122.40490038,3
2016,2016-03-24,40,3,1,0,4,N,A,Y,A,H,C,A,01,E,03,C,,,,,C,Y,N,D,1,0,0,0,22350.0,2,,,4
2016,2016-03-25,1030,3,1,10,5,N,A,Y,A,H,A,-,99,S,07,B,,,,,C,Y,F,D,1,0,0,0,21658.0,3,37.72813873,-122.44362043,4
2016,2016-03-26,1110,3,1,11,6,N,A,Y,A,H,A,C,02,N,08,F,,,Y,,A,N,N,D,1,0,0,1,22107.0,2,37.74070785,-122.40772089,3
2016,2016-03-11,1330,3,1,13,5,N,B,Y,A,H,A,A,01,S,04,C,,,,,C,Y,N,D,1,0,0,0,21703.0,2,37.73018492,-122.43926627,3
2016,2016-03-27,2000,3,1,20,7,N,A,Y,A,H,C,A,01,S,03,C,,,,,C,Y,N,D,2,0,0,0,22350.0,2,37.71201714,-122.45366366,4
2016,2016-03-25,1443,3,1,14,5,N,A,N,A,H,A,H,17,E,08,B,,,,,C,N,N,D,2,0,0,0,22107.0,2,37.72488483,-122.46089045,4
2016,2016-03-29,2147,3,1,21,2,N,A,N,A,H,C,-,99,W,03,C,,,,,C,N,M,D,1,0,0,0,22350.0,2,37.81883763,-122.34973318,4
2016,2016-03-30,1800,3,1,18,3,N,A,Y,A,H,A,A,07,,03,C,,,,,C,N,N,D,1,0,0,0,22350.0,3,37.81786605,-122.35438448,4
2016,2016-03-30,845,3,1,8,3,N,B,Y,A,H,A,A,01,W,07,B,,,Y,,C,Y,N,D,1,0,0,1,21658.0,2,37.78519272,-122.39219626,4
2016,2016-04-01,1455,4,1,14,5,N,A,Y,A,H,A,A,01,W,07,B,,,,,C,Y,N,D,1,0,0,0,21658.0,3,37.78696026,-122.38967948,4
2016,2016-03-31,1710,3,1,17,4,N,A,Y,A,H,A,A,07,W,07,B,,,Y,,C,Y,N,D,1,0,0,1,21658.0,2,37.78360168,-122.39449712,4
2016,2016-04-02,1020,4,1,10,6,N,A,Y,A,H,A,A,01,E,03,C,,,,,C,N,N,D,1,0,0,0,22350.0,2,37.81069545,-122.36473539,4
2016,2016-04-04,1155,4,1,11,1,N,A,Y,A,H,A,A,07,N,03,C,,,,,C,Y,N,D,2,0,0,0,22350.0,3,,,4
2016,2016-04-04,1115,4,1,11,1,N,A,Y,A,H,A,A,01,N,03,C,,,,,C,Y,N,D,3,0,0,0,22350.0,3,37.75452733,-122.4029435,4
2016,2016-04-04,1855,4,1,18,1,N,A,Y,A,H,A,A,01,W,03,C,,,,,C,Y,N,D,1,0,0,0,22350.0,2,37.78641937,-122.39027969,4
2016,2016-04-06,1020,4,1,10,3,N,A,Y,A,H,A,A,01,E,03,C,,,,,C,N,N,D,1,0,0,0,22350.0,2,,,4
2016,2016-04-09,1600,4,1,16,6,N,B,Y,B,H,A,A,01,S,03,C,,,,,C,N,N,D,2,0,0,0,22350.0,2,,,4
2016,2016-04-06,1439,4,1,14,3,N,A,Y,A,H,A,-,- ,S,18,H,,,,,A,N,N,D,1,0,0,0,,1,,,3
2016,2016-04-12,725,4,1,7,2,N,B,Y,A,H,A,A,01,N,07,B,,,,,C,Y,N,D,1,0,0,0,21658.0,2,,,4
2016,2016-03-30,1745,3,1,17,3,N,A,Y,A,H,A,A,01,N,21,C,,,,,C,Y,N,D,1,0,0,0,22106.0,2,37.73725875,-122.40258262,4
2016,2016-04-01,1705,4,1,17,5,N,A,Y,A,H,A,A,01,W,03,C,,,,,C,N,M,D,1,0,0,0,22350.0,3,37.80866516,-122.36658406,4
2016,2016-04-09,638,4,1,6,6,N,B,Y,B,H,A,A,01,N,03,E,,,,,I,Y,N,D,1,0,0,0,22350.0,1,37.7448931,-122.39498712,3
2016,2016-04-09,730,4,1,7,6,N,C,Y,B,H,A,A,07,E,08,E,,,,,I,Y,N,D,1,0,0,0,22107.0,1,37.80941329,-122.36593073,4
2016,2016-04-08,1942,4,1,19,5,N,B,Y,B,H,C,A,01,E,03,C,,,,,C,N,N,D,3,0,0,0,22350.0,3,37.77006673,-122.40530984,4
2016,2016-04-10,2050,4,1,20,7,N,B,Y,A,H,C,A,01,W,03,C,,,,,C,Y,N,D,2,0,0,0,22350.0,2,37.77712539,-122.40298018,4
2016,2016-04-10,1840,4,1,18,7,N,B,Y,A,H,B,A,07,N,07,E,,,,,I,Y,F,D,1,0,0,0,21658.0,2,37.73665,-122.40836,3
2016,2016-04-07,1607,4,1,16,4,N,A,Y,A,H,A,F,26,N,08,B,,,,Y,C,N,N,D,1,0,0,0,22107.0,2,37.76973,-122.41857,4
2016,2016-04-10,243,4,1,2,7,N,B,Y,B,H,C,A,01,E,08,E,,,,,I,Y,N,D,1,0,0,0,22107.0,1,37.77897,-122.40026,4
2016,2016-04-16,1205,4,1,12,6,N,A,Y,A,H,A,A,01,N,03,C,,,,,C,Y,N,D,3,0,0,0,22350.0,2,37.75464696,-122.40294417,4
2016,2016-04-12,1610,4,1,16,2,N,A,Y,A,H,A,A,07,S,03,C,,,,,C,Y,N,D,1,0,0,0,22350.0,3,37.73196162,-122.42776083,4
2016,2016-04-11,1718,4,1,17,1,N,B,Y,A,H,A,A,01,S,04,C,,,,,C,N,N,D,1,0,0,0,21703.0,2,37.72289327,-122.40101715,4
2016,2016-04-07,115,4,1,1,4,N,A,Y,A,H,C,A,07,N,01,E,,,,,I,Y,M,D,1,0,0,0,23152.0,1,37.76747,-122.40549,3
2020,2020-02-01,1330,2,4,13,6,Y,A,N,A,A,A,B,01,,10,G,Y,,,,B,N,N,A,1,1,0,0,21950.0,2,37.787559509277344,-122.40657806396484,3
2016,2016-04-11,1000,4,1,10,1,N,B,Y,A,H,A,A,07,E,03,C,,,,,C,N,N,D,1,0,0,0,22350.0,2,37.78929534,-122.38709205,4
2019,2019-11-17,2308,11,3,23,7,N,A,N,A,-,C,L,04,N,15,D,,Y,,,G,,N,A,1,0,1,0,21201.0,2,37.77490997314453,-122.47468566894533,4
2019,2019-11-08,1755,11,3,17,5,Y,A,N,A,H,C,-,- ,,00,B,,Y,,,G,N,N,D,1,0,1,0,,2,37.800689697265625,-122.4373016357422,4
2016,2016-04-11,2310,4,1,23,1,N,B,Y,A,H,D,A,01,S,01,C,,,,,C,Y,M,D,1,0,0,0,23152.0,2,37.73190167,-122.42089854,4
2016,2016-04-11,2055,4,1,20,1,N,A,Y,A,H,D,I,10,S,07,B,,,,,C,Y,N,D,1,0,0,0,21658.0,2,37.72580028,-122.44622564,4
2016,2016-04-13,1025,4,1,10,3,N,A,Y,A,H,A,A,07,E,03,C,,,,,C,Y,N,D,1,0,0,0,22350.0,2,37.81080542,-122.36462537,4
2016,2016-04-16,139,4,1,1,6,N,A,Y,A,H,D,A,08,N,01,E,,,,,I,Y,N,D,1,0,0,0,23152.0,1,37.71315631,-122.3966725,3
2016,2016-04-07,810,4,1,8,4,N,B,Y,A,H,A,A,07,W,03,C,,,,,C,Y,N,A,1,0,0,0,22350.0,3,37.8065277,-122.36883393,4
2016,2016-04-03,1205,4,1,12,7,N,A,Y,A,H,A,A,01,N,08,E,,,,,I,N,N,D,3,0,0,0,22107.0,1,37.80732477,-122.47560184,4
2016,2016-04-11,835,4,1,8,1,N,B,Y,A,H,A,A,08,E,03,C,,,,,C,N,N,D,1,0,0,0,22350.0,2,,,4
2016,2016-04-17,1425,4,1,14,7,N,A,Y,A,H,A,A,01,N,03,C,,,,,C,N,N,D,1,0,0,0,22350.0,4,37.74587909,-122.40473651,4
2016,2016-04-19,415,4,1,4,2,N,B,Y,A,H,D,-,- ,N,18,E,,,,,J,Y,N,D,1,0,0,0,,1,,,3
2016,2016-04-19,700,4,1,7,2,N,A,Y,A,H,A,D,22,S,03,B,,,,,C,N,N,D,1,0,0,0,22350.0,2,37.7517,-122.40267,4
2016,2016-04-14,1425,4,1,14,4,N,A,Y,A,H,A,D,22,N,07,B,,,,,C,Y,N,D,1,0,0,0,21658.0,2,37.78788722,-122.47221439,4
2016,2016-04-05,715,4,1,7,2,N,A,Y,A,H,A,-,99,E,21,C,,,,,C,N,M,D,1,0,0,0,22106.0,2,37.78454,-122.39299,4
2016,2016-04-13,2353,4,1,23,3,N,B,Y,B,H,C,A,01,S,01,C,,,,,C,Y,N,A,1,0,0,0,23152.0,2,37.74705,-122.40385,4
2016,2016-04-19,1543,4,1,15,2,N,A,N,A,D,A,H,17,N,00,H,,Y,,,G,N,N,A,1,0,1,0,21760.0,2,37.78293645,-122.41576159,3
2016,2016-04-21,530,4,1,5,4,N,A,Y,A,H,C,-,99,W,03,C,,,,,C,N,F,D,2,0,0,0,22350.0,3,37.80779227,-122.36746961,4
2016,2016-04-21,1450,4,1,14,4,N,A,Y,A,H,A,A,01,S,07,B,,,,,C,Y,N,D,1,0,0,0,21658.0,2,37.73205529,-122.42826713,4
2016,2016-04-10,1500,4,1,15,7,N,A,Y,A,H,A,I,10,S,03,C,,,,,C,N,N,D,1,0,0,0,22350.0,3,,,4
2016,2016-04-21,1555,4,1,15,4,N,A,Y,A,H,A,C,02,W,03,B,,,Y,,C,N,N,D,1,0,0,1,22350.0,2,,,3
2016,2016-04-22,1010,4,1,10,5,N,B,Y,B,C,A,D,22,N,03,C,,,,,C,Y,N,D,1,0,0,0,22350.0,2,37.73164386,-122.42726917,4
2016,2016-04-22,855,4,1,8,5,N,B,Y,A,H,A,-,- ,E,18,E,,,,,I,Y,N,D,1,0,0,0,,1,,,4
2016,2016-02-24,2254,2,4,22,3,N,B,Y,A,H,D,N,60,S,11,G,Y,,,,B,Y,F,D,0,0,0,0,21954.0,3,37.73210791,-122.42954719,1
2016,2016-04-23,1605,4,1,16,6,N,A,Y,A,H,A,A,01,S,03,C,,,,,C,N,N,D,2,0,0,0,22350.0,2,37.75978774,-122.39225792,4
2016,2016-04-24,738,4,1,7,7,N,A,Y,A,H,A,A,07,E,03,C,,,,,C,Y,N,D,1,0,0,0,22350.0,2,37.79377106,-122.38256214,4
2016,2016-04-22,1750,4,1,17,5,N,A,Y,A,H,A,A,01,N,03,C,,,,,C,N,N,D,1,0,0,0,22350.0,2,37.79439301,-122.46962051,4
2016,2016-04-28,1540,4,1,15,4,N,A,Y,A,H,A,A,07,N,03,C,,,,,C,Y,N,D,2,0,0,0,22350.0,2,37.72267731,-122.40065651,4
2016,2016-04-26,1532,4,1,15,2,N,A,Y,A,H,A,A,01,S,03,C,,,,,C,N,N,D,2,0,0,0,22350.0,3,37.76458912,-122.40485715,3
2016,2016-04-28,1530,4,1,15,4,N,A,Y,A,H,A,D,22,S,07,B,,,,,C,N,N,D,1,0,0,0,21658.0,2,37.7320148,-122.42799352,4
2016,2016-04-29,1155,4,1,11,5,N,A,Y,A,H,A,A,07,E,03,C,,,,,C,Y,N,D,1,0,0,0,22350.0,2,37.7837814,-122.39428521,4
2016,2016-04-29,50,4,1,0,5,N,A,Y,A,H,C,A,01,E,03,C,,,,,C,Y,M,D,1,0,0,0,22350.0,2,37.7765467,-122.40409808,4
2016,2016-04-30,2355,4,1,23,6,N,A,Y,A,H,D,A,01,N,03,C,,,,,C,Y,N,D,3,0,0,0,22350.0,4,37.73200249,-122.42008081,3
2016,2016-04-30,757,4,1,7,6,N,A,Y,A,H,A,A,01,W,03,C,,,Y,,C,N,F,D,1,0,0,1,22350.0,2,37.78190297,-122.39709736,4
2016,2016-04-30,225,4,1,2,6,N,A,Y,A,H,C,-,99,W,03,C,,,,,C,N,N,D,1,0,0,0,22350.0,2,37.78634901,-122.39036208,4
2016,2016-05-02,2221,5,1,22,1,N,A,Y,A,H,C,A,01,N,03,C,,,,,C,Y,N,D,1,0,0,0,22350.0,2,37.74338528,-122.3965361,4
2016,2016-05-02,2348,5,1,23,1,N,A,Y,A,H,C,-,99,N,03,C,,,,,C,N,N,A,1,0,0,0,22350.0,2,37.76311,-122.39303,4
2016,2016-05-02,1600,5,1,16,1,N,A,Y,A,H,A,A,01,W,03,C,,,,,C,N,N,D,1,0,0,0,22350.0,2,,,4
2016,2016-05-04,1900,5,1,19,3,N,A,Y,A,H,A,A,01,S,03,C,,,,,C,Y,N,D,1,0,0,0,22350.0,2,37.76027394,-122.40629521,4
2016,2016-05-04,1100,5,1,11,3,N,A,Y,A,H,A,A,07,E,07,B,,,Y,,C,N,N,D,1,0,0,1,21658.0,2,37.81383471,-122.36159463,4
2016,2016-05-03,1550,5,1,15,2,N,A,Y,A,H,A,-,- ,S,18,E,,,,,I,N,N,D,1,0,0,0,,1,37.761977,-122.40596438,4
2016,2016-05-02,820,5,1,8,1,N,A,N,A,H,A,L,04,S,03,B,,Y,,,G,N,N,D,1,0,1,0,22350.0,2,37.73695287,-122.39610453,3
2016,2016-05-02,2347,5,1,23,1,N,A,Y,A,H,C,A,01,S,08,E,,,,,I,Y,N,D,1,0,0,0,22107.0,1,37.76792064,-122.4055097,4
2016,2016-05-05,935,5,1,9,4,N,B,Y,A,H,A,A,01,S,03,C,,,,,C,Y,F,D,1,0,0,0,22350.0,2,37.72590745,-122.40191099,4
2016,2016-05-06,857,5,1,8,5,N,B,Y,A,H,A,D,22,N,07,B,,,Y,,C,N,N,D,1,0,0,1,21658.0,2,37.73136033,-122.42473881,4
2016,2016-05-06,1230,5,1,12,5,N,C,Y,B,H,A,A,01,S,03,E,,,,,I,Y,N,D,1,0,0,0,22350.0,1,37.74785,-122.39326,4
2016,2016-05-08,1630,5,1,16,7,N,A,N,A,H,A,A,01,N,03,C,,,,,C,Y,N,D,3,0,0,0,22350.0,2,37.73290857,-122.41330427,4
2016,2016-05-09,1612,5,1,16,1,N,A,Y,A,H,A,A,07,S,17,F,,,,,A,Y,F,D,1,0,0,0,22109.0,2,37.71038797,-122.46285943,3
2016,2016-05-11,1700,5,1,17,3,N,A,Y,A,H,A,F,26,E,03,C,,,,Y,C,Y,N,D,4,0,0,0,22350.0,4,,,4
2016,2016-05-12,1820,5,1,18,4,N,A,Y,A,H,A,C,02,S,04,C,,,Y,,C,Y,N,D,1,0,0,1,21703.0,2,,,4
2016,2016-05-12,1720,5,1,17,4,N,A,Y,A,H,A,A,01,W,03,C,,,,,C,N,N,D,2,0,0,0,22350.0,4,,,4
2016,2016-05-13,25,5,1,0,5,N,A,Y,A,H,C,A,01,N,03,C,,,,,C,Y,N,D,1,0,0,0,22350.0,3,37.76606574,-122.40522317,4
2016,2016-05-10,1010,5,1,10,2,N,B,Y,A,H,A,A,01,W,08,E,,,,,I,Y,N,D,1,0,0,0,22107.0,1,37.78101682,-122.39831352,3
2016,2016-05-12,2038,5,1,20,4,N,A,Y,A,H,D,-,99,S,03,C,,,,,C,Y,F,D,1,0,0,0,22350.0,2,37.74787765,-122.40408245,3
2016,2016-05-11,1900,5,1,19,3,N,A,Y,A,H,A,A,01,W,03,C,,,,,C,Y,N,D,2,0,0,0,22350.0,3,37.80773584,-122.3675282,3
2016,2016-05-11,2040,5,1,20,3,N,A,Y,A,H,C,N,60,W,11,G,Y,,Y,,B,Y,N,A,1,1,0,0,21954.0,2,37.781,-122.4,4
2016,2016-05-12,1830,5,1,18,4,N,A,Y,A,H,A,A,01,N,03,C,,,,,C,Y,N,D,3,0,0,0,22350.0,2,37.73022209,-122.43865101,4
2016,2016-05-14,2354,5,1,23,6,N,B,Y,A,H,C,A,01,S,03,C,,,,,C,N,N,D,1,0,0,0,22350.0,2,37.76641471,-122.40529144,4
2016,2016-05-14,2356,5,1,23,6,N,A,Y,A,H,D,A,01,S,01,C,,,,,C,Y,N,D,2,0,0,0,23152.0,3,37.76836,-122.40625,4
2016,2016-05-12,1600,5,1,16,4,N,A,Y,A,H,A,A,01,N,03,C,,,,,C,Y,N,D,2,0,0,0,22350.0,4,37.71451234,-122.45093676,4
2016,2016-05-12,1600,5,1,16,4,N,A,Y,A,H,A,A,01,E,07,F,,,Y,,A,N,N,D,1,0,0,1,21658.0,2,,,4
2016,2016-05-13,2112,5,1,21,5,N,A,Y,A,H,C,A,01,S,08,E,,,,,I,Y,N,A,2,0,0,0,22107.0,1,37.76996,-122.40588,4
2016,2016-05-15,210,5,1,2,7,N,B,Y,A,H,C,A,01,S,01,E,,,,,I,Y,N,D,1,0,0,0,23152.0,1,37.74811,-122.40447,3
2016,2016-05-12,1600,5,1,16,4,N,A,Y,A,H,A,A,01,S,03,B,,,Y,,C,Y,N,D,1,0,0,0,22350.0,2,,,3
2016,2016-05-17,829,5,1,8,2,N,A,Y,A,H,A,C,02,S,03,B,,,Y,,C,Y,N,D,1,0,0,1,22350.0,2,37.72200805,-122.4003925,4
2016,2016-05-18,1336,5,1,13,3,N,A,Y,A,H,A,A,01,N,07,B,,,,,C,N,N,D,1,0,0,0,21658.0,2,,,4
2016,2016-05-18,1845,5,1,18,3,N,A,Y,A,H,A,D,22,N,03,C,,,,,C,N,N,D,1,0,0,0,22350.0,2,37.73345103,-122.4122155,4
2016,2016-05-02,1450,5,1,14,1,N,A,N,A,H,A,A,01,S,03,C,,,,,C,N,M,D,1,0,0,0,22350.0,2,37.73166593,-122.40530037,4
2016,2016-05-18,1640,5,1,16,3,N,A,Y,A,H,A,A,01,S,03,C,,,,,C,N,N,D,2,0,0,0,22350.0,2,,,4
2016,2016-05-21,340,5,1,3,6,N,A,Y,A,H,D,A,01,S,01,A,,,,,C,Y,N,D,2,0,0,0,23152.0,2,37.72506578,-122.40161418,3
2016,2016-05-21,2148,5,1,21,6,N,B,Y,A,H,D,N,60,N,11,G,Y,,,,B,N,N,D,1,1,0,0,21954.0,3,37.76703622,-122.39548502,3
2016,2016-05-22,125,5,1,1,7,N,B,Y,A,H,C,A,07,E,07,B,,,,,C,Y,N,D,2,0,0,0,21658.0,2,37.81075045,-122.36468037,4
2016,2016-05-22,2105,5,1,21,7,N,B,Y,A,H,C,A,08,S,03,C,,,,,C,N,N,D,1,0,0,0,22350.0,2,37.7685167,-122.40626773,4
2016,2016-05-21,1330,5,1,13,6,N,A,Y,A,H,A,A,01,N,03,C,,,,,C,Y,N,D,3,0,0,0,22350.0,3,,,4
2016,2016-05-21,714,5,1,7,6,N,B,Y,A,H,A,-,- ,S,07,B,,,,Y,C,Y,N,D,1,0,0,0,21658.0,2,37.74067492,-122.40773327,4
2016,2016-05-21,840,5,1,8,6,N,B,Y,A,H,A,D,22,E,03,C,,,,,C,Y,N,D,1,0,0,0,22350.0,4,37.78431604,-122.39361275,4
2016,2016-05-21,640,5,1,6,6,N,A,Y,A,D,A,A,01,E,07,B,,,Y,,C,Y,N,D,1,0,0,1,21658.0,3,37.81455194,-122.36047038,4
2016,2016-03-28,615,3,1,6,1,N,B,Y,A,H,D,N,60,S,11,G,Y,,,,B,N,F,D,0,0,0,0,21954.0,4,37.73243843,-122.41438636,1
2016,2016-05-25,1540,5,1,15,3,N,A,Y,A,H,A,A,07,N,03,C,,,,,C,N,N,D,1,0,0,0,22350.0,2,,,4
2016,2016-05-25,1506,5,1,15,3,N,A,Y,A,H,A,A,07,S,07,B,,,,,C,N,N,D,1,0,0,0,21658.0,2,,,4
2016,2016-05-26,1620,5,1,16,4,N,A,Y,A,H,A,A,01,N,03,C,,,,,C,Y,N,D,1,0,0,0,22350.0,3,,,4
2016,2016-05-25,1550,5,1,15,3,N,A,Y,A,H,A,A,01,W,00,B,,,Y,,C,Y,N,D,2,0,0,1,21568.0,4,37.80456757,-122.37097898,3
2016,2016-05-21,1310,5,1,13,6,N,A,Y,A,H,A,A,01,N,03,C,,,,,C,Y,N,D,1,0,0,0,22350.0,2,37.72388204,-122.40114313,4
2016,2016-05-26,1619,5,1,16,4,N,A,Y,A,H,A,A,01,N,07,B,,,,,C,Y,N,D,1,0,0,0,21658.0,2,,,4
2016,2016-05-24,900,5,1,9,2,N,A,Y,A,H,A,A,07,W,03,C,,,,,C,N,N,D,1,0,0,0,22350.0,2,37.77817444,-122.40096251,4