ACCIDENT_YEAR,COLLISION_DATE,COLLISION_TIME,MONTH,SEASON,24HOURS,DAY_OF_WEEK,INTERSECTION,WEATHER_1,STATE_HWY_IND,ROAD_SURFACE,ROAD_COND_1,LIGHTING,STWD_VEHTYPE_AT_FAULT,CHP_VEHTYPE_AT_FAULT,DIRECTION,PCF_VIOL_CATEGORY,TYPE_OF_COLLISION,PEDESTRIAN_ACCIDENT,BICYCLE_ACCIDENT,MOTORCYCLE_ACCIDENT,TRUCK_ACCIDENT,MVIW,TOW_AWAY,HIT_AND_RUN,CONTROL_DEVICE,NUMBER_INJURED,COUNT_PED_INJURED,COUNT_BICYCLIST_INJURED,COUNT_MC_INJURED,PCF_VIOLATION,PARTY_COUNT,POINT_Y,POINT_X,COLLISION_SEVERITY
2017,2017-08-03,1130,8,2,11,4,N,B,N,A,H,A,L,04,N,22,G,Y,Y,,,B,Y,N,D,2,1,1,0,,2,,,2
2020,2020-01-21,1710,1,4,17,2,Y,C,N,B,H,C,D,22,,12,D,,,Y,,C,N,N,A,1,0,0,1,21453.0,2,37.78752899169922,-122.42183685302734,4
2020,2020-01-09,754,1,4,7,4,Y,C,N,B,H,A,A,01,,09,D,,,,,C,Y,N,A,3,0,0,0,21801.0,3,37.70898818969727,-122.45825958251952,3
2017,2017-08-02,633,8,2,6,3,N,B,Y,A,H,A,A,07,S,03,C,,,,,C,N,N,D,1,0,0,0,22350.0,3,,,3
2017,2017-08-02,825,8,2,8,3,N,B,Y,A,H,A,A,01,N,07,B,,,Y,,C,Y,N,D,1,0,0,1,21658.0,2,37.74052936,-122.40801326,4
2020,2020-01-10,1508,1,4,15,5,Y,A,N,A,H,A,A,01,,03,C,,,,,C,N,F,A,1,0,0,0,22350.0,2,37.7493896484375,-122.40206146240234,3
2020,2020-01-17,1831,1,4,18,5,Y,A,N,A,H,C,A,01,,12,D,,,,,C,N,N,A,1,0,0,0,22450.0,2,37.76039123535156,-122.38950347900392,4
2020,2020-01-21,2130,1,4,21,2,Y,A,N,B,H,C,A,01,,09,A,,,,,C,Y,N,A,1,0,0,0,21801.0,2,37.802261352539055,-122.4247817993164,3
2020,2020-01-05,1840,1,4,18,7,Y,A,N,A,D,C,A,01,,12,D,,,,,C,Y,N,A,1,0,0,0,21453.0,2,37.7866096496582,-122.42164611816406,4
2020,2020-01-25,1924,1,4,19,6,Y,B,N,B,G,C,A,01,,09,B,,,,,C,Y,N,A,1,0,0,0,21453.0,2,37.735549926757805,-122.50682067871094,4
2017,2017-08-04,1405,8,2,14,5,N,B,Y,A,H,A,A,01,W,03,C,,,,,C,N,N,D,1,0,0,0,22350.0,2,37.80679524,-122.36854116,4
2017,2017-07-31,1527,7,2,15,1,N,A,Y,A,H,A,-,99,S,08,E,,,,,I,Y,F,D,1,0,0,0,22107.0,2,37.73435,-122.40943,4
2017,2017-08-05,2130,8,2,21,6,N,A,Y,A,H,C,A,01,E,03,C,,,,,C,Y,N,D,1,0,0,0,22350.0,2,37.80849859,-122.36674736,3
2017,2017-08-03,1400,8,2,14,4,N,A,Y,A,H,A,A,01,W,03,C,,,,,C,Y,N,D,1,0,0,0,22350.0,2,37.79743865,-122.37874602,3
2017,2017-08-07,2210,8,2,22,1,N,A,Y,A,H,C,A,01,N,03,E,,,,,I,Y,N,D,3,0,0,0,22350.0,3,37.81746078,-122.47851071,3
2017,2017-08-01,837,8,2,8,2,N,A,Y,A,H,A,-,- ,W,00,B,,,,,C,N,N,D,1,0,0,0,,2,37.77949,-122.39885,4
2017,2017-08-08,830,8,2,8,2,N,B,Y,A,H,A,A,07,W,03,C,,,,,C,Y,N,D,1,0,0,0,22350.0,2,37.77211795,-122.40641527,4
2017,2017-08-09,1115,8,2,11,3,N,A,Y,A,H,A,A,01,S,03,C,,,,,C,N,N,D,2,0,0,0,22350.0,3,37.7734,-122.39745,4
2017,2017-08-10,1605,8,2,16,4,N,A,Y,A,H,A,A,01,E,03,C,,,,,C,Y,N,D,2,0,0,0,22350.0,2,37.80920629,-122.36609993,4
2017,2017-08-10,620,8,2,6,4,N,B,Y,A,H,A,A,01,S,08,D,,,,,C,Y,N,D,1,0,0,0,22107.0,2,37.73197787,-122.41552805,4
2017,2017-08-11,1210,8,2,12,5,N,A,Y,A,H,A,D,22,S,03,C,,,,Y,C,N,N,D,1,0,0,0,22350.0,2,37.75148067,-122.40296439,4
2017,2017-08-11,2015,8,2,20,5,N,A,Y,A,H,D,A,01,E,03,C,,,,,C,N,N,D,2,0,0,0,22350.0,3,37.81516019,-122.35859871,4
2017,2017-08-14,1649,8,2,16,1,N,A,Y,A,H,C,A,01,N,03,C,,,,,C,Y,N,D,1,0,0,0,22350.0,3,37.79435944,-122.46949667,4
2020,2020-01-22,1339,1,4,13,3,N,A,N,A,H,A,J,48,N,17,H,Y,,,,B,N,N,D,1,1,0,0,21663.0,2,37.76849365234375,-122.42079162597656,4
2020,2020-01-10,2028,1,4,20,5,Y,A,N,A,H,C,A,01,,09,D,,,,,C,Y,N,A,2,0,0,0,21801.0,2,37.78118896484375,-122.46215057373048,4
2020,2020-01-26,1123,1,4,11,7,N,A,N,A,H,A,J,43,,05,E,,,,,I,N,N,D,1,0,0,0,21651.0,2,,,4
2020,2020-01-09,1849,1,4,18,4,N,A,N,A,H,C,J,48,W,00,C,,,,,C,Y,N,D,3,0,0,0,21056.0,3,37.75882339477539,-122.41600799560548,4
2020,2020-01-09,1450,1,4,14,4,Y,A,N,A,H,A,A,01,,08,D,,,,,C,Y,N,D,2,0,0,0,22107.0,3,37.78670120239258,-122.40252685546876,4
2017,2017-08-11,1730,8,2,17,5,N,A,Y,A,H,A,C,02,E,03,B,,,Y,,C,Y,N,D,1,0,0,1,22350.0,2,37.78152822,-122.39696851,4
2017,2017-08-14,1323,8,2,13,1,N,A,Y,A,H,A,A,01,N,03,C,,,,,C,N,N,D,1,0,0,0,22350.0,2,37.7583168,-122.40493115,4
2017,2017-08-16,645,8,2,6,3,N,B,Y,A,C,B,F,26,S,03,C,,,,Y,C,N,N,D,1,0,0,0,22350.0,2,37.82463643,-122.4793113,4
2017,2017-08-14,1515,8,2,15,1,N,B,Y,A,H,A,A,01,S,07,B,,,,,C,Y,M,D,4,0,0,0,21658.0,4,37.74723314,-122.404289,3
2017,2017-08-14,1700,8,2,17,1,N,A,Y,A,H,A,C,02,W,03,B,,,Y,,C,N,N,D,1,0,0,1,22350.0,3,,,3
2017,2017-07-10,30,7,2,0,1,N,A,Y,A,D,C,A,01,W,07,B,,,Y,,C,Y,N,D,1,0,0,1,21658.0,2,37.81024322,-122.36517619,4
2017,2017-07-29,2255,7,2,22,6,N,A,Y,A,H,D,D,22,W,03,C,,,,,C,N,F,D,1,0,0,0,22350.0,3,37.7859703,-122.39086228,4
2017,2017-08-14,1906,8,2,19,1,N,A,Y,A,H,A,A,01,S,03,C,,,,,C,Y,N,D,2,0,0,0,22350.0,4,37.71784858,-122.44864986,3
2017,2017-08-14,1520,8,2,15,1,N,B,Y,A,H,A,A,01,E,03,C,,,,,C,N,N,D,1,0,0,0,22350.0,2,37.78392818,-122.3941006,4
2017,2017-08-01,1337,8,2,13,2,N,A,Y,A,H,A,A,01,N,08,E,,,,,I,Y,N,A,1,0,0,0,22107.0,1,37.73624,-122.4071,4
2017,2017-08-15,2025,8,2,20,2,N,A,Y,A,H,C,A,01,S,07,B,,,,,C,N,N,D,2,0,0,0,21658.0,2,37.72178857,-122.40058389,4
2017,2017-08-15,2330,8,2,23,2,N,A,Y,A,H,D,-,99,S,03,C,,,,,C,N,F,D,3,0,0,0,22350.0,2,37.76176684,-122.4058623,4
2017,2017-08-19,1525,8,2,15,6,N,B,Y,A,H,A,A,01,S,07,B,,,,,C,N,N,D,1,0,0,0,21658.0,2,37.73409,-122.40998,4
2017,2017-08-04,1510,8,2,15,5,N,B,Y,A,H,A,-,- ,S,00,C,,,Y,,C,Y,N,D,1,0,0,1,,2,37.76509313,-122.40482825,3
2017,2017-08-17,1414,8,2,14,4,N,A,Y,A,H,A,E,22,W,03,C,,,,,C,Y,N,D,1,0,0,0,22350.0,2,37.80341022,-122.37223734,4
2017,2017-08-18,1025,8,2,10,5,N,B,Y,A,H,A,L,04,S,22,F,,Y,,,A,N,N,D,1,0,1,0,,1,37.82549194,-122.47952686,3
2017,2017-08-18,2022,8,2,20,5,N,A,Y,A,H,C,C,02,E,01,E,,,Y,,I,Y,N,A,1,0,0,1,23152.0,1,37.80869735,-122.3665525,3
2017,2017-08-18,1600,8,2,16,5,N,A,Y,A,H,A,A,01,E,07,B,,,,,C,N,N,D,1,0,0,0,21658.0,3,37.81823429,-122.35241655,4
2017,2017-08-18,1535,8,2,15,5,N,A,Y,A,H,A,A,01,S,17,C,,,,,C,Y,N,D,1,0,0,0,21658.0,3,37.74660267,-122.40470737,4
2017,2017-08-18,1825,8,2,18,5,N,A,Y,A,H,C,A,01,S,01,C,,,,,C,N,M,A,2,0,0,0,23152.0,2,,,4
2020,2020-01-19,2325,1,4,23,7,N,A,N,A,H,C,A,01,N,03,H,Y,,,,J,N,N,D,1,1,0,0,22350.0,3,37.761016845703125,-122.43389129638672,4
2017,2017-08-16,1620,8,2,16,3,N,A,Y,A,H,A,A,01,S,03,C,,,,,C,Y,N,D,2,0,0,0,22350.0,2,,,4
2017,2017-08-20,310,8,2,3,7,N,B,Y,A,H,C,A,01,N,01,C,,,,,C,Y,N,A,1,0,0,0,23152.0,2,,,4
2017,2017-08-17,1950,8,2,19,4,N,A,Y,A,H,A,A,01,S,03,C,,,,,C,N,N,D,1,0,0,0,22350.0,3,37.71767366,-122.44850712,4
2020,2020-01-14,1945,1,4,19,2,N,A,N,A,H,C,-,,N,08,C,,,Y,,C,N,F,A,1,0,0,1,22107.0,2,37.781768798828125,-122.42397308349608,3
2020,2020-01-04,2000,1,4,20,6,Y,A,N,A,H,C,A,01,,03,E,,,,,I,Y,N,D,1,0,0,0,22350.0,1,37.728828430175774,-122.42269134521484,4
2017,2017-08-11,2315,8,2,23,5,N,A,Y,A,H,D,A,01,N,03,C,,,,,C,Y,N,D,1,0,0,0,22350.0,3,37.76938915,-122.41143804,4
2017,2017-08-21,2315,8,2,23,1,N,A,Y,A,H,D,A,07,N,03,C,,,,,C,Y,N,D,4,0,0,0,22350.0,5,37.76497416,-122.4051308,4
2017,2017-08-22,1625,8,2,16,2,N,A,Y,A,H,A,A,07,N,07,B,,,,,C,Y,N,D,1,0,0,0,21658.0,2,37.74451089,-122.40523403,4
2020,2020-01-16,1815,1,4,18,4,Y,C,N,B,H,C,A,07,,01,D,,,,,D,Y,N,D,1,0,0,0,23152.0,4,37.721229553222656,-122.43199920654295,4
2017,2017-08-23,1544,8,2,15,3,N,A,Y,A,H,A,A,07,N,03,C,,,,,C,Y,N,D,2,0,0,0,22350.0,4,37.72393245,-122.40116413,4
2017,2017-08-05,2250,8,2,22,6,N,B,Y,A,H,C,A,01,N,07,C,,,,,C,Y,N,D,2,0,0,0,21658.0,2,37.73232153,-122.41427433,4
2017,2017-08-14,2000,8,2,20,1,N,A,Y,A,H,A,A,01,S,07,B,,,Y,,C,Y,N,D,1,0,0,1,21658.0,2,37.76368545,-122.40495394,3
2017,2017-08-12,1015,8,2,10,6,N,A,Y,A,H,A,A,01,E,08,E,,,,,I,Y,N,D,1,0,0,0,22107.0,1,,,3
2017,2017-08-22,2047,8,2,20,2,N,A,Y,A,H,C,I,10,N,08,E,,,,,I,Y,N,D,1,0,0,0,22107.0,1,37.80707487,-122.47561994,4
2017,2017-08-21,900,8,2,9,1,N,B,Y,A,H,A,A,01,S,03,C,,,,,C,N,N,D,1,0,0,0,22350.0,2,,,4
2017,2017-08-22,2330,8,2,23,2,N,A,Y,A,D,C,A,07,W,01,C,,,,,C,Y,N,A,1,0,0,0,23152.0,3,,,4
2017,2017-08-22,1851,8,2,18,2,N,A,Y,A,H,A,I,10,N,07,D,,,Y,,C,N,N,D,1,0,0,1,21658.0,2,37.76961558,-122.41377071,4
2017,2017-08-23,1140,8,2,11,3,N,A,Y,A,H,A,A,01,S,01,C,,,,,C,Y,N,D,1,0,0,0,23152.0,3,37.76963361,-122.41457028,4
2017,2017-08-07,540,8,2,5,1,N,A,Y,A,H,D,C,02,W,03,F,,,Y,,A,Y,N,D,1,0,0,1,22350.0,2,37.81096539,-122.36446532,3
2017,2017-08-22,1540,8,2,15,2,N,A,Y,A,H,A,A,01,N,03,C,,,,,C,Y,N,D,1,0,0,0,22350.0,2,37.7209838,-122.4000173,4
2017,2017-08-24,1825,8,2,18,4,N,A,Y,A,H,A,A,08,E,03,C,,,,,C,N,N,D,3,0,0,0,22350.0,2,37.7882436,-122.38827197,4
2017,2017-08-25,145,8,2,1,5,N,A,Y,A,H,C,A,01,S,01,E,,,,,I,Y,N,D,1,0,0,0,23152.0,1,37.73215041,-122.41478854,2
2017,2017-08-25,158,8,2,1,5,N,A,Y,A,H,C,A,01,N,08,E,,,,,I,Y,N,D,1,0,0,0,22107.0,1,37.73245615,-122.41390074,3
2017,2017-08-25,1020,8,2,10,5,N,B,Y,A,H,A,A,01,S,08,E,,,,,I,Y,N,D,1,0,0,0,22107.0,1,37.73228531,-122.42973396,3
2017,2017-08-28,1440,8,2,14,1,N,A,Y,A,H,A,A,01,S,03,C,,,,,C,N,N,D,1,0,0,0,22350.0,2,,,4
2017,2017-08-29,1832,8,2,18,2,N,A,Y,A,H,A,D,22,W,01,C,,,,,C,Y,N,A,1,0,0,0,23152.0,2,37.79775124,-122.37841204,4
2017,2017-08-29,835,8,2,8,2,N,A,Y,A,H,A,A,01,N,03,C,,,,,C,Y,N,D,1,0,0,0,22350.0,2,37.7521635,-122.40313131,4
2017,2017-08-29,1505,8,2,15,2,N,A,Y,A,H,A,A,01,S,03,C,,,,,C,Y,N,D,2,0,0,0,22350.0,2,37.74240162,-122.40684707,4
2017,2017-09-07,235,9,3,2,4,N,B,Y,B,H,C,A,01,S,03,E,,,,,I,Y,N,D,1,0,0,0,22350.0,1,37.80328345,-122.46950061,4
2017,2017-08-30,1740,8,2,17,3,N,A,Y,A,H,A,C,02,S,03,C,,,Y,,C,Y,N,D,1,0,0,1,22350.0,2,37.74657208,-122.40471728,3
2017,2017-08-30,1435,8,2,14,3,N,A,Y,A,H,A,A,01,S,03,C,,,,,C,Y,N,D,1,0,0,0,22350.0,3,37.72301501,-122.40087971,4
2017,2017-08-29,745,8,2,7,2,N,A,Y,A,H,A,D,22,S,07,B,,,Y,,C,N,N,D,1,0,0,1,21658.0,2,37.74255563,-122.40672504,4
2017,2017-08-22,1200,8,2,12,2,N,A,Y,A,H,A,A,01,S,03,C,,,,,C,N,N,D,2,0,0,0,22350.0,7,37.74086452,-122.39884259,4
2017,2017-09-01,2127,9,3,21,5,N,A,Y,A,H,C,A,07,E,03,C,,,,,C,N,N,D,1,0,0,0,22350.0,2,37.76901626,-122.4051484,4
2017,2017-08-05,119,8,2,1,6,N,A,Y,A,H,D,A,07,S,01,C,,,,,C,Y,N,D,2,0,0,0,23152.0,2,37.75640732,-122.40338742,2
2017,2017-08-29,1950,8,2,19,2,N,B,Y,A,H,D,-,99,S,03,C,,,,,C,Y,F,D,1,0,0,0,22350.0,2,37.71317772,-122.39668751,4
2017,2017-09-01,1140,9,3,11,5,N,A,Y,A,H,A,A,01,N,07,B,,,,,C,Y,N,D,1,0,0,0,21658.0,2,37.75184198,-122.40308078,4
2017,2017-09-02,525,9,3,5,6,N,A,Y,A,H,B,D,22,W,03,C,,,,,C,Y,N,D,2,0,0,0,22350.0,2,37.77161273,-122.40617003,3
2017,2017-09-01,2235,9,3,22,5,N,A,Y,A,H,D,-,99,N,07,B,,,Y,,C,Y,F,D,1,0,0,1,21658.0,2,37.73815,-122.40825,3
2017,2017-09-02,150,9,3,1,6,N,A,Y,A,H,D,A,01,W,01,C,,,,,C,Y,F,D,3,0,0,0,23152.0,2,37.79778054,-122.37838074,4
2017,2017-09-04,1130,9,3,11,1,N,A,Y,A,H,A,A,01,N,07,B,,,,Y,C,Y,N,D,1,0,0,0,21658.0,2,37.76500714,-122.40482839,4
2017,2017-09-03,1354,9,3,13,7,N,A,Y,A,H,A,A,01,S,03,C,,,,,C,Y,N,D,2,0,0,0,22350.0,2,37.80244248,-122.4663196,4
2017,2017-09-05,805,9,3,8,2,N,A,Y,A,H,A,A,01,W,03,C,,,,,C,N,N,D,1,0,0,0,22350.0,2,,,4
2017,2017-09-01,2050,9,3,20,5,N,A,Y,A,H,C,A,01,S,03,C,,,,,C,Y,N,D,2,0,0,0,22350.0,2,37.73243,-122.40475,3
2017,2017-09-05,620,9,3,6,2,N,A,Y,A,H,A,A,01,N,03,C,,,,,C,N,N,D,1,0,0,0,22350.0,2,37.7254053,-122.40203972,4
2017,2017-09-10,1800,9,3,18,7,N,A,Y,A,H,A,A,01,N,03,C,,,,,C,N,N,D,3,0,0,0,22350.0,2,37.78979995,-122.47085104,4
2017,2017-09-07,620,9,3,6,4,N,A,Y,A,H,B,A,01,N,08,E,,,,,I,N,N,D,1,0,0,0,22107.0,2,37.73243773,-122.41394721,4
2017,2017-09-10,2330,9,3,23,7,N,A,Y,A,H,D,A,01,W,03,C,,,,,C,Y,M,D,1,0,0,0,22350.0,3,37.7717973,-122.40649673,3
2017,2017-09-12,1402,9,3,14,2,N,A,Y,A,H,A,A,01,N,08,B,,,,,C,Y,N,D,1,0,0,0,22107.0,2,37.73252,-122.41335,4
2017,2017-09-13,2300,9,3,23,3,N,B,Y,A,D,D,-,99,N,03,C,,,,,C,N,F,A,1,0,0,0,22350.0,2,37.73233618,-122.4305,4
2017,2017-09-14,1610,9,3,16,4,N,A,Y,A,H,A,A,08,S,03,C,,,,,C,N,F,D,1,0,0,0,22350.0,3,,,4
2017,2017-09-20,400,9,3,4,3,N,A,Y,A,H,D,A,01,N,08,F,,,,,A,Y,N,D,1,0,0,0,22107.0,1,37.73175848,-122.42685474,4
2017,2017-09-15,835,9,3,8,5,N,A,Y,A,H,A,-,99,S,07,B,,,Y,,C,N,F,D,1,0,0,1,21658.0,2,37.72264598,-122.4478159,4
2017,2017-09-16,1449,9,3,14,6,N,A,Y,A,H,A,A,01,S,03,C,,,,,C,Y,N,D,4,0,0,0,22350.0,3,37.75660181,-122.40346343,4
2017,2017-09-16,1706,9,3,17,6,N,A,Y,A,H,A,A,01,E,03,C,,,,,C,Y,N,D,1,0,0,0,22350.0,2,37.78086,-122.39823,3
2017,2017-09-18,730,9,3,7,1,N,B,Y,A,H,C,A,07,S,03,C,,,,,C,N,N,D,1,0,0,0,22350.0,3,37.71535825,-122.4497603,4
2017,2017-09-19,1255,9,3,12,2,N,A,Y,A,H,A,C,02,S,03,E,,,Y,,I,Y,N,A,1,0,0,1,22350.0,1,37.76961,-122.40539,3
2017,2017-09-13,545,9,3,5,3,N,B,Y,B,H,C,A,01,N,03,C,,,,,C,Y,N,D,1,0,0,0,22350.0,3,,,4
2017,2017-09-17,2025,9,3,20,7,N,A,Y,A,H,D,A,01,S,03,C,,,,,C,Y,N,D,1,0,0,0,22350.0,2,37.76823,-122.40606,3
2017,2017-09-19,1745,9,3,17,2,N,A,Y,A,H,A,C,02,S,03,C,,,Y,,C,Y,N,D,1,0,0,1,22350.0,2,37.73276745,-122.41359395,4
2017,2017-09-19,530,9,3,5,2,N,A,Y,A,H,C,C,02,S,08,F,,,Y,,A,Y,N,D,1,0,0,1,22107.0,1,37.74962,-122.40416,2
2017,2017-08-16,2310,8,2,23,3,N,A,Y,A,H,D,-,- ,E,00,C,,,,Y,C,N,N,D,1,0,0,0,,2,37.77834756,-122.40075635,4
2017,2017-09-24,1450,9,3,14,7,N,A,Y,A,H,A,A,01,S,03,C,,,,,C,N,F,D,2,0,0,0,22350.0,2,37.76124163,-122.40634181,4
2017,2017-09-17,655,9,3,6,7,N,B,Y,A,H,B,A,01,W,03,C,,,,,C,Y,N,D,1,0,0,0,22350.0,2,37.80363931,-122.3719898,4
2017,2017-09-18,1455,9,3,14,1,N,A,Y,A,H,A,C,02,N,03,B,,,Y,,C,Y,N,D,1,0,0,1,22350.0,4,37.75546739,-122.40301951,3
2017,2017-09-24,645,9,3,6,7,N,A,Y,A,H,A,A,01,W,03,C,,,,,C,Y,N,D,2,0,0,0,22350.0,2,37.80518488,-122.37030343,3
2017,2017-08-29,1952,8,2,19,2,N,A,Y,A,H,D,A,01,S,03,C,,,,,C,Y,N,D,2,0,0,0,22350.0,2,37.71315631,-122.3966725,4
2017,2017-09-11,1606,9,3,16,1,N,A,Y,A,H,A,C,02,S,03,B,,,Y,,C,Y,N,A,1,0,0,1,22350.0,2,37.71598068,-122.44942285,3
2017,2017-09-05,1700,9,3,17,2,N,A,Y,A,H,A,-,- ,N,00,C,,,,,C,Y,N,D,1,0,0,0,,3,37.73296239,-122.41319624,4
2017,2017-09-13,758,9,3,7,3,N,A,Y,A,H,A,C,02,W,03,B,,,Y,,C,Y,N,D,1,0,0,1,22350.0,2,37.78872919,-122.38774408,3
2017,2017-09-22,1240,9,3,12,5,N,A,Y,A,H,A,A,01,W,07,C,,,,,C,Y,N,D,1,0,0,0,21658.0,2,37.80796607,-122.36728916,3
2017,2017-09-27,1403,9,3,14,3,N,A,Y,A,H,A,A,01,N,03,C,,,,,C,Y,N,A,2,0,0,0,22350.0,3,,,4
2017,2017-09-28,928,9,3,9,4,N,A,Y,A,H,A,A,01,N,03,C,,,,,A,Y,N,D,1,0,0,0,22350.0,2,37.73187376,-122.41862971,4
2017,2017-09-29,2345,9,3,23,5,N,A,Y,A,H,C,A,01,E,03,C,,,,,C,Y,N,D,1,0,0,0,22350.0,2,37.77260339,-122.40656546,4
2017,2017-09-29,1730,9,3,17,5,N,A,Y,A,H,A,D,22,N,03,C,,,,,C,N,N,D,1,0,0,0,22350.0,2,37.74015602,-122.40785101,4
2017,2017-10-06,1355,10,3,13,5,N,A,Y,A,H,C,A,01,N,03,C,,,,,C,Y,N,D,4,0,0,0,22350.0,5,37.79278995,-122.46964721,4
2017,2017-10-05,845,10,3,8,4,N,A,Y,A,H,A,A,01,N,03,C,,,,,C,N,N,D,1,0,0,0,22350.0,2,37.71809458,-122.39946812,4
2017,2017-10-06,2045,10,3,20,5,N,A,Y,A,H,D,A,01,S,03,C,,,,,C,Y,N,D,2,0,0,0,22350.0,3,37.74270693,-122.4068639,4
2017,2017-10-09,1947,10,3,19,1,N,A,Y,A,H,D,A,01,S,04,C,,,,,C,N,N,D,1,0,0,0,21703.0,3,37.76715,-122.40545,4
2017,2017-10-10,1832,10,3,18,2,N,B,Y,A,H,B,A,01,W,07,B,,,Y,,C,Y,N,D,1,0,0,1,21658.0,2,37.78165427,-122.39681839,4
2017,2017-10-10,1833,10,3,18,2,N,A,Y,A,H,C,-,- ,N,07,B,,,,,C,N,N,D,1,0,0,0,21658.0,2,37.76898,-122.40874,3
2017,2017-10-10,1200,10,3,12,2,N,A,Y,A,H,A,A,01,W,03,C,,,,,C,N,N,D,1,0,0,0,22350.0,2,37.80790795,-122.3673495,4
2017,2017-10-11,1820,10,3,18,3,N,A,Y,A,H,B,A,01,S,03,C,,,,,C,N,N,D,1,0,0,0,22350.0,2,37.7318689,-122.42108581,4
2017,2017-08-10,1725,8,2,17,4,N,A,Y,A,H,A,-,- ,S,18,H,,,,Y,J,Y,N,D,1,0,0,0,,4,37.73181,-122.41617,3
2017,2017-10-11,2245,10,3,22,3,N,A,Y,A,H,C,A,01,N,08,E,,,,,I,Y,N,D,1,0,0,0,22107.0,1,37.76892,-122.4061,4
2017,2017-10-11,920,10,3,9,3,N,A,Y,A,H,A,A,07,E,03,C,,,,,C,Y,N,D,1,0,0,0,22350.0,2,37.78630096,-122.39041835,4
2017,2017-09-22,820,9,3,8,5,N,A,Y,A,H,A,C,02,E,03,C,,,Y,,C,Y,N,D,1,0,0,1,22350.0,2,37.81455383,-122.36046726,2
2017,2017-09-16,1910,9,3,19,6,N,A,Y,A,H,D,C,02,W,03,B,,,Y,,C,N,F,D,1,0,0,1,22350.0,3,37.80635058,-122.36902777,3
2017,2017-09-13,645,9,3,6,3,N,A,Y,A,H,A,-,99,E,07,B,,,Y,,C,N,N,D,1,0,0,1,21658.0,2,37.78461819,-122.39344319,4
2017,2017-10-12,1945,10,3,19,4,N,A,Y,A,H,C,A,01,E,03,C,,,,,C,N,N,D,2,0,0,0,22350.0,3,37.77706613,-122.40351531,3
2017,2017-10-12,1507,10,3,15,4,N,A,Y,A,H,A,A,01,S,03,C,,,,,C,Y,F,D,1,0,0,0,22350.0,2,37.72078334,-122.39994866,3
2017,2017-10-13,1350,10,3,13,5,N,A,Y,A,H,A,D,22,E,03,C,,,,,C,Y,N,D,2,0,0,0,22350.0,3,37.78912195,-122.38729174,4
2017,2017-10-11,1130,10,3,11,3,N,A,Y,A,H,A,A,01,S,07,C,,,,,C,N,N,D,1,0,0,0,21658.0,2,37.76935735,-122.41109752,4
2017,2017-10-12,635,10,3,6,4,N,F,Y,A,H,B,C,02,W,03,F,,,Y,,A,Y,N,D,1,0,0,1,22350.0,2,37.80819277,-122.36705378,3
2017,2017-10-15,434,10,3,4,7,N,A,Y,A,H,C,A,01,E,01,E,,,,,I,Y,N,D,1,0,0,0,23152.0,1,37.77899,-122.40068,4
2017,2017-10-24,1326,10,3,13,2,N,A,N,A,H,A,L,04,N,22,H,,Y,,,G,N,N,D,1,0,1,0,,2,37.81319136,-122.47773796,3
2017,2017-09-05,1240,9,3,12,2,N,A,Y,A,H,A,-,- ,W,18,B,,,,,C,Y,N,D,1,0,0,0,,6,37.78190559,-122.39709375,4
2017,2017-10-04,845,10,3,8,3,N,A,Y,A,H,A,A,01,W,03,C,,,,,C,Y,M,D,5,0,0,0,22350.0,4,37.79781067,-122.37834855,4
2017,2017-10-20,1045,10,3,10,5,N,A,Y,A,H,A,A,08,N,08,E,,,,,I,Y,N,A,1,0,0,0,22107.0,1,37.80715749,-122.47572406,3
2020,2020-03-02,1258,3,1,12,1,N,A,N,A,H,A,D,22,,03,D,,,,,C,N,N,D,1,0,0,0,22350.0,3,37.77262878417969,-122.43392181396484,3
2020,2020-03-30,1028,3,1,10,1,N,A,N,-,H,A,A,01,S,07,B,,,,,I,Y,N,D,1,0,0,0,21658.0,1,37.76707458496094,-122.42890167236328,4
2020,2020-03-13,1203,3,1,12,5,Y,A,Y,A,D,A,L,04,,12,D,,Y,,Y,G,N,N,A,1,0,1,0,21453.0,2,37.77731704711913,-122.4196319580078,2
2020,2020-03-23,1210,3,1,12,1,N,B,N,A,H,A,A,08,S,07,E,,,,Y,I,Y,N,A,1,0,0,0,21658.0,2,37.778690338134766,-122.43852996826172,4
2020,2020-03-08,1913,3,1,19,7,Y,A,N,A,H,C,D,22,,21,C,,,,,C,N,N,A,1,0,0,0,22106.0,2,37.72795104980469,-122.40219879150392,4
2020,2020-03-11,706,3,1,7,3,Y,A,N,A,H,B,I,11,,08,-,,Y,,,G,N,N,A,1,0,1,0,22107.0,2,37.77622985839844,-122.41159057617188,3
2017,2017-10-17,155,10,3,1,2,N,A,Y,A,H,D,A,01,N,08,E,,,,,I,Y,N,D,1,0,0,0,22107.0,1,37.73488,-122.40489,4
2017,2017-10-17,757,10,3,7,2,N,B,Y,A,H,A,A,01,W,08,E,,,,,I,Y,N,D,1,0,0,0,22107.0,1,37.80696583,-122.36835447,3
2017,2017-10-17,1810,10,3,18,2,N,A,Y,A,H,B,D,22,E,03,C,,,,,C,Y,N,D,1,0,0,0,22350.0,2,37.80909787,-122.36618856,3
2017,2017-10-26,740,10,3,7,4,N,A,Y,A,H,B,A,07,N,04,C,,,,,C,Y,N,D,3,0,0,0,21703.0,2,,,4
2017,2017-10-20,900,10,3,9,5,N,A,N,A,H,A,A,07,S,03,C,,,,,C,N,N,D,1,0,0,0,22350.0,2,37.74894697,-122.40372241,4
2017,2017-10-20,900,10,3,9,5,N,A,Y,A,H,A,A,01,N,07,C,,,Y,,C,Y,N,D,1,0,0,1,21658.0,2,37.76500508,-122.40482854,3
2017,2017-10-20,212,10,3,2,5,N,B,Y,B,H,C,A,01,N,03,E,,,,,I,Y,N,D,1,0,0,0,22350.0,1,37.75133608,-122.39132604,4