ACCIDENT_YEAR,COLLISION_DATE,COLLISION_TIME,MONTH,SEASON,24HOURS,DAY_OF_WEEK,INTERSECTION,WEATHER_1,STATE_HWY_IND,ROAD_SURFACE,ROAD_COND_1,LIGHTING,STWD_VEHTYPE_AT_FAULT,CHP_VEHTYPE_AT_FAULT,DIRECTION,PCF_VIOL_CATEGORY,TYPE_OF_COLLISION,PEDESTRIAN_ACCIDENT,BICYCLE_ACCIDENT,MOTORCYCLE_ACCIDENT,TRUCK_ACCIDENT,MVIW,TOW_AWAY,HIT_AND_RUN,CONTROL_DEVICE,NUMBER_INJURED,COUNT_PED_INJURED,COUNT_BICYCLIST_INJURED,COUNT_MC_INJURED,PCF_VIOLATION,PARTY_COUNT,POINT_Y,POINT_X,COLLISION_SEVERITY
2017,2017-12-17,410,12,4,4,7,N,A,Y,A,H,C,-,99,S,07,B,,,,,C,Y,F,D,1,0,0,0,21658.0,2,37.75197166,-122.40306766,3
2017,2017-12-23,920,12,4,9,6,N,B,Y,A,H,A,C,02,W,08,E,,,Y,,I,Y,N,D,1,0,0,1,22107.0,1,37.79612996,-122.38015731,3
2017,2017-12-21,630,12,4,6,4,N,A,Y,A,H,C,-,- ,N,18,E,,,,,I,Y,N,D,1,0,0,0,,1,37.78689489,-122.47262162,4
2017,2017-12-23,410,12,4,4,6,N,A,Y,A,H,C,A,01,E,07,B,,,,,C,Y,N,D,1,0,0,0,21658.0,2,37.79218699,-122.384079,3
2017,2017-12-24,2155,12,4,21,7,N,A,Y,A,H,C,A,01,S,07,B,,,,,C,Y,N,D,1,0,0,0,21658.0,3,37.75162995,-122.40311886,4
2017,2017-12-27,1415,12,4,14,3,N,A,Y,A,H,A,A,01,N,03,C,,,,,C,Y,N,D,2,0,0,0,22350.0,3,37.72481091,-122.40152641,3
2017,2017-12-24,1855,12,4,18,7,N,A,Y,A,H,C,F,26,E,07,B,,,,Y,C,N,N,D,1,0,0,0,21658.0,2,37.77734657,-122.40253825,4
2017,2017-12-24,205,12,4,2,7,N,A,Y,A,H,D,A,01,N,01,E,,,,,I,Y,N,D,1,0,0,0,23152.0,1,37.76764246,-122.396334,4
2017,2017-12-25,1700,12,4,17,1,N,A,Y,A,H,C,A,01,E,03,C,,,,,C,N,N,D,1,0,0,0,22350.0,2,37.78672869,-122.38993124,4
2020,2020-03-06,1934,3,1,19,5,Y,A,N,B,H,C,D,22,,09,A,,,,,C,Y,N,A,1,0,0,0,21453.0,2,37.73799896240234,-122.4069595336914,4
2017,2017-12-23,2300,12,4,23,6,N,A,Y,A,H,D,A,01,N,03,C,,,,,C,Y,N,D,2,0,0,0,22350.0,3,37.72884459,-122.44221884,4
2017,2017-12-28,1500,12,4,15,4,N,A,Y,A,H,A,D,22,W,03,C,,,,,C,Y,N,D,1,0,0,0,22350.0,3,37.78644156,-122.3902537,4
2018,2018-01-03,1030,1,4,10,3,N,B,Y,A,H,A,A,01,S,03,C,,,,,C,N,N,D,1,0,0,0,22350.0,2,37.75398635864258,-122.40309143066406,4
2017,2017-12-29,1200,12,4,12,5,N,A,Y,A,H,A,A,01,E,03,C,,,,,C,N,N,D,5,0,0,0,22350.0,2,37.81469713,-122.36023107,4
2017,2017-12-21,2148,12,4,21,4,N,A,Y,A,H,D,A,01,S,01,E,,,,,I,Y,N,D,3,0,0,0,23152.0,1,37.73169,-122.41676,2
2017,2017-12-23,2145,12,4,21,6,N,A,Y,A,H,C,-,- ,W,00,C,,,,,C,N,N,D,2,0,0,0,,2,37.80354184,-122.37209512,4
2017,2017-12-29,1410,12,4,14,5,N,A,Y,A,H,A,A,01,N,03,C,,,,,C,Y,N,D,1,0,0,0,22350.0,4,37.75477466,-122.4029559,4
2017,2017-12-22,1724,12,4,17,5,N,A,Y,A,H,C,A,01,N,03,C,,,,,C,N,F,D,1,0,0,0,22350.0,4,37.75527705,-122.403212,4
2017,2017-11-19,1146,11,3,11,7,N,A,Y,A,H,A,-,- ,S,18,F,,,,,A,Y,N,D,1,0,0,0,,1,37.73195684,-122.42864471,3
2017,2017-12-30,1135,12,4,11,6,N,A,Y,A,H,A,D,22,S,03,C,,,,,C,N,N,D,2,0,0,0,22350.0,2,37.75171,-122.40276,4
2018,2018-01-04,1730,1,4,17,4,N,B,Y,B,H,D,D,22,N,03,C,,,,,C,N,N,D,1,0,0,0,22350.0,2,37.73479843139648,-122.40907287597656,3
2018,2018-01-01,238,1,4,2,1,N,A,Y,A,H,D,A,08,N,03,C,,,,,C,Y,F,D,1,0,0,0,22350.0,3,37.73868942260742,-122.40079498291016,2
2018,2018-01-07,1730,1,4,17,7,N,B,Y,A,H,C,A,07,E,03,C,,,,,C,N,N,D,1,0,0,0,22350.0,4,37.77703857421875,-122.40316009521484,3
2017,2017-12-27,700,12,4,7,3,N,A,Y,A,H,B,A,01,S,08,E,,,,,I,Y,N,D,1,0,0,0,22107.0,1,37.74821,-122.40448,3
2018,2018-01-07,1922,1,4,19,7,N,A,Y,A,H,C,-,99,E,07,B,,,Y,,C,N,F,D,1,0,0,1,21658.0,2,37.78461456298828,-122.39345550537108,4
2018,2018-01-05,2210,1,4,22,5,N,B,Y,B,H,D,A,01,N,08,E,,,,,I,Y,N,D,1,0,0,0,22107.0,1,37.7320442199707,-122.41926574707033,3
2017,2017-12-28,5,12,4,0,4,N,A,Y,A,H,D,-,- ,N,07,B,,,,,C,Y,N,D,3,0,0,0,21658.0,3,37.75646839,-122.40340544,4
2018,2018-01-01,1420,1,4,14,1,N,B,Y,A,H,C,A,01,S,03,C,,,,,C,Y,F,D,1,0,0,0,22350.0,5,,,2
2018,2018-01-08,2240,1,4,22,1,N,B,Y,B,H,C,A,07,E,08,E,,,,,I,Y,N,D,2,0,0,0,22107.0,1,37.81021499633789,-122.36520385742188,3
2018,2018-01-08,1710,1,4,17,1,N,B,Y,B,H,D,A,01,S,03,C,,,,,C,N,N,D,1,0,0,0,22350.0,2,37.74709701538086,-122.40454864501952,3
2018,2018-01-11,1010,1,4,10,4,N,B,Y,A,H,A,A,01,N,03,C,,,,,C,N,N,D,2,0,0,0,22350.0,2,37.76782989501953,-122.39598846435548,4
2018,2018-01-07,1445,1,4,14,7,N,A,Y,A,H,A,A,07,W,03,C,,,,,C,Y,N,D,1,0,0,0,22350.0,3,37.780235290527344,-122.39850616455078,4
2018,2018-01-07,1714,1,4,17,7,N,A,Y,A,H,C,A,01,E,07,C,,,,,C,Y,N,D,5,0,0,0,21658.0,3,37.79994201660156,-122.37598419189452,3
2018,2018-01-08,1217,1,4,12,1,N,C,Y,B,H,A,A,01,N,03,F,,,,,A,Y,N,D,1,0,0,0,22350.0,1,37.71310043334961,-122.39662933349608,3
2018,2018-01-10,1900,1,4,19,3,N,A,Y,A,H,C,A,01,S,03,C,,,,,C,N,N,D,2,0,0,0,22350.0,2,37.73210144042969,-122.42852783203124,4
2018,2018-01-13,845,1,4,8,6,N,A,Y,A,H,A,-,99,W,03,C,,,,,C,Y,F,D,1,0,0,0,22350.0,2,37.81145095825195,-122.36398315429688,3
2018,2018-01-14,1205,1,4,12,7,N,A,Y,A,H,A,A,01,W,03,C,,,,,C,Y,N,D,1,0,0,0,22350.0,3,37.79680252075195,-122.37942504882812,3
2018,2018-01-14,955,1,4,9,7,N,A,Y,A,H,A,A,01,E,03,E,,,,,I,N,N,D,2,0,0,0,22350.0,1,37.7799186706543,-122.39917755126952,4
2018,2018-01-15,800,1,4,8,1,N,B,Y,A,H,A,D,22,E,04,C,,,,,C,Y,N,D,1,0,0,0,21703.0,2,37.79050064086913,-122.3857879638672,3
2018,2018-01-14,1951,1,4,19,7,N,A,Y,A,H,C,A,01,N,03,C,,,,,C,Y,N,D,1,0,0,0,22350.0,4,37.75706100463867,-122.40373229980467,4
2018,2018-01-16,845,1,4,8,2,N,B,Y,A,H,A,A,01,S,03,C,,,,,C,Y,N,D,2,0,0,0,22350.0,2,37.76946258544922,-122.41320037841795,4
2018,2018-01-13,1357,1,4,13,6,N,A,Y,A,H,A,A,01,N,03,B,,,,,C,Y,F,A,3,0,0,0,22350.0,2,37.72175979614258,-122.4009017944336,4
2018,2018-01-16,720,1,4,7,2,N,B,Y,A,H,A,D,22,N,03,C,,,,,C,Y,F,D,2,0,0,0,22350.0,5,37.755008697509766,-122.40319061279295,4
2018,2018-01-18,930,1,4,9,4,N,B,Y,B,H,A,-,- ,S,18,C,,,,,C,Y,N,D,2,0,0,0,,3,37.77050018310546,-122.39778137207033,4
2018,2018-01-19,920,1,4,9,5,N,B,Y,A,H,A,A,01,W,03,C,,,,,C,N,N,D,1,0,0,0,22350.0,2,37.799854278564446,-122.37607574462892,4
2018,2018-01-20,310,1,4,3,6,N,A,Y,A,H,C,A,01,N,01,E,,,,,I,Y,N,D,2,0,0,0,23152.0,1,37.76924896240234,-122.40557098388672,4
2018,2018-01-22,315,1,4,3,1,N,C,Y,B,H,D,F,25,S,03,B,,,,Y,C,Y,N,D,1,0,0,0,22350.0,2,37.74151611328125,-122.39828491210938,4
2018,2018-01-17,1700,1,4,17,3,N,A,Y,A,H,B,A,01,S,03,C,,,,,C,N,N,D,1,0,0,0,22350.0,3,37.72269058227539,-122.4006576538086,3
2018,2018-01-18,1300,1,4,13,4,N,B,Y,B,H,A,G,25,S,01,C,,,,Y,C,Y,N,D,1,0,0,0,23152.0,2,37.751731872558594,-122.40274047851562,4
2018,2018-01-19,1900,1,4,19,5,N,A,Y,A,H,C,A,01,W,07,B,,,,,C,N,N,D,2,0,0,0,21658.0,3,37.7834587097168,-122.39469909667967,4
2018,2018-01-25,730,1,4,7,4,N,B,Y,A,H,A,A,07,N,03,C,,,,,C,N,N,D,1,0,0,0,22350.0,2,37.73186492919922,-122.4194564819336,4
2018,2018-01-22,1130,1,4,11,1,N,A,Y,A,H,A,A,07,N,07,B,,,,,C,Y,N,D,1,0,0,0,21658.0,2,37.71059036254882,-122.45974731445312,4
2018,2018-01-23,2115,1,4,21,2,N,A,Y,A,H,D,A,01,N,01,C,,,,,C,Y,N,D,1,0,0,0,23152.0,2,,,3
2018,2018-01-22,2153,1,4,21,1,N,A,Y,A,H,C,A,07,N,01,F,,,,,A,Y,N,D,1,0,0,0,23152.0,1,37.732540130615234,-122.4136962890625,2
2018,2018-01-21,1235,1,4,12,7,N,A,Y,A,H,A,-,99,W,08,D,,,,,C,Y,F,D,2,0,0,0,22107.0,5,37.77109146118164,-122.40583801269533,4
2018,2018-01-24,1455,1,4,14,3,N,C,Y,B,H,A,F,26,E,03,C,,,,Y,C,N,N,D,1,0,0,0,22350.0,2,37.79867935180664,-122.3773956298828,4
2018,2018-01-27,225,1,4,2,6,N,A,Y,A,H,C,A,01,W,01,C,,,,,C,N,M,D,1,0,0,0,23152.0,2,37.803421020507805,-122.37222290039062,3
2018,2018-01-27,1817,1,4,18,6,N,A,Y,A,H,C,A,07,E,03,C,,,,,C,N,N,D,3,0,0,0,22350.0,2,37.81439208984375,-122.35993957519533,4
2018,2018-01-28,2122,1,4,21,7,N,A,Y,A,H,D,A,01,N,03,C,,,,,C,Y,N,D,2,0,0,0,22350.0,3,37.75569534301758,-122.40325164794922,4
2018,2018-01-28,2120,1,4,21,7,N,A,Y,A,H,D,C,02,N,03,C,,,Y,,C,Y,N,D,1,0,0,1,22350.0,3,37.75553131103516,-122.40323638916016,3
2018,2018-01-29,855,1,4,8,1,N,A,Y,A,H,A,C,02,W,03,F,,,Y,,I,Y,N,D,1,0,0,1,22350.0,1,37.8033332824707,-122.37232208251952,3
2018,2018-01-29,1117,1,4,11,1,N,B,Y,A,H,A,D,22,W,04,C,,,,,C,Y,N,D,1,0,0,0,21703.0,2,37.785919189453125,-122.39087677001952,4
2018,2018-01-30,1455,1,4,14,2,N,A,Y,A,H,A,A,01,W,03,C,,,,,C,N,N,D,1,0,0,0,22350.0,2,37.7716064453125,-122.40616607666016,4
2018,2018-01-30,800,1,4,8,2,N,A,Y,A,H,A,A,07,N,03,C,,,,,C,Y,N,D,1,0,0,0,22350.0,2,37.745559692382805,-122.4050064086914,4
2018,2018-01-29,350,1,4,3,1,N,A,Y,A,H,D,D,22,W,03,C,,,,,C,Y,N,D,1,0,0,0,22350.0,2,37.76998901367188,-122.40569305419922,4
2018,2018-01-27,2006,1,4,20,6,N,A,Y,A,H,C,A,01,W,03,C,,,,,C,N,N,D,1,0,0,0,22350.0,2,37.77463150024414,-122.4068603515625,4
2018,2018-01-26,1429,1,4,14,5,N,A,Y,A,H,A,A,01,N,03,C,,,,,C,Y,N,D,2,0,0,0,22350.0,4,37.72481536865234,-122.40152740478516,3
2018,2018-01-12,2300,1,4,23,5,N,A,Y,A,H,C,A,01,N,01,B,,,,,C,Y,F,D,1,0,0,0,23152.0,2,37.81633758544922,-122.47837066650392,4
2018,2018-01-29,350,1,4,3,1,N,A,Y,A,H,D,A,01,W,03,C,,,,,C,N,N,D,1,0,0,0,22350.0,2,37.771678924560554,-122.40644073486328,4
2018,2018-01-26,1640,1,4,16,5,N,A,Y,A,H,A,A,07,N,07,B,,,,,C,Y,N,D,3,0,0,0,21658.0,2,37.73217010498047,-122.4165267944336,3
2018,2018-01-27,1715,1,4,17,6,N,A,Y,A,H,D,D,22,E,03,C,,,,,C,Y,N,D,1,0,0,0,22350.0,2,37.78521347045898,-122.39215850830078,4
2018,2018-01-30,805,1,4,8,2,N,A,Y,A,H,A,A,07,N,03,C,,,,,C,Y,N,D,2,0,0,0,22350.0,2,37.71426010131836,-122.45124053955078,3
2018,2018-02-05,2300,2,4,23,1,N,A,Y,A,H,C,A,01,W,01,E,,,,,I,Y,N,D,2,0,0,0,23152.0,1,37.8087158203125,-122.36653137207033,2
2018,2018-02-04,455,2,4,4,7,N,A,Y,A,H,C,A,01,W,01,E,,,,,I,Y,N,D,1,0,0,0,23152.0,1,37.80875015258789,-122.36820220947266,4
2018,2018-02-07,1935,2,4,19,3,N,A,Y,A,H,D,-,99,N,03,C,,,,,C,Y,F,D,3,0,0,0,22350.0,3,37.75566864013672,-122.40325164794922,4
2018,2018-02-06,1815,2,4,18,2,N,A,Y,A,H,C,A,01,S,03,C,,,Y,,C,Y,N,D,1,0,0,1,22350.0,2,,,3
2018,2018-02-02,2024,2,4,20,5,N,A,Y,A,H,C,D,22,N,03,C,,,,,C,Y,N,D,1,0,0,0,22350.0,3,,,3
2018,2018-02-09,1620,2,4,16,5,N,A,Y,A,H,A,A,01,W,03,C,,,,,C,Y,N,D,1,0,0,0,22350.0,2,37.79480743408203,-122.3815460205078,4
2018,2018-01-30,640,1,4,6,2,N,A,Y,A,H,A,A,07,S,03,C,,,,,C,Y,M,D,1,0,0,0,22350.0,5,37.74671936035156,-122.40467071533205,4
2018,2018-02-03,1213,2,4,12,6,N,A,Y,A,H,A,-,99,S,07,F,,,Y,,A,Y,F,D,1,0,0,1,21658.0,2,37.73213958740234,-122.4346923828125,3
2018,2018-02-07,625,2,4,6,3,N,A,Y,A,H,B,A,01,N,03,C,,,,,C,Y,N,D,2,0,0,0,22350.0,2,37.74423599243164,-122.40564727783205,4
2018,2018-02-07,626,2,4,6,3,N,A,Y,A,H,B,D,22,N,03,C,,,,,C,Y,N,D,1,0,0,0,22350.0,3,37.744136810302734,-122.40570831298828,4
2018,2018-02-08,1820,2,4,18,4,N,B,Y,A,H,D,C,02,W,08,C,,,Y,Y,C,Y,N,D,1,0,0,1,22107.0,3,37.797271728515625,-122.3789291381836,4
2018,2018-02-12,1550,2,4,15,1,N,A,Y,A,H,A,A,01,S,03,C,,,,,C,Y,N,D,1,0,0,0,22350.0,2,37.72239303588867,-122.40054321289062,4
2018,2018-02-08,1515,2,4,15,4,N,A,Y,A,H,A,C,02,W,03,C,,,Y,,C,Y,N,D,1,0,0,1,22350.0,2,37.78620529174805,-122.39053344726562,3
2018,2018-02-07,1845,2,4,18,3,N,A,Y,A,H,D,A,07,S,03,C,,,,,C,N,N,D,1,0,0,0,22350.0,5,37.71826934814453,-122.44843292236328,4
2018,2018-02-08,1525,2,4,15,4,N,A,Y,A,H,A,A,01,W,03,C,,,,,C,N,N,D,1,0,0,0,22350.0,2,37.80624771118164,-122.369140625,4
2018,2018-02-10,1825,2,4,18,6,N,A,Y,A,H,C,D,22,E,03,C,,,,,C,N,N,D,1,0,0,0,22350.0,3,37.78123092651367,-122.39802551269533,4
2018,2018-02-10,1445,2,4,14,6,N,A,Y,A,H,A,A,01,W,03,C,,,,,C,Y,N,D,4,0,0,0,22350.0,2,37.80752944946289,-122.36774444580078,4
2018,2018-02-11,1920,2,4,19,7,N,A,Y,A,H,C,-,36,N,08,E,,,,,I,N,N,D,1,0,0,0,22107.0,1,37.80718994140625,-122.47576141357422,3
2018,2018-02-09,2240,2,4,22,5,N,A,Y,A,H,C,A,01,E,07,C,,,,,C,N,N,D,1,0,0,0,21658.0,2,37.81166458129882,-122.36376190185548,4
2018,2018-02-10,315,2,4,3,6,N,A,Y,A,H,C,-,99,E,03,C,,,,,C,Y,F,D,2,0,0,0,22350.0,2,37.78887939453125,-122.3875732421875,3
2018,2018-02-13,1600,2,4,16,2,N,A,Y,A,H,A,D,22,N,03,C,,,,,C,N,N,D,1,0,0,0,22350.0,2,37.7694091796875,-122.41173553466795,4
2018,2018-02-14,2350,2,4,23,3,N,A,Y,A,H,C,A,01,E,03,C,,,,,C,N,N,D,1,0,0,0,22350.0,2,37.81841278076172,-122.35302734375,3
2018,2018-02-14,735,2,4,7,3,N,A,Y,A,H,A,C,02,N,03,C,,,Y,,C,Y,N,D,1,0,0,1,22350.0,3,37.74003219604492,-122.40810394287108,3
2018,2018-02-14,2028,2,4,20,3,N,A,Y,A,H,C,D,23,W,01,C,,,,,C,Y,F,D,2,0,0,0,23152.0,2,37.77803421020508,-122.40119934082033,4
2018,2018-02-15,1808,2,4,18,4,N,A,Y,A,H,C,A,07,N,07,B,,,Y,,C,Y,N,A,1,0,0,1,21658.0,2,37.81116485595703,-122.47759246826172,2
2018,2018-02-19,1545,2,4,15,1,N,A,Y,A,H,A,C,02,S,03,C,,,Y,,C,Y,N,A,1,0,0,1,22350.0,2,37.72266006469727,-122.40065002441406,3
2017,2017-10-12,2233,10,3,22,4,N,A,Y,A,H,D,N,60,N,11,G,Y,,,,B,Y,F,D,0,0,0,0,21954.0,3,37.74060159,-122.40776083,1
2018,2018-02-14,740,2,4,7,3,N,A,Y,A,H,A,A,07,S,07,B,,,Y,,C,Y,N,D,1,0,0,1,21658.0,2,37.77313995361328,-122.39762115478516,4
2018,2018-02-20,835,2,4,8,2,N,A,Y,A,H,A,-,99,S,07,F,,,Y,,A,Y,F,D,1,0,0,1,21658.0,2,37.72079086303711,-122.44812774658205,3
2018,2018-02-19,1240,2,4,12,1,N,A,Y,A,H,A,A,01,N,08,B,,,Y,,C,N,N,D,2,0,0,2,22107.0,2,37.806522369384766,-122.47470092773438,4
2018,2018-02-17,1840,2,4,18,6,N,A,Y,A,H,D,A,01,N,03,C,,,,,C,Y,N,D,1,0,0,0,22350.0,4,37.755420684814446,-122.40301513671876,4
2018,2018-02-17,55,2,4,0,6,N,A,Y,A,H,C,A,01,E,01,E,,,,,I,Y,N,D,2,0,0,0,23152.0,1,37.814556121826165,-122.35964965820312,3
2018,2018-02-19,1510,2,4,15,1,N,A,Y,A,H,A,A,07,N,08,E,,,,,I,Y,N,D,3,0,0,0,22107.0,1,37.75535202026367,-122.40322113037108,3
2018,2018-02-21,1948,2,4,19,3,N,A,Y,A,H,D,A,08,W,03,C,,,,,C,Y,N,D,3,0,0,0,22350.0,3,37.78579711914063,-122.39112091064452,4
2018,2018-02-25,1350,2,4,13,7,N,A,Y,A,H,A,A,01,W,03,C,,,,,C,Y,N,D,2,0,0,0,22350.0,2,37.809837341308594,-122.36556243896484,4
2018,2018-02-24,1625,2,4,16,6,N,A,Y,A,H,A,C,02,S,03,B,,,Y,,C,N,N,D,1,0,0,1,22350.0,3,37.75949478149414,-122.40606689453124,4
2018,2018-02-24,1310,2,4,13,6,N,A,Y,A,H,A,-,- ,S,18,C,,,,,C,Y,N,D,1,0,0,0,,2,37.73111724853516,-122.40419769287108,4
2018,2018-02-25,450,2,4,4,7,N,A,Y,A,H,D,A,01,N,01,E,,,,,I,Y,N,D,1,0,0,0,23152.0,1,37.71543884277344,-122.44989013671876,4
2018,2018-02-24,1120,2,4,11,6,N,A,Y,A,H,A,A,07,S,07,B,,,,Y,C,Y,N,D,1,0,0,0,21658.0,3,37.75489044189453,-122.40317535400392,3
2018,2018-02-25,1650,2,4,16,7,N,A,Y,A,H,A,C,02,S,08,F,,,Y,,I,Y,N,D,1,0,0,1,22107.0,1,37.73195266723633,-122.41567230224608,3
2018,2018-02-24,145,2,4,1,6,N,A,Y,A,H,C,A,01,N,03,C,,,,,C,Y,N,D,1,0,0,0,22350.0,2,37.735130310058594,-122.4066162109375,4
2018,2018-02-26,900,2,4,9,1,N,B,Y,B,H,A,A,01,N,03,C,,,,,C,Y,N,D,1,0,0,0,22350.0,3,37.75531768798828,-122.40321350097656,4
2018,2018-02-26,200,2,4,2,1,N,C,Y,B,H,C,A,01,E,08,E,,,,,I,Y,N,D,1,0,0,0,22107.0,1,37.78563690185546,-122.39137268066406,4
2018,2018-02-25,1115,2,4,11,7,N,A,Y,A,H,A,A,01,N,08,D,,,,,C,N,F,D,2,0,0,0,22107.0,2,37.80678939819336,-122.47525787353516,4
2018,2018-02-26,205,2,4,2,1,N,C,Y,B,H,C,A,01,N,01,E,,,,,I,Y,N,D,2,0,0,0,23152.0,1,37.80658721923828,-122.47476959228516,3
2018,2018-02-27,1340,2,4,13,2,N,A,Y,A,H,A,A,01,S,03,C,,,,,C,Y,N,D,1,0,0,0,22350.0,2,37.76175308227539,-122.40586853027344,4
2018,2018-02-27,1958,2,4,19,2,N,A,Y,A,H,D,A,01,W,03,C,,,,,C,Y,N,D,1,0,0,0,22350.0,4,37.807559967041016,-122.36770629882812,4
2018,2018-02-28,825,2,4,8,3,N,A,Y,A,H,A,-,- ,S,18,E,,,,,I,N,N,D,1,0,0,0,,1,37.75865936279297,-122.39223480224608,4
2018,2018-02-28,730,2,4,7,3,N,A,Y,A,H,A,C,02,S,03,C,,,Y,,C,Y,N,D,1,0,0,1,22350.0,2,37.7319450378418,-122.42859649658205,3
2018,2018-03-01,2342,3,1,23,4,N,B,Y,B,H,C,A,01,E,03,C,,,,,C,Y,N,D,2,0,0,0,22350.0,2,37.78521347045898,-122.39215087890624,4
2018,2018-03-01,1001,3,1,10,4,N,C,Y,B,H,A,D,22,W,03,C,,,,,C,Y,N,D,1,0,0,0,22350.0,3,37.80804443359375,-122.36720275878906,4
2018,2018-03-01,42,3,1,0,4,N,C,Y,B,H,C,A,01,E,08,E,,,,,I,N,N,D,1,0,0,0,22107.0,1,37.79761505126953,-122.37855529785156,4
2018,2018-03-01,2140,3,1,21,4,N,C,Y,B,H,D,A,01,N,03,C,,,,,C,N,N,D,2,0,0,0,22350.0,2,37.72496032714844,-122.40186309814452,4
2018,2018-03-01,1100,3,1,11,4,N,C,Y,B,H,A,A,01,S,03,C,,,,,C,Y,N,D,2,0,0,0,22350.0,4,37.75720977783203,-122.39241027832033,4
2018,2018-03-01,1008,3,1,10,4,N,C,Y,B,H,A,D,22,S,03,C,,,,,C,Y,N,D,1,0,0,0,22350.0,2,37.732208251953125,-122.4291534423828,4
2018,2018-03-01,1010,3,1,10,4,N,C,Y,B,H,A,D,22,S,03,C,,,,,C,Y,N,D,1,0,0,0,22350.0,2,37.73210144042969,-122.42852783203124,4
2018,2018-03-02,820,3,1,8,5,N,B,Y,B,H,A,A,01,S,03,C,,,,,C,Y,N,D,3,0,0,0,22350.0,2,37.759647369384766,-122.39225006103516,3
2018,2018-03-04,1025,3,1,10,7,N,A,Y,A,H,A,A,07,W,03,C,,,,,C,N,N,D,1,0,0,0,22350.0,2,37.77462005615234,-122.40544128417967,4
2020,2020-03-20,1341,3,1,13,5,N,A,N,A,H,A,I,11,E,08,B,,,,,E,Y,N,D,1,0,0,0,22107.0,2,37.73150253295898,-122.40019989013672,4
2020,2020-03-21,1500,3,1,15,6,Y,A,N,A,H,A,I,20,,21,G,Y,,,,B,N,N,D,1,1,0,0,22106.0,2,37.76504898071289,-122.41967010498048,3
2020,2020-03-02,1117,3,1,11,1,N,A,N,A,H,A,A,01,,03,B,,,,,C,Y,M,-,1,0,0,0,22350.0,3,,,3
2020,2020-03-04,920,3,1,9,3,N,A,N,A,H,A,-,,E,06,D,,,,,C,N,N,A,1,0,0,0,21755.0,2,37.77609252929688,-122.40245819091795,3
2020,2020-03-27,2031,3,1,20,5,Y,A,N,A,H,C,L,04,,09,B,,Y,,,G,N,N,D,1,0,1,0,21802.0,2,37.75859832763672,-122.46321105957033,3
2018,2018-03-05,620,3,1,6,1,N,A,Y,B,H,B,A,01,S,08,E,,,,,I,Y,N,D,1,0,0,0,22107.0,1,37.73154067993164,-122.42669677734376,4
2018,2018-03-05,1455,3,1,14,1,N,A,Y,A,H,A,-,- ,N,00,C,,,,,C,N,N,D,1,0,0,0,,2,37.72493743896485,-122.40157318115234,4
2018,2018-03-05,1800,3,1,18,1,N,A,Y,A,H,C,A,01,S,03,C,,,,,C,Y,N,D,1,0,0,0,22350.0,2,37.72259140014648,-122.40061950683594,4
2018,2018-03-06,1325,3,1,13,2,N,A,Y,A,H,A,-,- ,W,18,E,,,,,I,Y,N,D,1,0,0,0,,1,37.80868148803711,-122.36656951904295,3
2018,2018-03-06,1755,3,1,17,2,N,A,Y,A,H,B,-,- ,N,00,B,,,Y,,C,N,N,D,1,0,0,0,,2,37.75484085083008,-122.40296173095705,4
2018,2018-03-06,1705,3,1,17,2,N,A,Y,A,H,B,A,07,S,03,C,,,,,C,Y,N,D,1,0,0,0,22350.0,2,37.74322891235352,-122.40642547607422,4
2018,2018-03-07,1238,3,1,12,3,N,A,Y,A,H,A,A,01,S,03,C,,,,,C,N,M,D,1,0,0,0,22350.0,2,37.74348068237305,-122.40621185302734,4
2018,2018-03-07,1239,3,1,12,3,N,A,Y,A,H,A,A,01,S,07,B,,,,,C,N,M,D,1,0,0,0,21658.0,2,37.74304962158203,-122.40657806396484,4
2018,2018-03-08,918,3,1,9,4,N,A,Y,A,H,A,D,22,S,03,C,,,,,C,N,N,D,1,0,0,0,22350.0,2,37.7319564819336,-122.42864227294922,4
2018,2018-03-08,843,3,1,8,4,N,A,Y,A,H,A,A,01,N,07,B,,,Y,,C,Y,N,D,1,0,0,1,21658.0,2,37.73179626464844,-122.427978515625,3
2018,2018-03-09,1205,3,1,12,5,N,A,Y,A,H,A,C,02,S,03,F,,,Y,,A,Y,N,D,1,0,0,1,22350.0,1,37.75374603271485,-122.40286254882812,3
2018,2018-03-09,2131,3,1,21,5,N,A,Y,A,H,D,A,01,N,03,C,,,,,C,Y,N,D,2,0,0,0,22350.0,3,37.7556037902832,-122.40324401855467,4
2018,2018-03-09,1524,3,1,15,5,N,B,Y,A,H,A,A,01,W,03,C,,,,,C,Y,N,D,1,0,0,0,22350.0,2,37.80347442626953,-122.37216949462892,4