ACCIDENT_YEAR,COLLISION_DATE,COLLISION_TIME,MONTH,SEASON,24HOURS,DAY_OF_WEEK,INTERSECTION,WEATHER_1,STATE_HWY_IND,ROAD_SURFACE,ROAD_COND_1,LIGHTING,STWD_VEHTYPE_AT_FAULT,CHP_VEHTYPE_AT_FAULT,DIRECTION,PCF_VIOL_CATEGORY,TYPE_OF_COLLISION,PEDESTRIAN_ACCIDENT,BICYCLE_ACCIDENT,MOTORCYCLE_ACCIDENT,TRUCK_ACCIDENT,MVIW,TOW_AWAY,HIT_AND_RUN,CONTROL_DEVICE,NUMBER_INJURED,COUNT_PED_INJURED,COUNT_BICYCLIST_INJURED,COUNT_MC_INJURED,PCF_VIOLATION,PARTY_COUNT,POINT_Y,POINT_X,COLLISION_SEVERITY
2018,2018-06-20,1850,6,2,18,3,N,A,Y,A,H,A,A,01,S,03,C,,,,,C,Y,N,D,1,0,0,0,22350.0,3,37.72029876708984,-122.3997802734375,3
2020,2020-02-02,1912,2,4,19,7,Y,A,N,A,H,C,A,01,,17,B,,,,,D,Y,N,A,1,0,0,0,21657.0,2,37.7771110534668,-122.39498901367188,3
2018,2018-06-21,1848,6,2,18,4,N,A,Y,A,H,A,A,01,W,07,C,,,Y,,C,Y,N,D,1,0,0,1,21658.0,2,37.77230072021485,-122.4066925048828,4
2018,2018-06-21,740,6,2,7,4,N,A,Y,A,H,A,A,01,S,03,C,,,,,C,Y,N,D,1,0,0,0,22350.0,3,37.73184585571289,-122.42822265625,4
2018,2018-06-22,1930,6,2,19,5,N,A,Y,A,H,D,A,01,E,03,C,,,,,C,N,N,D,1,0,0,0,22350.0,2,37.78556823730469,-122.39438629150392,4
2018,2018-06-22,2350,6,2,23,5,N,A,Y,A,H,C,A,01,S,01,C,,,,,C,Y,N,D,1,0,0,0,23152.0,3,37.764942169189446,-122.4048309326172,4
2018,2018-06-23,10,6,2,0,6,N,A,Y,A,H,D,A,07,S,03,C,,,,,C,Y,N,D,5,0,0,0,22350.0,3,37.76924896240234,-122.41039276123048,4
2018,2018-06-24,2150,6,2,21,7,N,A,Y,A,H,C,A,01,E,03,C,,,,,C,Y,F,D,1,0,0,0,22350.0,3,37.76995086669922,-122.4052734375,3
2018,2018-06-24,50,6,2,0,7,N,A,Y,A,H,D,A,01,N,01,E,,,,,I,Y,N,D,1,0,0,0,23152.0,1,37.731739044189446,-122.41678619384766,4
2018,2018-06-21,1324,6,2,13,4,N,A,Y,A,H,A,C,02,N,08,E,,,Y,,J,N,N,D,1,0,0,1,22107.0,1,,,3
2018,2018-06-24,15,6,2,0,7,N,A,Y,A,H,D,A,01,N,01,E,,,,,I,Y,N,D,1,0,0,0,23152.0,1,37.75593948364258,-122.403076171875,3
2018,2018-06-25,1850,6,2,18,1,N,A,Y,A,H,A,A,01,E,01,C,,,,,C,Y,N,D,2,0,0,0,23152.0,3,37.79638671875,-122.37987518310548,3
2018,2018-06-23,2300,6,2,23,6,N,A,Y,A,H,C,A,01,S,07,B,,,,,C,Y,N,D,1,0,0,0,21658.0,3,37.73585891723633,-122.40724182128906,4
2018,2018-06-23,1338,6,2,13,6,N,A,Y,A,H,A,A,01,W,03,C,,,,,C,N,N,D,1,0,0,0,22350.0,2,37.7746696472168,-122.40541076660156,4
2018,2018-06-25,744,6,2,7,1,N,B,Y,A,H,A,A,01,W,04,C,,,,,C,Y,N,D,1,0,0,0,21703.0,2,37.80585479736328,-122.36956787109376,4
2018,2018-06-25,458,6,2,4,1,N,A,Y,A,H,D,-,- ,N,18,D,,,,,C,Y,N,D,1,0,0,0,,2,37.7149543762207,-122.45040893554688,3
2020,2020-02-15,2017,2,4,20,6,Y,A,Y,A,H,C,N,60,,11,G,Y,,,,B,Y,N,A,1,1,0,0,21453.0,2,37.799701690673835,-122.43772888183594,2
2020,2020-02-05,1600,2,4,16,3,Y,A,N,A,H,A,-,- ,,00,D,,Y,,,G,N,N,D,1,0,1,0,,2,37.77169036865234,-122.43373107910156,4
2020,2020-02-05,1318,2,4,13,3,N,A,N,A,H,A,A,01,W,08,D,,,,,C,Y,N,D,1,0,0,0,22102.0,2,37.78197860717773,-122.40744018554688,4
2018,2018-06-25,1549,6,2,15,1,N,A,Y,A,H,A,C,02,W,03,B,,,Y,,C,Y,N,D,1,0,0,1,22350.0,2,37.77626800537109,-122.4045181274414,4
2020,2020-02-18,1216,2,4,12,2,Y,A,N,A,H,A,M,96,,06,-,,,,,C,N,N,D,1,0,0,0,21755.0,3,37.79095077514648,-122.43930816650392,3
2018,2018-06-10,915,6,2,9,7,N,A,Y,A,H,A,-,- ,S,07,B,,,,Y,C,Y,N,D,1,0,0,0,21658.0,2,37.72701644897461,-122.40265655517578,4
2018,2018-06-25,1742,6,2,17,1,N,A,Y,A,H,A,A,01,E,22,B,,,,Y,C,Y,N,D,1,0,0,0,,2,37.77849960327149,-122.40032196044922,4
2018,2018-06-25,500,6,2,5,1,N,A,Y,A,H,D,-,- ,N,18,E,,,,,E,Y,N,D,1,0,0,0,,2,37.71493911743164,-122.45043182373048,4
2018,2018-06-27,1757,6,2,17,3,N,B,Y,A,H,A,A,01,S,03,C,,,,,C,N,N,D,1,0,0,0,22350.0,2,37.72194290161133,-122.4003677368164,4
2020,2020-02-12,1100,2,4,11,3,Y,A,N,A,H,A,C,03,,03,D,,,Y,,C,N,N,A,1,0,0,1,22350.0,2,37.78181076049805,-122.38841247558594,3
2018,2018-06-27,1714,6,2,17,3,N,B,Y,A,H,A,C,02,S,03,B,,,Y,,C,Y,N,D,1,0,0,1,22350.0,3,37.76335525512695,-122.40504455566406,4
2018,2018-06-28,1500,6,2,15,4,N,A,Y,A,H,A,A,01,S,07,B,,,Y,,C,Y,N,D,1,0,0,1,21658.0,2,37.77189254760742,-122.40632629394533,3
2018,2018-06-28,1630,6,2,16,4,N,A,Y,A,H,A,A,07,S,03,C,,,,,C,Y,N,D,1,0,0,0,22350.0,3,37.745651245117195,-122.4048080444336,4
2018,2018-06-27,1435,6,2,14,3,N,A,Y,A,H,A,D,22,E,04,C,,,,,C,N,N,D,3,0,0,0,21703.0,3,37.79247283935546,-122.38380432128906,4
2018,2018-06-14,1113,6,2,11,4,N,A,Y,A,H,A,I,20,S,03,C,,,,,C,N,N,D,1,0,0,0,22350.0,2,,,4
2018,2018-06-29,1320,6,2,13,5,N,A,Y,A,H,A,A,07,S,03,C,,,,,C,Y,N,D,1,0,0,0,22350.0,4,37.7208366394043,-122.40023803710938,3
2018,2018-07-01,1640,7,2,16,7,N,A,Y,A,H,A,A,01,S,08,E,,,,,I,Y,N,D,2,0,0,0,22107.0,2,37.7481689453125,-122.40438079833984,4
2018,2018-07-02,125,7,2,1,1,N,A,Y,A,H,C,A,01,N,01,C,,,,,C,Y,N,D,1,0,0,0,23152.0,3,37.73814392089844,-122.40137481689452,3
2018,2018-07-02,1722,7,2,17,1,N,B,Y,A,H,A,A,01,E,07,B,,,Y,,C,Y,N,D,1,0,0,1,21658.0,3,37.78701019287109,-122.3896255493164,3
2018,2018-07-03,1350,7,2,13,2,N,A,Y,A,H,A,A,01,S,07,C,,,,,C,Y,N,D,2,0,0,0,21658.0,2,37.76951599121094,-122.4154052734375,4
2018,2018-07-04,1320,7,2,13,3,N,A,Y,A,H,A,A,01,W,08,D,,,,,C,Y,N,D,2,0,0,0,22107.0,3,37.81277847290039,-122.36264801025392,3
2018,2018-07-06,1015,7,2,10,5,N,B,Y,A,H,A,L,04,N,22,A,,Y,,,G,Y,N,D,1,0,1,0,,2,37.81498336791992,-122.47808074951172,4
2018,2018-07-05,540,7,2,5,4,N,A,Y,A,H,A,-,99,E,03,C,,,,,C,Y,F,D,1,0,0,0,22350.0,2,37.81563568115234,-122.35863494873048,4
2018,2018-07-05,531,7,2,5,4,N,A,Y,A,H,B,A,01,W,03,C,,,,,C,Y,N,D,1,0,0,0,22350.0,2,37.80532455444336,-122.37015533447266,4
2018,2018-07-06,1730,7,2,17,5,N,A,Y,A,H,A,A,01,N,03,C,,,,,C,Y,N,D,1,0,0,0,22350.0,2,37.71059036254882,-122.45992279052734,4
2018,2018-05-29,1859,5,1,18,2,N,A,Y,A,H,A,A,01,S,03,C,,,,,C,N,M,D,1,0,0,0,22350.0,2,37.77133941650391,-122.42298889160156,4
2018,2018-07-07,1645,7,2,16,6,N,A,Y,A,H,A,A,01,E,03,C,,,,,C,Y,N,D,4,0,0,0,22350.0,4,37.81222915649414,-122.36319732666016,4
2018,2018-07-10,750,7,2,7,2,N,A,Y,A,H,A,A,07,S,07,B,,,,,C,Y,N,D,2,0,0,0,21658.0,2,37.71335220336913,-122.45230102539062,4
2018,2018-07-11,1814,7,2,18,3,N,A,Y,A,H,A,A,07,N,03,C,,,,,C,Y,N,D,3,0,0,0,22350.0,3,37.75717926025391,-122.40357208251952,2
2018,2018-07-04,1930,7,2,19,3,N,A,Y,A,H,A,A,07,S,07,C,,,,,C,Y,M,D,1,0,0,0,21658.0,3,37.726016998291016,-122.4019775390625,4
2018,2018-07-07,2340,7,2,23,6,N,A,Y,A,H,D,A,01,S,07,C,,,,,C,N,N,D,1,0,0,0,21658.0,2,37.734710693359375,-122.40658569335938,4
2018,2018-07-12,1430,7,2,14,4,N,A,Y,A,C,A,D,22,N,03,C,,,,,C,Y,N,D,1,0,0,0,22350.0,3,37.73545837402344,-122.40621185302734,4
2018,2018-07-13,1240,7,2,12,5,N,A,Y,A,H,A,-,99,S,07,B,,,,,C,Y,F,D,2,0,0,0,21658.0,4,37.73225402832031,-122.41500854492188,3
2018,2018-07-12,842,7,2,8,4,N,A,Y,A,H,A,A,01,W,07,B,,,Y,,C,Y,N,D,1,0,0,1,21658.0,2,37.78572845458984,-122.39122772216795,3
2018,2018-07-12,1505,7,2,15,4,N,A,Y,A,H,A,A,01,S,03,C,,,,,C,Y,N,D,3,0,0,0,22350.0,4,37.74612045288086,-122.40484619140624,3
2018,2018-07-13,1510,7,2,15,5,N,B,Y,A,H,A,-,- ,S,18,E,,,,,J,Y,N,D,1,0,0,0,,1,37.713260650634766,-122.4521942138672,3
2018,2018-07-14,2129,7,2,21,6,N,B,Y,A,H,D,D,22,N,03,C,,,,,C,N,N,D,1,0,0,0,22350.0,2,37.76605224609375,-122.4049835205078,4
2018,2018-07-04,1045,7,2,10,3,N,A,Y,A,H,A,A,01,N,08,C,,,,Y,C,Y,N,D,2,0,0,0,22107.0,2,37.73336791992188,-122.4123764038086,3
2018,2018-07-17,1900,7,2,19,2,N,A,Y,A,H,A,C,02,W,03,B,,,Y,,C,Y,F,D,1,0,0,1,22350.0,3,37.802932739257805,-122.3727569580078,3
2018,2018-07-17,1005,7,2,10,2,N,A,Y,A,H,A,A,07,S,03,C,,,,,C,Y,N,D,1,0,0,0,22350.0,2,37.72774505615234,-122.40261840820312,4
2018,2018-07-17,1640,7,2,16,2,N,A,Y,A,H,A,A,01,E,07,B,,,Y,,C,N,F,D,1,0,0,1,21658.0,2,37.785449981689446,-122.39199066162108,4
2018,2018-07-18,1445,7,2,14,3,N,A,Y,A,H,A,A,01,S,04,C,,,,,C,N,N,D,1,0,0,0,21703.0,2,37.74908828735352,-122.40370941162108,4
2018,2018-07-18,1450,7,2,14,3,N,A,Y,A,H,A,A,01,S,04,C,,,,,C,Y,N,D,1,0,0,0,21703.0,3,37.722686767578125,-122.4006576538086,3
2018,2018-07-18,928,7,2,9,3,N,B,Y,A,H,A,A,01,N,03,C,,,,,C,N,N,D,1,0,0,0,22350.0,2,37.75749206542969,-122.40413665771484,3
2018,2018-07-18,109,7,2,1,3,N,A,Y,A,H,C,A,01,S,01,E,,,,,I,Y,N,D,1,0,0,0,23152.0,1,37.75992202758789,-122.40642547607422,4
2018,2018-07-19,1855,7,2,18,4,N,A,Y,A,H,A,C,02,E,03,C,,,Y,,C,N,N,D,1,0,0,1,22350.0,2,37.78702545166016,-122.38961029052734,4
2018,2018-07-19,2353,7,2,23,4,N,A,Y,A,H,C,N,60,S,11,G,Y,,,,B,Y,N,D,1,1,0,0,21954.0,2,37.728042602539055,-122.44403076171876,2
2018,2018-07-19,1135,7,2,11,4,N,A,Y,A,H,A,I,10,N,03,C,,,,,C,Y,N,D,3,0,0,0,22350.0,5,37.774051666259766,-122.40023040771484,3
2018,2018-07-19,1645,7,2,16,4,N,A,Y,A,H,A,D,22,W,04,C,,,Y,,C,N,N,D,1,0,0,1,21703.0,3,37.80854415893555,-122.36670684814452,4
2018,2018-07-22,1345,7,2,13,7,N,A,Y,A,H,A,A,01,S,03,C,,,,,C,N,N,D,2,0,0,0,22350.0,2,37.80569076538086,-122.4739990234375,4
2018,2018-07-19,644,7,2,6,4,N,B,Y,A,H,B,A,01,W,08,C,,,,,C,Y,M,D,2,0,0,0,22107.0,3,37.80726623535156,-122.36802673339844,4
2018,2018-07-15,2338,7,2,23,7,N,A,Y,A,H,C,-,99,W,07,B,,,,,C,Y,F,D,1,0,0,0,21658.0,2,37.7703514099121,-122.40589141845705,3
2018,2018-07-20,222,7,2,2,5,N,A,Y,A,H,C,A,01,E,07,B,,,,,C,Y,N,D,2,0,0,0,21658.0,2,37.7730827331543,-122.40659332275392,4
2018,2018-07-20,1425,7,2,14,5,N,A,Y,A,H,A,I,10,S,03,C,,,,,C,Y,N,D,2,0,0,0,22350.0,5,37.76924896240234,-122.39746856689452,3
2018,2018-07-21,2200,7,2,22,6,N,A,Y,A,H,C,A,01,N,01,C,,,,,C,Y,N,D,3,0,0,0,23152.0,3,37.72452163696289,-122.40168762207033,3
2018,2018-07-23,900,7,2,9,1,N,A,Y,A,D,A,A,07,W,04,C,,,,,C,N,N,D,1,0,0,0,21703.0,2,37.7968978881836,-122.37932586669922,4
2018,2018-07-23,1825,7,2,18,1,N,A,Y,A,H,A,A,01,N,08,E,,,,,I,Y,N,A,1,0,0,0,22107.0,1,37.73857879638672,-122.4079818725586,3
2018,2018-07-23,1148,7,2,11,1,N,A,Y,A,H,A,-,99,E,07,B,,,,,C,N,M,D,1,0,0,0,21658.0,2,37.81393814086913,-122.36148071289062,4
2018,2018-07-20,2250,7,2,22,5,N,A,Y,A,H,C,-,99,W,07,B,,,,,C,N,M,D,1,0,0,0,21658.0,2,37.7863883972168,-122.39031982421876,4
2018,2018-06-29,2250,6,2,22,5,N,A,Y,A,H,C,-,99,S,03,C,,,,,C,Y,F,D,1,0,0,0,22350.0,3,37.763816833496094,-122.40491485595705,4
2018,2018-07-21,1751,7,2,17,6,N,A,Y,A,H,A,A,01,W,07,B,,,,,C,Y,F,D,1,0,0,0,21658.0,2,37.80154800415039,-122.37422943115234,3
2018,2018-07-25,2040,7,2,20,3,N,A,Y,A,H,A,A,07,E,03,C,,,,,C,Y,N,D,1,0,0,0,22350.0,2,37.80970001220703,-122.36568450927734,3
2018,2018-06-17,2300,6,2,23,7,N,A,Y,A,H,C,A,01,E,03,C,,,,,C,N,M,D,1,0,0,0,22350.0,4,37.77580642700195,-122.4055633544922,4
2018,2018-07-25,1240,7,2,12,3,N,A,Y,A,H,A,A,01,N,08,D,,,,,C,Y,N,D,1,0,0,0,22107.0,3,37.757080078125,-122.40373992919922,3
2018,2018-07-25,1125,7,2,11,3,N,A,Y,A,H,A,-,- ,S,18,E,,,,,I,Y,N,D,1,0,0,0,,1,37.76376724243164,-122.40493011474608,3
2018,2018-07-26,1755,7,2,17,4,N,A,Y,A,H,A,A,01,E,03,C,,,,,C,N,N,D,2,0,0,0,22350.0,2,37.8183708190918,-122.35196685791016,4
2018,2018-07-26,747,7,2,7,4,N,B,Y,A,H,A,A,01,E,04,C,,,,,C,N,N,D,1,0,0,0,21703.0,2,37.78093719482422,-122.39767456054688,4
2018,2018-07-26,2104,7,2,21,4,N,B,Y,A,H,D,C,02,S,04,C,,,Y,,C,Y,N,D,1,0,0,1,21703.0,2,37.76878356933594,-122.40789794921876,3
2018,2018-07-26,1548,7,2,15,4,N,B,Y,A,H,A,A,01,S,03,C,,,,,C,N,M,D,2,0,0,0,22350.0,2,37.720951080322266,-122.44783782958984,4
2018,2018-07-27,1930,7,2,19,5,N,A,Y,A,H,B,A,01,S,03,C,,,,,C,Y,N,D,1,0,0,0,22350.0,4,37.720821380615234,-122.39996337890624,4
2018,2018-07-29,2355,7,2,23,7,N,A,Y,A,H,C,A,01,E,03,C,,,,,C,Y,N,D,1,0,0,0,22350.0,3,37.81822967529297,-122.35243225097656,3
2018,2018-07-27,230,7,2,2,5,N,E,Y,A,H,C,A,01,N,01,E,,,,,I,Y,N,D,1,0,0,0,23152.0,1,37.71499252319336,-122.45037078857422,3
2018,2018-07-28,815,7,2,8,6,N,B,Y,A,H,A,A,01,S,03,C,,,,,C,N,F,D,1,0,0,0,22350.0,2,37.77104949951172,-122.40859222412108,3
2018,2018-07-28,215,7,2,2,6,N,A,Y,A,H,C,A,07,W,01,E,,,,,I,Y,N,D,1,0,0,0,23152.0,1,37.779029846191406,-122.3999481201172,2
2018,2018-07-28,2007,7,2,20,6,N,A,Y,A,H,C,A,01,W,03,C,,,,,C,N,N,D,4,0,0,0,22350.0,2,37.80865478515625,-122.36659240722656,4
2018,2018-07-28,1326,7,2,13,6,N,A,Y,A,H,A,A,07,N,07,B,,,,,C,N,N,D,1,0,0,0,21658.0,2,37.73316955566406,-122.41278076171876,3
2018,2018-07-27,750,7,2,7,5,N,A,Y,A,H,A,A,07,E,07,B,,,Y,,C,Y,F,D,1,0,0,1,21658.0,2,37.784610748291016,-122.39320373535156,4
2018,2018-08-01,220,8,2,2,3,N,A,Y,A,H,D,A,07,N,08,E,,,,,I,Y,N,D,1,0,0,0,22107.0,1,37.77244186401367,-122.3981475830078,4
2018,2018-08-01,2310,8,2,23,3,N,A,Y,A,H,C,A,01,W,03,E,,,,,I,Y,N,D,1,0,0,0,22350.0,1,37.80900955200195,-122.36701965332033,3
2018,2018-08-01,1110,8,2,11,3,N,A,Y,A,H,A,A,01,S,03,C,,,,,C,N,N,D,2,0,0,0,22350.0,3,37.72172164916992,-122.40029144287108,3
2018,2018-08-01,1725,8,2,17,3,N,B,Y,A,H,A,-,99,S,07,B,,,Y,,C,Y,F,D,1,0,0,1,21658.0,2,37.710575103759766,-122.45877075195312,3
2018,2018-08-01,1645,8,2,16,3,N,A,Y,A,H,A,-,99,S,03,C,,,,,C,N,M,D,2,0,0,0,22350.0,2,37.77045822143555,-122.42184448242188,4
2018,2018-07-10,1903,7,2,19,2,N,A,Y,A,H,A,A,01,N,08,E,,,,,I,Y,F,A,2,0,0,0,22107.0,1,37.753150939941406,-122.39250946044922,3
2018,2018-08-02,2342,8,2,23,4,N,A,Y,A,H,C,-,- ,N,18,H,,,,,A,N,N,D,1,0,0,0,,1,37.74391555786133,-122.40560913085938,3
2018,2018-08-02,1840,8,2,18,4,N,A,Y,A,H,A,A,08,S,07,B,,,,,C,N,M,D,2,0,0,0,21658.0,2,37.76178741455078,-122.40585327148438,4
2018,2018-08-02,1745,8,2,17,4,N,A,Y,A,H,A,A,01,N,03,C,,,,,C,Y,N,D,1,0,0,0,22350.0,3,37.75601196289063,-122.4032974243164,4
2018,2018-08-02,2125,8,2,21,4,N,A,Y,A,H,D,A,01,S,03,C,,,,,C,N,N,D,2,0,0,0,22350.0,4,37.770050048828125,-122.4189910888672,4
2018,2018-08-03,926,8,2,9,5,N,A,Y,A,H,A,D,22,E,04,C,,,,,C,N,N,D,1,0,0,0,21703.0,2,37.81223678588867,-122.36319732666016,4
2018,2018-08-04,1030,8,2,10,6,N,A,Y,A,H,A,C,02,N,03,C,,,Y,,C,Y,N,D,1,0,0,1,22350.0,2,37.7649040222168,-122.40483856201172,4
2018,2018-08-05,1915,8,2,19,7,N,A,Y,A,H,A,A,07,W,03,E,,,,,I,Y,N,D,1,0,0,0,22350.0,1,37.80854034423828,-122.36695098876952,3
2018,2018-08-02,1625,8,2,16,4,N,A,Y,A,H,A,A,01,N,03,C,,,,,C,N,N,D,1,0,0,0,22350.0,2,37.73209381103516,-122.4149932861328,4
2018,2018-08-04,1600,8,2,16,6,N,A,Y,A,H,A,A,01,E,03,C,,,,,C,N,N,D,1,0,0,0,22350.0,2,37.770217895507805,-122.40577697753906,4
2018,2018-08-03,750,8,2,7,5,N,B,Y,A,H,A,C,02,W,03,C,,,Y,Y,C,Y,N,D,1,0,0,1,22350.0,3,37.78984069824219,-122.38648223876952,2
2018,2018-08-06,1510,8,2,15,1,N,A,Y,A,H,A,A,01,W,03,C,,,,,C,Y,F,D,1,0,0,0,22350.0,2,37.78630828857422,-122.39041137695312,4
2018,2018-08-04,1250,8,2,12,6,N,A,Y,A,H,A,A,07,N,03,B,,,,,C,Y,N,D,2,0,0,0,22350.0,3,37.724910736083984,-122.40155792236328,4
2018,2018-08-07,1450,8,2,14,2,N,A,Y,A,H,A,D,22,N,03,C,,,,,C,Y,N,D,1,0,0,0,22350.0,3,37.7647819519043,-122.40484619140624,4
2018,2018-08-07,1730,8,2,17,2,N,A,Y,A,H,A,A,01,E,01,C,,,,,C,Y,N,D,2,0,0,0,23152.0,2,37.81541442871094,-122.358154296875,3
2018,2018-08-04,842,8,2,8,6,N,A,Y,A,H,A,A,01,S,03,C,,,,,C,Y,N,D,3,0,0,0,22350.0,3,37.75424957275391,-122.40290832519533,4
2018,2018-08-04,843,8,2,8,6,N,A,Y,A,H,A,A,01,S,03,C,,,,,C,Y,M,D,1,0,0,0,22350.0,2,37.75415802001953,-122.40290069580078,4
2018,2018-08-08,1705,8,2,17,3,N,A,Y,A,H,A,A,07,E,03,C,,,,,C,Y,N,D,1,0,0,0,22350.0,2,37.79817581176758,-122.37796020507812,4
2018,2018-08-08,1233,8,2,12,3,N,A,Y,A,H,A,A,01,W,03,C,,,,,C,Y,N,D,1,0,0,0,22350.0,3,37.76938247680664,-122.40518188476562,4
2018,2018-08-07,1640,8,2,16,2,N,A,Y,A,H,A,A,07,N,07,B,,,,,C,Y,N,D,2,0,0,0,21658.0,4,37.73155975341797,-122.42536926269533,4
2018,2018-08-03,2320,8,2,23,5,N,A,Y,A,H,B,A,01,W,03,C,,,,,C,N,M,D,1,0,0,0,22350.0,2,37.77719879150391,-122.40330505371094,4
2018,2018-08-09,925,8,2,9,4,N,A,Y,A,H,A,-,99,E,03,C,,,,,C,N,M,D,4,0,0,0,22350.0,2,37.78661346435546,-122.39005279541016,4
2018,2018-08-08,1540,8,2,15,3,N,A,Y,A,H,A,A,07,S,07,C,,,,,C,Y,N,D,2,0,0,0,21658.0,5,37.720611572265625,-122.39988708496094,3
2018,2018-08-09,1350,8,2,13,4,N,A,Y,A,H,A,C,02,E,03,C,,,Y,,C,Y,N,D,1,0,0,1,22350.0,2,37.79714584350586,-122.37905883789062,3
2018,2018-08-16,2354,8,2,23,4,N,A,Y,A,H,C,A,01,N,01,E,,,,,I,Y,N,D,1,0,0,0,23152.0,1,37.807220458984375,-122.47579193115234,4
2018,2018-08-12,1400,8,2,14,7,N,A,Y,A,H,A,A,07,E,07,B,,,,,C,Y,N,D,4,0,0,0,21658.0,3,37.81221771240234,-122.36318206787108,3
2018,2018-08-10,1337,8,2,13,5,N,A,Y,A,H,A,A,08,S,21,C,,,,,C,N,N,D,3,0,0,0,22106.0,2,37.806400299072266,-122.47496795654295,4
2018,2018-08-08,1745,8,2,17,3,N,A,Y,A,H,A,-,99,W,07,B,,,Y,,C,N,F,D,1,0,0,1,21658.0,3,37.77248764038086,-122.4065399169922,4
2018,2018-08-15,1535,8,2,15,3,N,A,Y,A,H,A,A,01,E,07,B,,,,,C,Y,N,D,1,0,0,0,21658.0,2,37.79596328735352,-122.38034057617188,3
2018,2018-08-14,1138,8,2,11,2,N,B,Y,A,D,A,A,01,E,04,C,,,,,C,Y,N,D,2,0,0,0,21703.0,4,37.810901641845696,-122.36453247070312,3
2018,2018-08-13,1745,8,2,17,1,N,B,Y,A,H,A,C,02,N,22,B,,,Y,,C,Y,N,D,2,0,0,2,,2,37.7549057006836,-122.40296936035156,3
2018,2018-08-15,2100,8,2,21,3,N,A,Y,A,H,D,A,01,N,04,C,,,,,C,Y,N,D,2,0,0,0,21703.0,2,37.76497268676758,-122.40512847900392,4
2018,2018-08-14,1705,8,2,17,2,N,A,Y,A,H,A,C,02,N,03,E,,,Y,,J,Y,N,D,1,0,0,1,22350.0,1,37.802696228027344,-122.46714019775392,3
2018,2018-08-16,1450,8,2,14,4,N,A,Y,A,H,A,A,07,N,03,C,,,,,C,Y,N,D,8,0,0,0,22350.0,3,37.71792221069336,-122.39915466308594,4
2018,2018-03-12,1814,3,1,18,1,N,B,Y,B,H,A,A,01,S,08,E,,,,,I,Y,N,D,2,0,0,0,22107.0,2,37.71980667114258,-122.44841766357422,1
2018,2018-08-17,1025,8,2,10,5,N,A,Y,A,H,A,A,01,S,03,C,,,,,C,N,N,D,1,0,0,0,22350.0,2,37.74400329589844,-122.4055404663086,4
2018,2018-08-14,1755,8,2,17,2,N,A,Y,A,H,A,C,02,W,03,F,,,Y,,A,N,N,D,1,0,0,1,22350.0,2,37.799095153808594,-122.37692260742188,3
2018,2018-08-18,1355,8,2,13,6,N,A,Y,A,H,A,A,01,W,03,C,,,,,C,N,N,D,2,0,0,0,22350.0,2,37.77682876586913,-122.40392303466795,4
2018,2018-08-05,2256,8,2,22,7,N,A,Y,A,H,D,A,01,W,03,C,,,,,C,N,N,D,2,0,0,0,22350.0,3,37.77631378173828,-122.40479278564452,4
2018,2018-08-08,1630,8,2,16,3,N,A,Y,A,H,A,D,22,W,07,F,,,Y,,A,Y,N,D,1,0,0,1,21658.0,2,37.80160903930664,-122.37416839599608,3
2018,2018-08-21,1830,8,2,18,2,N,A,Y,A,H,A,A,01,E,03,C,,,,,C,N,M,D,1,0,0,0,22350.0,2,37.780643463134766,-122.39878082275392,4
2018,2018-08-12,1400,8,2,14,7,N,A,Y,A,H,A,-,99,W,07,C,,,,,C,N,M,D,1,0,0,0,21658.0,2,37.76829147338867,-122.40543365478516,4
2018,2018-08-20,1720,8,2,17,1,N,A,Y,A,H,A,-,99,W,07,B,,,Y,,C,Y,M,D,1,0,0,1,21658.0,2,37.80754852294922,-122.3677215576172,4
2018,2018-08-13,1538,8,2,15,1,N,B,Y,A,H,A,A,01,N,07,E,,,,,I,Y,N,D,1,0,0,0,21658.0,1,37.7216796875,-122.40096282958984,4
2018,2018-08-21,235,8,2,2,2,N,A,Y,A,H,D,A,01,N,01,E,,,,,I,N,N,D,1,0,0,0,23152.0,1,37.76921081542969,-122.40560150146484,4
2018,2018-08-23,928,8,2,9,4,N,B,Y,A,H,A,A,07,N,03,C,,,,,C,Y,N,D,3,0,0,0,22350.0,2,37.77186584472656,-122.40631866455078,4