ACCIDENT_YEAR,COLLISION_DATE,COLLISION_TIME,MONTH,SEASON,24HOURS,DAY_OF_WEEK,INTERSECTION,WEATHER_1,STATE_HWY_IND,ROAD_SURFACE,ROAD_COND_1,LIGHTING,STWD_VEHTYPE_AT_FAULT,CHP_VEHTYPE_AT_FAULT,DIRECTION,PCF_VIOL_CATEGORY,TYPE_OF_COLLISION,PEDESTRIAN_ACCIDENT,BICYCLE_ACCIDENT,MOTORCYCLE_ACCIDENT,TRUCK_ACCIDENT,MVIW,TOW_AWAY,HIT_AND_RUN,CONTROL_DEVICE,NUMBER_INJURED,COUNT_PED_INJURED,COUNT_BICYCLIST_INJURED,COUNT_MC_INJURED,PCF_VIOLATION,PARTY_COUNT,POINT_Y,POINT_X,COLLISION_SEVERITY
2019,2019-05-21,2031,5,1,20,2,N,C,Y,B,H,C,C,02,W,08,B,,,Y,,C,Y,N,D,1,0,0,1,22107.0,2,37.78602600097656,-122.39077758789062,3
2019,2019-05-21,1645,5,1,16,2,N,A,Y,A,H,A,A,01,S,03,C,,,,,C,N,N,D,1,0,0,0,22350.0,2,37.72893524169922,-122.40346527099608,3
2019,2019-05-21,1005,5,1,10,2,N,A,Y,A,H,A,A,07,N,03,C,,,,,C,N,N,D,1,0,0,0,22350.0,3,37.73392105102539,-122.4058837890625,4
2019,2019-05-22,1515,5,1,15,3,N,A,Y,A,H,A,A,01,N,03,C,,,,,C,N,N,D,2,0,0,0,22350.0,2,37.72521209716797,-122.40196990966795,4
2019,2019-05-24,740,5,1,7,5,N,A,Y,A,H,A,A,01,N,03,C,,,,,C,Y,N,D,1,0,0,0,22350.0,2,37.7317008972168,-122.4335479736328,4
2019,2019-05-19,1810,5,1,18,7,N,B,Y,A,H,A,-,- ,W,18,C,,,,,C,Y,N,D,1,0,0,0,,2,37.80347442626953,-122.37216949462892,4
2019,2019-05-24,1735,5,1,17,5,N,A,Y,A,H,A,A,01,W,03,B,,,,,C,Y,N,D,1,0,0,0,22350.0,2,37.798686981201165,-122.37738037109376,4
2019,2019-05-25,1520,5,1,15,6,N,A,Y,A,H,A,A,01,E,03,C,,,,,C,N,N,D,1,0,0,0,22350.0,3,37.81534194946289,-122.35828399658205,4
2019,2019-05-28,1520,5,1,15,2,N,A,Y,A,H,A,A,01,S,03,C,,,,,C,Y,N,D,1,0,0,0,22350.0,2,,,4
2019,2019-05-23,740,5,1,7,4,N,A,Y,A,H,A,A,08,S,03,C,,,,,C,Y,N,D,1,0,0,0,22350.0,2,37.77317810058594,-122.39761352539062,4
2019,2019-05-20,2129,5,1,21,1,N,A,Y,A,H,D,-,99,S,08,B,,,,,C,Y,F,D,1,0,0,0,22107.0,2,37.73177337646485,-122.42692565917967,4
2019,2019-05-25,2245,5,1,22,6,N,B,Y,A,H,C,-,99,S,17,B,,,Y,,C,N,M,D,1,0,0,1,22517.0,2,37.770374298095696,-122.421630859375,4
2019,2019-06-03,1715,6,2,17,1,N,A,Y,A,H,A,A,01,S,08,E,,,,,I,N,N,D,1,0,0,0,22107.0,1,37.732078552246094,-122.41504669189452,4
2019,2019-05-30,1515,5,1,15,4,N,B,Y,A,H,A,A,07,S,03,C,,,,,C,N,N,D,1,0,0,0,22350.0,2,37.73761367797852,-122.40203094482422,4
2019,2019-05-28,710,5,1,7,2,N,A,Y,A,H,A,D,22,N,07,B,,,,Y,C,Y,N,D,1,0,0,0,21658.0,3,37.73877716064453,-122.40072631835938,3
2019,2019-05-25,340,5,1,3,6,N,A,Y,A,H,C,A,01,N,01,E,,,,,I,Y,N,D,1,0,0,0,23152.0,1,37.76644134521485,-122.40532684326172,4
2019,2019-05-28,1300,5,1,13,2,N,A,Y,A,H,A,A,08,S,08,B,,,,,C,Y,N,D,2,0,0,0,22107.0,3,37.73202133178711,-122.43367767333984,3
2019,2019-05-25,2125,5,1,21,6,N,A,Y,A,H,C,A,01,W,03,C,,,,,C,Y,N,A,1,0,0,0,22350.0,3,37.808460235595696,-122.36701965332033,4
2020,2020-02-24,930,2,4,9,1,N,A,N,A,H,A,A,01,S,22,G,Y,,,,B,N,N,D,1,1,0,0,,2,37.77023315429688,-122.41765594482422,4
2019,2019-06-01,435,6,2,4,6,N,A,Y,A,H,B,A,07,S,08,E,,,,,I,Y,M,D,1,0,0,0,22107.0,1,37.73168182373047,-122.40447235107422,3
2019,2019-05-31,2100,5,1,21,5,N,A,Y,A,H,D,C,02,S,03,C,,,Y,,C,Y,N,D,1,0,0,1,22350.0,2,37.718364715576165,-122.44841766357422,2
2019,2019-05-31,1220,5,1,12,5,N,A,Y,A,H,A,A,07,N,03,C,,,,,C,N,N,D,2,0,0,0,22350.0,2,37.72499084472656,-122.44722747802734,4
2019,2019-06-03,820,6,2,8,1,N,A,Y,A,H,A,A,01,S,08,E,,,,,I,Y,N,D,1,0,0,0,22107.0,2,37.769237518310554,-122.41033172607422,3
2019,2019-05-19,640,5,1,6,7,N,C,Y,B,H,B,A,01,N,08,C,,,,,C,Y,M,D,1,0,0,0,22107.0,2,37.73152542114258,-122.4240493774414,4
2019,2019-05-19,641,5,1,6,7,N,C,Y,B,H,B,A,01,N,08,E,,,,,I,N,M,D,1,0,0,0,22107.0,1,37.731948852539055,-122.43385314941406,3
2019,2019-06-04,50,6,2,0,2,N,A,Y,A,H,C,A,01,N,01,E,,,,,I,Y,N,D,3,0,0,0,23152.0,1,37.8035888671875,-122.4698486328125,2
2019,2019-06-06,950,6,2,9,4,N,A,Y,A,H,A,A,07,W,07,C,,,,,C,N,N,D,1,0,0,0,21658.0,2,37.80830764770508,-122.36693572998048,4
2019,2019-06-06,1955,6,2,19,4,N,A,Y,A,H,A,A,01,E,03,C,,,,,C,N,F,D,1,0,0,0,22350.0,4,37.78416442871094,-122.393798828125,4
2019,2019-06-08,1319,6,2,13,6,N,A,Y,A,H,A,A,01,S,03,C,,,,,C,N,N,D,1,0,0,0,22350.0,2,37.77425003051758,-122.40042114257812,4
2019,2019-06-11,1640,6,2,16,2,N,A,Y,A,H,A,C,02,E,03,B,,,Y,,C,Y,N,D,1,0,0,1,22350.0,3,37.78083038330078,-122.39854431152344,2
2019,2019-06-09,2205,6,2,22,7,N,A,Y,A,H,C,A,07,N,01,C,,,,,C,N,N,D,1,0,0,0,23152.0,2,37.802677154541016,-122.4576416015625,4
2019,2019-06-08,1715,6,2,17,6,N,A,N,A,H,A,-,- ,N,18,F,,Y,,,A,N,N,D,1,0,1,0,,1,37.8080940246582,-122.47645568847656,3
2020,2020-05-19,1128,5,1,11,2,N,A,N,A,H,A,D,22,W,21,-,,,,Y,C,Y,N,D,1,0,0,0,22106.0,2,37.7677001953125,-122.3983917236328,4
2019,2019-06-10,1745,6,2,17,1,N,A,Y,A,H,A,A,01,N,03,E,,,,,I,Y,N,D,2,0,0,0,22350.0,3,37.80122756958008,-122.4484405517578,3
2020,2020-05-15,1015,5,1,10,5,N,A,N,A,H,A,A,01,S,04,C,,,,,C,Y,N,A,1,0,0,0,21703.0,4,37.72156524658203,-122.4387664794922,4
2020,2020-05-16,1746,5,1,17,6,N,A,N,A,H,A,I,20,E,10,G,Y,,,,B,N,N,A,1,1,0,0,21954.0,2,37.72301483154297,-122.39498138427734,2
2020,2020-05-01,1742,5,1,17,5,N,A,N,A,H,A,-,- ,N,00,B,,Y,,,G,N,F,D,1,0,1,0,,2,37.72004318237305,-122.48512268066406,4
2020,2020-05-10,1610,5,1,16,7,N,A,N,A,H,A,A,08,N,08,C,,,,,E,Y,N,D,1,0,0,0,22107.0,2,37.76080703735352,-122.4071044921875,4
2020,2020-05-29,555,5,1,5,5,N,B,N,A,H,A,-,,E,21,G,Y,,,,B,N,N,D,1,1,0,0,22106.0,3,37.74263381958008,-122.396484375,4
2020,2020-05-13,857,5,1,8,3,N,A,N,A,H,-,-,,N,03,C,,,,,C,Y,N,D,1,0,0,0,22350.0,2,37.74860382080078,-122.40348052978516,4
2019,2019-06-10,1939,6,2,19,1,N,A,Y,A,H,B,C,02,E,03,B,,,Y,,C,N,N,D,1,0,0,1,22350.0,3,37.777019500732415,-122.4031982421875,4
2019,2019-06-12,1220,6,2,12,3,N,A,Y,A,H,A,-,- ,S,18,F,,,Y,,A,Y,N,D,1,0,0,1,,1,,,3
2019,2019-06-02,320,6,2,3,7,N,A,Y,A,H,D,A,07,W,01,C,,,,,C,Y,N,D,4,0,0,0,23152.0,2,37.806671142578125,-122.3686752319336,4
2019,2019-06-03,1640,6,2,16,1,N,A,Y,A,H,A,-,- ,E,00,B,,,Y,,C,Y,N,D,1,0,0,1,,3,37.79666519165039,-122.37957763671876,4
2019,2019-06-10,30,6,2,0,1,N,A,Y,A,H,C,A,08,W,03,C,,,,,C,Y,N,D,1,0,0,0,22350.0,3,37.808143615722656,-122.36710357666016,3
2019,2019-05-29,922,5,1,9,3,N,A,Y,A,H,A,-,99,S,07,C,,,,,C,N,F,D,1,0,0,0,21658.0,2,37.732715606689446,-122.41326904296876,4
2019,2019-06-10,2130,6,2,21,1,N,A,Y,A,H,D,D,22,S,01,B,,,,,C,Y,M,D,1,0,0,0,23152.0,2,37.74877166748047,-122.40399932861328,4
2019,2019-06-12,755,6,2,7,3,N,A,Y,A,H,A,A,01,S,03,C,,,,,C,N,N,D,1,0,0,0,22350.0,2,37.77299118041992,-122.39891815185548,4
2019,2019-06-13,1705,6,2,17,4,N,A,Y,A,H,A,C,02,S,03,F,,,Y,,I,N,N,D,1,0,0,1,22350.0,1,37.72158050537109,-122.40023803710938,3
2019,2019-06-12,2313,6,2,23,3,N,A,Y,A,H,C,A,07,W,01,E,,,,,I,Y,N,D,1,0,0,0,23152.0,1,37.808990478515625,-122.36686706542967,4
2019,2019-06-08,1400,6,2,14,6,N,A,Y,A,H,A,L,04,S,03,E,,Y,,,I,N,N,D,1,0,1,0,22350.0,1,37.82565689086913,-122.47955322265624,3
2019,2019-06-12,45,6,2,0,3,N,A,Y,A,H,C,A,01,N,01,C,,,,,C,Y,N,D,2,0,0,0,23152.0,2,37.7322998046875,-122.4313507080078,3
2019,2019-06-17,1905,6,2,19,1,N,A,Y,A,H,A,A,01,E,03,C,,,,,C,Y,N,D,3,0,0,0,22350.0,2,37.77628326416016,-122.40483856201172,3
2019,2019-06-15,2249,6,2,22,6,N,B,Y,A,H,C,A,07,N,07,B,,,,Y,C,Y,N,D,2,0,0,0,21658.0,3,37.733501434326165,-122.40582275390624,3
2019,2019-06-17,1410,6,2,14,1,N,A,Y,A,H,A,A,01,E,03,C,,,,,C,N,M,D,1,0,0,0,22350.0,3,37.773880004882805,-122.40641021728516,4
2019,2019-06-18,711,6,2,7,2,N,A,Y,A,H,A,A,01,W,08,E,,,,,J,Y,N,A,1,0,0,0,22107.0,1,37.808372497558594,-122.36687469482422,4
2020,2020-04-11,2152,4,1,21,6,Y,A,N,B,H,C,A,01,,12,D,,,,,C,Y,F,A,1,0,0,0,21453.0,2,37.715679168701165,-122.4394302368164,4
2020,2020-04-11,1638,4,1,16,6,Y,A,N,A,H,A,A,01,,06,B,,Y,,,G,Y,F,A,1,0,0,0,21750.0,2,37.77624130249024,-122.41471862792967,2
2020,2020-04-11,2315,4,1,23,6,Y,A,N,A,H,C,A,07,,12,D,,,Y,,C,N,M,A,1,0,0,1,21457.0,2,37.77188873291016,-122.4320831298828,4
2020,2020-04-10,2115,4,1,21,5,N,A,N,A,H,C,A,07,W,04,C,,,,,C,N,F,D,1,0,0,0,21703.0,2,37.78175735473633,-122.42225646972656,4
2020,2020-04-10,1100,4,1,11,5,N,A,N,A,H,A,A,01,W,03,E,,,,,I,Y,N,D,1,0,0,0,22350.0,1,37.79987335205078,-122.40599060058594,4
2020,2020-04-10,124,4,1,1,5,N,A,N,A,H,C,A,07,S,03,C,,,,,C,Y,F,D,1,0,0,0,22350.0,2,37.788604736328125,-122.42028045654295,4
2020,2020-04-30,1652,4,1,16,4,Y,A,N,A,H,A,L,04,,03,H,,Y,,,A,N,N,D,1,0,1,0,22350.0,2,37.777050018310554,-122.41259765625,3
2020,2020-04-30,1336,4,1,13,4,Y,A,N,A,H,A,N,60,,11,G,Y,,,,B,N,N,A,1,1,0,0,21456.0,2,37.786109924316406,-122.41811370849608,4
2020,2020-04-30,1315,4,1,13,4,Y,A,N,A,H,A,A,01,,09,D,,Y,,,G,N,N,D,1,0,1,0,21801.0,2,37.76876831054688,-122.42224884033205,4
2020,2020-04-05,1647,4,1,16,7,Y,B,N,A,H,A,C,03,,00,D,,,Y,,C,Y,N,A,1,0,0,1,22101.0,2,37.78078079223633,-122.39962768554688,2
2020,2020-04-12,1805,4,1,18,7,Y,A,N,A,A,A,-,- ,,18,F,,Y,,,A,N,N,D,1,0,1,0,,1,37.78725814819336,-122.44677734375,3
2020,2020-04-12,1751,4,1,17,7,N,A,N,A,H,A,L,04,N,03,H,,Y,,,A,N,N,D,1,0,1,0,22350.0,1,37.75313186645508,-122.4073486328125,4
2020,2020-04-12,1542,4,1,15,7,Y,A,N,A,H,A,-,,,08,B,,Y,,,G,N,N,D,1,0,1,0,22107.0,2,37.728790283203125,-122.43453216552734,3
2020,2020-04-12,1317,4,1,13,7,Y,A,N,A,H,A,-,- ,,12,D,,,Y,,C,Y,N,A,1,0,0,1,22450.0,2,37.78385925292969,-122.45791625976562,4
2020,2020-04-11,425,4,1,4,6,N,B,N,A,H,C,-,,E,05,B,,,,,C,N,F,D,1,0,0,0,21650.0,4,37.736236572265625,-122.39321136474608,4
2020,2020-04-14,1832,4,1,18,2,N,A,N,A,H,A,A,01,W,17,C,,Y,,,G,N,N,D,1,0,1,0,21209.0,2,37.74646759033203,-122.40276336669922,4
2020,2020-04-14,810,4,1,8,2,N,A,N,A,H,A,A,08,N,10,G,Y,,,,B,N,N,A,1,1,0,0,21950.0,2,37.78500747680664,-122.4195556640625,4
2020,2020-04-13,2305,4,1,23,1,Y,A,N,A,H,C,A,01,,03,C,,,,,C,N,N,A,2,0,0,0,22350.0,2,37.77553939819336,-122.40628051757812,4
2020,2020-04-13,1907,4,1,19,1,Y,A,N,A,H,B,N,60,,11,D,Y,,,,B,N,N,D,1,1,0,0,21954.0,2,37.76142120361328,-122.4394073486328,3
2020,2020-04-24,1807,4,1,18,5,Y,A,N,A,H,A,A,01,,03,C,,,,,C,Y,N,A,1,0,0,0,22350.0,2,,,3
2020,2020-04-24,2500,4,1,25,5,N,A,N,A,H,A,A,01,W,21,B,,Y,,,G,N,N,D,1,0,1,0,22106.0,2,37.78317260742188,-122.45938873291016,4
2020,2020-04-24,1535,4,1,15,5,Y,A,N,A,H,A,A,01,,09,D,,Y,,,G,N,N,A,1,0,1,0,21801.0,2,37.78242874145508,-122.43930053710938,3
2020,2020-04-22,1856,4,1,18,3,Y,A,N,-,H,A,A,01,,03,F,,,,,C,Y,N,A,2,0,0,0,22350.0,2,,,4
2020,2020-04-22,1348,4,1,13,3,Y,A,N,A,H,A,A,01,,09,D,,,,,C,Y,N,A,3,0,0,0,21453.0,2,37.74272918701172,-122.38800811767578,3
2020,2020-04-22,1330,4,1,13,3,Y,A,N,A,H,A,A,01,,12,D,,,,,C,Y,N,A,1,0,0,0,21453.0,2,37.77622985839844,-122.41159057617188,4
2020,2020-04-21,1858,4,1,18,2,N,A,N,A,G,A,L,04,W,03,A,,Y,,,G,N,N,D,1,0,1,0,22350.0,2,,,3
2020,2020-04-20,1455,4,1,14,1,N,A,N,A,H,A,A,07,W,12,D,,,,,C,N,N,A,1,0,0,0,21453.0,2,37.72114181518555,-122.44764709472656,4
2020,2020-04-19,1536,4,1,15,7,Y,A,N,A,H,A,A,01,,21,D,,Y,,,G,N,N,A,1,0,1,0,22106.0,2,37.76673889160156,-122.45015716552734,4
2020,2020-04-16,855,4,1,8,4,N,B,N,A,D,A,A,01,W,09,-,,,,,I,Y,N,-,1,0,0,0,21802.0,2,37.77986526489258,-122.49124908447266,4
2020,2020-04-23,1441,4,1,14,4,Y,A,N,A,H,A,A,01,,09,H,,Y,,,G,N,N,D,1,0,1,0,21801.0,2,,,3
2020,2020-04-23,1245,4,1,12,4,Y,A,N,A,H,A,A,07,,10,G,Y,,,,B,N,N,A,1,1,0,0,21950.0,2,37.71638870239258,-122.44100189208984,3
2019,2019-06-08,1045,6,2,10,6,N,A,N,A,H,A,L,04,N,22,A,,Y,,,G,N,N,D,1,0,1,0,,2,37.81023788452149,-122.47763061523438,3
2019,2019-06-12,1340,6,2,13,3,N,A,Y,A,H,A,A,01,N,07,B,,,,,C,Y,N,D,2,0,0,0,21658.0,2,37.72532272338867,-122.44676971435548,3
2019,2019-06-20,1740,6,2,17,4,N,A,Y,A,H,A,A,01,N,07,B,,,Y,,C,Y,N,D,1,0,0,1,21658.0,2,37.75776290893555,-122.39238739013672,3
2019,2019-06-23,1807,6,2,18,7,N,A,Y,A,H,A,A,01,W,04,C,,,,,C,Y,N,D,3,0,0,0,21703.0,3,37.807971954345696,-122.36728668212892,4
2019,2019-06-21,1750,6,2,17,5,N,A,Y,A,H,A,A,01,W,03,C,,,,,C,N,N,D,1,0,0,0,22350.0,2,37.80793380737305,-122.36732482910156,4
2019,2019-06-22,2245,6,2,22,6,N,A,Y,A,H,C,A,07,W,08,D,,,,,C,Y,N,D,1,0,0,0,22107.0,2,37.808353424072266,-122.36688995361328,4
2019,2019-06-24,1230,6,2,12,1,N,A,Y,A,H,A,A,01,W,07,B,,,,Y,C,N,N,D,2,0,0,0,21658.0,2,37.774600982666016,-122.4060516357422,4
2019,2019-06-24,1825,6,2,18,1,N,A,Y,A,H,A,-,99,S,07,B,,,,,C,Y,M,D,2,0,0,0,21658.0,2,37.71156692504882,-122.45458984375,4
2019,2019-06-16,1015,6,2,10,7,N,A,Y,A,H,A,C,02,W,08,E,,,Y,,I,Y,N,D,1,0,0,1,22107.0,1,37.8088493347168,-122.36673736572266,2
2019,2019-06-24,642,6,2,6,1,N,A,Y,A,C,A,A,01,W,03,C,,,,,C,N,N,A,1,0,0,0,22350.0,2,37.80704116821289,-122.36827087402344,4
2019,2019-06-22,1245,6,2,12,6,N,A,Y,A,H,A,A,01,N,03,C,,,,,C,Y,N,D,1,0,0,0,22350.0,3,37.73248291015625,-122.41383361816406,3
2019,2019-06-24,800,6,2,8,1,N,A,Y,A,H,A,C,02,S,03,C,,,Y,,C,Y,N,D,1,0,0,1,22350.0,2,37.71443557739258,-122.39739990234376,3
2019,2019-06-26,1040,6,2,10,3,N,A,Y,A,H,A,C,02,E,03,C,,,Y,,C,Y,N,D,1,0,0,1,22350.0,2,37.81830978393555,-122.3532943725586,2
2019,2019-06-01,840,6,2,8,6,N,B,N,A,H,A,A,01,N,03,B,,,Y,,C,N,F,D,1,0,0,1,22350.0,2,37.8076171875,-122.47480010986328,4
2019,2019-06-22,120,6,2,1,6,N,A,Y,A,H,C,J,48,N,08,D,,,,,C,N,N,A,1,0,0,0,22107.0,2,37.80099868774414,-122.44811248779295,4
2019,2019-06-22,1000,6,2,10,6,N,A,Y,A,H,A,A,01,N,03,C,,,,,C,Y,N,D,1,0,0,0,22350.0,2,37.728023529052734,-122.40272521972656,4
2019,2019-06-26,1745,6,2,17,3,N,A,Y,A,H,A,A,01,N,03,C,,,,,C,N,N,D,1,0,0,0,22350.0,4,37.72429656982422,-122.40131378173828,4
2019,2019-06-25,705,6,2,7,2,N,A,Y,A,H,A,N,60,S,11,G,Y,,,,B,Y,N,D,1,1,0,0,21954.0,2,37.731548309326165,-122.42197418212892,2
2019,2019-06-25,2355,6,2,23,2,N,A,Y,A,H,C,A,07,W,01,E,,,,,I,Y,N,D,1,0,0,0,23152.0,1,37.78585433959961,-122.39103698730467,4
2019,2019-06-29,20,6,2,0,6,N,A,Y,A,H,D,A,07,N,03,C,,,,,C,Y,N,D,1,0,0,0,22350.0,2,37.72102355957031,-122.40030670166016,3
2019,2019-06-29,2218,6,2,22,6,N,A,Y,A,H,C,A,01,W,08,E,,,,,I,Y,N,D,1,0,0,0,22107.0,1,37.784271240234375,-122.39331817626952,4
2019,2019-06-27,640,6,2,6,4,N,A,Y,A,H,A,A,01,S,08,E,,,,,I,Y,N,D,2,0,0,0,22107.0,3,37.7342185974121,-122.40975952148438,3
2019,2019-06-30,1300,6,2,13,7,N,A,Y,A,H,A,C,02,W,03,F,,,Y,,A,Y,N,D,1,0,0,1,22350.0,1,37.776737213134766,-122.40375518798828,3
2019,2019-06-30,900,6,2,9,7,N,A,Y,A,H,A,A,07,W,03,C,,,,,C,Y,N,D,2,0,0,0,22350.0,3,37.80026245117188,-122.37562561035156,4
2019,2019-07-01,500,7,2,5,1,N,A,Y,A,H,C,A,01,E,01,B,,,,,C,Y,N,D,2,0,0,0,23152.0,3,37.81622314453125,-122.35759735107422,4
2019,2019-07-02,730,7,2,7,2,N,A,Y,A,H,A,C,02,S,03,B,,,Y,,C,Y,N,D,1,0,0,1,22350.0,2,37.7734603881836,-122.39945220947266,3
2019,2019-06-30,935,6,2,9,7,N,A,Y,A,H,A,A,01,E,08,E,,,,,I,Y,N,D,1,0,0,0,22107.0,1,37.808940887451165,-122.36683654785156,4
2019,2019-06-19,257,6,2,2,3,N,A,Y,A,H,C,A,01,S,03,D,,,,,C,N,N,D,2,0,0,0,22350.0,2,37.748023986816406,-122.4042510986328,3
2019,2019-01-07,2345,1,4,23,1,N,A,Y,A,H,C,N,60,W,11,G,Y,,,,B,N,M,D,0,0,0,0,21954.0,6,37.78519821166992,-122.39218139648438,1
2019,2019-06-19,258,6,2,2,3,N,A,Y,A,H,C,D,22,S,03,D,,,,,C,Y,N,D,1,0,0,0,22350.0,2,37.74760055541992,-122.40438079833984,2
2019,2019-07-05,1545,7,2,15,5,N,A,Y,A,H,A,A,01,N,22,B,,,,,C,Y,F,D,3,0,0,0,,2,,,4
2019,2019-07-08,1830,7,2,18,1,N,A,Y,A,H,A,A,07,E,03,C,,,,,C,N,N,D,1,0,0,0,22350.0,3,37.77127456665039,-122.40596771240234,4
2019,2019-07-09,1025,7,2,10,2,N,A,Y,A,H,A,A,01,S,03,C,,,,,C,N,N,D,1,0,0,0,22350.0,2,,,4
2019,2019-07-09,1000,7,2,10,2,N,A,Y,A,H,A,A,08,E,03,C,,,,,C,Y,N,D,1,0,0,0,22350.0,3,37.7779541015625,-122.40135192871094,4
2019,2019-07-09,845,7,2,8,2,N,B,Y,A,H,A,D,22,W,03,C,,,,,C,N,N,D,1,0,0,0,22350.0,3,37.785511016845696,-122.39158630371094,4
2019,2019-07-10,1920,7,2,19,3,N,A,Y,A,H,A,A,07,S,03,C,,,,,C,Y,N,D,3,0,0,0,22350.0,3,37.761009216308594,-122.3923797607422,3
2019,2019-07-10,2230,7,2,22,3,N,A,Y,A,H,C,A,01,S,03,C,,,,,C,Y,N,D,2,0,0,0,22350.0,2,37.74779510498047,-122.4043197631836,4
2020,2020-04-27,2053,4,1,20,1,Y,A,N,A,H,C,-,- ,,18,G,Y,,,,B,N,N,A,1,1,0,0,,2,37.771778106689446,-122.42032623291016,4
2020,2020-04-27,1434,4,1,14,1,N,A,N,A,H,A,D,22,N,01,-,,,,,E,Y,N,D,1,0,0,0,23152.0,3,37.78230285644531,-122.46114349365234,4
2019,2019-07-14,1830,7,2,18,7,N,A,N,A,H,A,L,04,N,22,E,,Y,,,J,N,N,D,1,0,1,0,,1,37.80827713012695,-122.47679901123048,3
2020,2020-04-22,432,4,1,4,3,N,A,N,-,H,C,A,01,W,03,C,,,,,E,Y,N,D,1,0,0,0,22350.0,4,37.73674774169922,-122.39413452148438,3
2020,2020-04-29,1443,4,1,14,3,N,A,N,A,H,A,A,01,N,12,D,,,,,C,Y,N,A,3,0,0,0,21453.0,3,37.777828216552734,-122.40032958984376,3
2020,2020-04-09,215,4,1,2,4,Y,A,N,A,H,C,-,- ,,00,B,,,,,C,N,N,D,1,0,0,0,,2,37.74068069458008,-122.38770294189452,4
2020,2020-04-20,1504,4,1,15,1,N,A,N,A,H,A,D,22,S,21,C,,,,,E,Y,N,D,1,0,0,0,22106.0,4,37.751998901367195,-122.41513061523438,4
2020,2020-04-25,1441,4,1,14,6,Y,A,N,A,H,A,A,01,,00,D,,Y,,,G,N,F,A,1,0,1,0,22101.0,2,37.75225830078125,-122.41848754882812,4
2020,2020-04-01,1127,4,1,11,3,N,A,N,A,H,A,A,01,W,09,B,,,,,C,Y,N,D,1,0,0,0,21804.0,4,37.752960205078125,-122.4066162109375,3
2020,2020-04-24,1530,4,1,15,5,N,A,N,A,H,A,F,56,E,04,C,,,,Y,C,N,F,A,1,0,0,0,21703.0,2,37.74969100952149,-122.39728546142578,4
2019,2019-07-12,1850,7,2,18,5,N,A,Y,A,H,A,A,01,N,03,C,,,,,C,Y,N,D,1,0,0,0,22350.0,2,37.75471878051758,-122.4029541015625,4
2020,2020-04-07,820,4,1,8,2,Y,A,N,A,H,A,A,08,,01,E,,,,,I,Y,N,A,1,0,0,0,23152.0,1,37.73154067993164,-122.45113372802734,3
2019,2019-07-22,742,7,2,7,1,N,B,Y,A,H,A,A,01,N,08,E,,,,,I,Y,N,D,1,0,0,0,22107.0,1,37.807231903076165,-122.47579956054688,4
2020,2020-04-30,1537,4,1,15,4,Y,A,N,A,H,A,L,04,,12,D,,Y,,,G,N,N,A,1,0,1,0,22450.0,2,37.738529205322266,-122.49365997314452,2
2019,2019-07-13,40,7,2,0,6,N,A,Y,A,H,D,A,01,N,01,B,,,Y,,C,Y,N,D,1,0,0,1,23152.0,2,37.76901245117188,-122.40908050537108,3
2019,2019-07-13,2140,7,2,21,6,N,A,Y,A,H,C,A,07,W,03,C,,,,,C,N,N,D,2,0,0,0,22350.0,2,37.78588485717773,-122.3911590576172,4
2020,2020-04-13,1430,4,1,14,1,N,A,N,A,H,A,A,07,N,01,C,,,,,E,Y,N,D,1,0,0,0,23152.0,2,37.72900390625,-122.38690185546876,4
2020,2020-04-14,1432,4,1,14,2,Y,A,N,A,H,A,A,01,,12,B,,,,,C,N,N,A,1,0,0,0,22450.0,2,37.752540588378906,-122.39266204833984,4
2019,2019-07-13,812,7,2,8,6,N,A,Y,A,H,A,A,01,E,08,E,,,,,I,Y,N,D,1,0,0,0,22107.0,1,37.7848014831543,-122.39292144775392,4
2019,2019-07-13,1100,7,2,11,6,N,A,Y,A,H,A,A,01,E,03,C,,,,,C,Y,N,D,2,0,0,0,22350.0,2,37.79655456542969,-122.37969970703124,3
2019,2019-07-16,1750,7,2,17,2,N,A,Y,A,H,A,A,07,S,03,C,,,,,C,Y,N,D,1,0,0,0,22350.0,3,37.727760314941406,-122.40242767333984,3
2019,2019-07-16,1620,7,2,16,2,N,A,Y,A,H,A,F,26,S,03,C,,,,Y,C,Y,N,D,1,0,0,0,22350.0,2,,,4
2019,2019-07-17,1403,7,2,14,3,N,A,Y,A,H,A,A,01,E,04,C,,,,,C,Y,N,D,2,0,0,0,21703.0,3,37.812984466552734,-122.36213684082033,3