ACCIDENT_YEAR,COLLISION_DATE,COLLISION_TIME,MONTH,SEASON,24HOURS,DAY_OF_WEEK,INTERSECTION,WEATHER_1,STATE_HWY_IND,ROAD_SURFACE,ROAD_COND_1,LIGHTING,STWD_VEHTYPE_AT_FAULT,CHP_VEHTYPE_AT_FAULT,DIRECTION,PCF_VIOL_CATEGORY,TYPE_OF_COLLISION,PEDESTRIAN_ACCIDENT,BICYCLE_ACCIDENT,MOTORCYCLE_ACCIDENT,TRUCK_ACCIDENT,MVIW,TOW_AWAY,HIT_AND_RUN,CONTROL_DEVICE,NUMBER_INJURED,COUNT_PED_INJURED,COUNT_BICYCLIST_INJURED,COUNT_MC_INJURED,PCF_VIOLATION,PARTY_COUNT,POINT_Y,POINT_X,COLLISION_SEVERITY
2019,2019-07-18,1900,7,2,19,4,N,A,Y,A,C,A,A,07,N,03,C,,,,,C,N,N,D,1,0,0,0,22350.0,3,37.71052932739258,-122.46372222900392,4
2019,2019-06-07,1021,6,2,10,5,N,A,Y,A,H,A,A,01,N,03,C,,,,,C,Y,N,D,2,0,0,0,22350.0,4,37.73406982421875,-122.41024017333984,4
2019,2019-06-24,105,6,2,1,1,N,B,Y,A,H,C,A,07,E,01,C,,,,,C,Y,N,D,3,0,0,0,23152.0,2,37.79269790649414,-122.3835906982422,3
2019,2019-07-19,1540,7,2,15,5,N,A,Y,A,H,A,C,02,N,03,C,,,Y,,C,Y,N,D,1,0,0,1,22350.0,2,37.7668342590332,-122.39480590820312,3
2019,2019-07-21,1120,7,2,11,7,N,A,Y,A,H,A,A,01,N,03,C,,,,,C,Y,N,D,2,0,0,0,22350.0,3,37.72481536865234,-122.40152740478516,3
2019,2019-07-20,1822,7,2,18,6,N,A,Y,A,H,A,A,07,N,03,C,,,,,C,Y,N,D,3,0,0,0,22350.0,2,37.77039337158203,-122.39739227294922,4
2019,2019-07-20,15,7,2,0,6,N,A,Y,A,H,C,A,01,E,03,C,,,,,C,Y,N,D,1,0,0,0,22350.0,2,37.816593170166016,-122.35596466064452,3
2019,2019-07-23,1730,7,2,17,2,N,A,Y,A,H,A,A,01,S,03,C,,,,,C,N,N,D,2,0,0,0,22350.0,2,37.72230911254882,-122.40050506591795,4
2019,2019-07-24,639,7,2,6,3,N,A,Y,A,H,A,-,99,N,07,B,,,Y,,C,N,F,D,1,0,0,1,21658.0,2,,,4
2019,2019-07-24,715,7,2,7,3,N,A,Y,A,H,A,C,02,N,03,F,,,Y,,A,Y,N,D,1,0,0,1,22350.0,1,37.73607635498047,-122.40719604492188,3
2019,2019-07-25,2130,7,2,21,4,N,A,Y,A,H,C,A,01,W,03,C,,,,,C,Y,N,D,2,0,0,0,22350.0,2,37.77803802490234,-122.40204620361328,4
2019,2019-07-25,1310,7,2,13,4,N,A,Y,A,H,A,F,27,W,03,C,,,,Y,C,Y,N,D,1,0,0,0,22350.0,3,37.80371475219727,-122.37191009521484,3
2019,2019-07-26,1500,7,2,15,5,N,A,Y,A,H,A,-,- ,W,00,C,,,,,C,N,N,D,1,0,0,0,,2,37.80788803100586,-122.36737060546876,4
2019,2019-07-28,1905,7,2,19,7,N,A,Y,A,H,A,A,07,N,03,C,,,,,C,Y,N,D,1,0,0,0,22350.0,3,37.8145751953125,-122.47814178466795,3
2019,2019-07-27,1305,7,2,13,6,N,A,Y,A,H,A,G,27,E,03,C,,,,Y,C,N,N,D,2,0,0,0,22350.0,2,37.77002716064453,-122.4052963256836,4
2019,2019-07-27,1545,7,2,15,6,N,A,Y,A,H,A,A,08,E,03,C,,,,,C,N,N,D,1,0,0,0,22350.0,3,37.81179428100586,-122.36363220214844,4
2019,2019-07-28,958,7,2,9,7,N,A,Y,A,H,A,A,01,S,03,C,,,,,C,Y,N,D,4,0,0,0,22350.0,2,37.7530517578125,-122.40301513671876,3
2019,2019-07-28,1723,7,2,17,7,N,A,Y,A,H,A,A,07,N,03,C,,,,,C,N,N,D,2,0,0,0,22350.0,5,37.7455940246582,-122.40499877929688,4
2019,2019-08-03,2220,8,2,22,6,N,A,Y,A,H,C,A,07,N,03,C,,,,,C,N,N,D,2,0,0,0,22350.0,2,37.78654098510742,-122.4727020263672,4
2019,2019-07-29,1655,7,2,16,1,N,A,Y,A,H,A,D,22,S,03,C,,,,,C,Y,N,D,2,0,0,0,22350.0,3,37.758255004882805,-122.39223480224608,4
2019,2019-07-25,1545,7,2,15,4,N,A,Y,A,H,A,A,01,S,07,B,,,Y,,C,Y,N,D,1,0,0,1,21658.0,2,37.746952056884766,-122.40438079833984,3
2019,2019-07-30,1725,7,2,17,2,N,A,Y,A,H,A,A,01,S,03,C,,,,,C,Y,N,D,1,0,0,0,22350.0,2,37.744327545166016,-122.40532684326172,4
2019,2019-07-29,1605,7,2,16,1,N,A,Y,A,H,A,A,01,S,07,B,,,,,C,Y,N,D,1,0,0,0,21658.0,2,37.71929931640625,-122.44831085205078,4
2019,2019-07-30,1225,7,2,12,2,N,A,Y,A,H,A,A,07,E,03,C,,,,,C,Y,M,D,1,0,0,0,22350.0,3,37.79043960571289,-122.38585662841795,4
2019,2019-07-13,20,7,2,0,6,N,A,Y,A,H,D,-,- ,N,18,F,,,,,A,Y,N,D,1,0,0,0,,1,37.76347351074219,-122.40522003173828,3
2019,2019-07-31,1130,7,2,11,3,N,B,Y,A,H,A,A,01,W,03,C,,,,,C,Y,N,D,2,0,0,0,22350.0,2,37.78652191162109,-122.3903579711914,3
2019,2019-08-07,1005,8,2,10,3,N,B,Y,A,H,A,A,07,N,07,B,,,,,C,N,N,D,1,0,0,0,21658.0,2,37.803119659423835,-122.45579528808594,4
2019,2019-08-01,1942,8,2,19,4,N,B,Y,A,H,B,-,- ,S,18,C,,,,,C,N,N,D,2,0,0,0,,2,37.720699310302734,-122.44783782958984,4
2019,2019-08-01,810,8,2,8,4,N,B,Y,A,H,A,A,01,W,03,C,,,,,C,Y,N,D,2,0,0,0,22350.0,2,37.80743789672852,-122.36783599853516,4
2019,2019-08-01,750,8,2,7,4,N,B,Y,A,H,A,-,99,S,07,B,,,Y,,C,Y,F,D,1,0,0,1,21658.0,3,37.76573181152344,-122.40519714355467,4
2019,2019-08-01,1125,8,2,11,4,N,B,Y,A,H,A,D,22,S,03,C,,,,,C,N,N,D,2,0,0,0,22350.0,2,37.73395156860352,-122.41046905517578,4
2019,2019-08-07,1710,8,2,17,3,N,A,Y,A,H,A,A,01,S,03,C,,,,,C,Y,N,D,2,0,0,0,22350.0,3,37.754207611083984,-122.40311431884766,4
2019,2019-08-07,1805,8,2,18,3,N,A,Y,A,H,A,A,01,N,03,C,,,,,C,N,N,D,1,0,0,0,22350.0,2,37.753604888916016,-122.40306091308594,4
2019,2019-08-07,1515,8,2,15,3,N,A,Y,A,H,A,C,02,E,03,F,,,Y,,A,Y,N,D,1,0,0,1,22350.0,1,,,2
2019,2019-08-06,1530,8,2,15,2,N,A,Y,A,H,A,A,07,E,03,C,,,,,C,N,N,D,1,0,0,0,22350.0,2,37.79013442993164,-122.38617706298828,4
2019,2019-08-08,2015,8,2,20,4,N,A,Y,A,H,C,A,01,E,03,C,,,,,C,N,N,D,2,0,0,0,22350.0,2,37.78253555297852,-122.39625549316406,4
2019,2019-08-04,35,8,2,0,7,N,B,Y,A,H,D,N,60,S,11,G,Y,,,,B,N,N,D,1,1,0,0,21954.0,2,,,2
2019,2019-08-04,2143,8,2,21,7,N,B,Y,A,H,C,D,22,E,01,B,,,,,C,Y,N,D,1,0,0,0,23152.0,2,37.787445068359375,-122.38915252685548,2
2019,2019-08-08,15,8,2,0,4,N,A,Y,A,H,D,C,02,N,08,E,,,Y,,I,Y,N,D,1,0,0,1,22107.0,1,37.72478485107422,-122.44690704345705,3
2019,2019-08-10,1435,8,2,14,6,N,A,Y,A,H,A,C,02,N,03,F,,,Y,,A,Y,N,D,1,0,0,1,22350.0,1,37.76926040649414,-122.41047668457033,4
2019,2019-08-09,1935,8,2,19,5,N,A,Y,A,H,A,C,02,W,03,B,,,Y,,C,Y,N,D,1,0,0,1,22350.0,2,37.78127670288086,-122.39796447753906,3
2019,2019-08-04,1145,8,2,11,7,N,A,Y,A,H,A,-,- ,N,00,C,,,,,C,N,N,D,1,0,0,0,,2,37.71685791015625,-122.39886474609376,4
2019,2019-08-13,635,8,2,6,2,N,A,Y,A,H,A,A,07,N,03,C,,,,,C,Y,N,D,3,0,0,0,22350.0,2,37.71073913574219,-122.39566802978516,4
2019,2019-08-14,2155,8,2,21,3,N,A,Y,A,H,C,A,07,S,03,C,,,,,C,Y,N,D,3,0,0,0,22350.0,4,37.76996994018555,-122.4177474975586,4
2019,2019-08-11,1045,8,2,10,7,N,A,Y,A,H,A,A,01,S,07,B,,,,,C,Y,N,D,2,0,0,0,21658.0,2,37.78516006469727,-122.39373779296876,3
2019,2019-08-12,110,8,2,1,1,N,A,Y,A,H,D,A,01,S,08,E,,,,,I,Y,N,D,2,0,0,0,22107.0,2,37.790912628173835,-122.47008514404295,4
2019,2019-08-04,1058,8,2,10,7,N,A,Y,A,H,A,A,01,N,08,E,,,,,I,Y,N,D,1,0,0,0,22107.0,1,37.80721282958984,-122.4757843017578,3
2019,2019-08-14,745,8,2,7,3,N,A,Y,A,H,A,C,02,N,03,C,,,Y,,C,Y,N,D,1,0,0,1,22350.0,2,37.74638366699219,-122.40476989746094,3
2019,2019-08-12,1905,8,2,19,1,N,A,Y,A,H,A,A,07,E,07,C,,,Y,,C,Y,N,D,2,0,0,1,21658.0,2,37.81548690795898,-122.35802459716795,3
2019,2019-08-17,222,8,2,2,6,N,A,Y,A,H,C,C,02,S,03,E,,,Y,,I,Y,N,D,2,0,0,2,22350.0,1,37.76993179321289,-122.40834808349608,3
2019,2019-08-17,1000,8,2,10,6,N,A,Y,A,H,A,A,01,E,03,C,,,,,C,N,N,D,1,0,0,0,22350.0,2,37.780757904052734,-122.3986358642578,4
2019,2019-08-14,1755,8,2,17,3,N,A,Y,A,H,A,A,01,N,03,C,,,,,C,Y,N,D,1,0,0,0,22350.0,3,37.75709533691406,-122.40375518798828,4
2019,2019-08-16,1730,8,2,17,5,N,A,Y,A,H,A,A,01,S,03,B,,,,,C,Y,N,D,3,0,0,0,22350.0,3,37.73236083984375,-122.43421936035156,4
2019,2019-08-19,2025,8,2,20,1,N,A,Y,A,H,C,A,01,N,03,C,,,,,C,Y,N,D,3,0,0,0,22350.0,3,37.82046127319336,-122.47875213623048,4
2019,2019-08-12,125,8,2,1,1,N,A,Y,A,H,C,A,01,S,01,C,,,,,C,Y,N,D,1,0,0,0,23152.0,2,37.76947784423828,-122.41396331787108,4
2019,2019-08-17,1020,8,2,10,6,N,A,Y,A,H,A,A,01,S,03,C,,,,,C,N,N,D,1,0,0,0,22350.0,2,37.760887145996094,-122.40623474121094,4
2019,2019-08-17,1955,8,2,19,6,N,A,Y,A,H,B,C,02,N,08,F,,,Y,,A,Y,N,D,1,0,0,1,22107.0,1,37.7324104309082,-122.41371154785156,2
2019,2019-08-16,1555,8,2,15,5,N,A,Y,A,H,A,A,01,N,03,C,,,,,C,Y,N,D,1,0,0,0,22350.0,4,37.72488784790039,-122.40155029296876,4
2019,2019-08-16,1320,8,2,13,5,N,A,Y,A,H,A,A,01,N,03,C,,,,,C,Y,N,D,4,0,0,0,22350.0,6,37.724151611328125,-122.40125274658205,4
2019,2019-08-16,2030,8,2,20,5,N,A,Y,A,H,B,A,01,N,03,C,,,,,C,Y,N,D,2,0,0,0,22350.0,3,,,3
2019,2019-08-15,18,8,2,0,4,N,A,Y,A,H,C,A,01,W,03,C,,,,,C,Y,N,D,1,0,0,0,22350.0,2,37.806148529052734,-122.36924743652344,3
2019,2019-08-22,845,8,2,8,4,N,A,Y,A,H,A,A,01,W,03,C,,,,,C,Y,N,D,1,0,0,0,22350.0,2,37.77740859985352,-122.40241241455078,4
2019,2019-08-22,710,8,2,7,4,N,B,Y,A,H,A,A,01,N,04,C,,,,,C,N,N,D,1,0,0,0,21703.0,2,37.71954727172852,-122.39986419677734,4
2020,2020-05-24,2024,5,1,20,7,Y,A,N,A,H,B,A,01,,09,D,,,,,C,Y,N,A,1,0,0,0,21801.0,2,37.80110931396485,-122.42620086669922,3
2019,2019-08-24,2228,8,2,22,6,N,B,Y,A,H,C,A,01,E,01,C,,,,,C,N,N,D,1,0,0,0,23152.0,2,37.78670883178711,-122.38995361328124,4
2020,2020-05-24,1815,5,1,18,7,Y,A,N,A,H,A,L,04,,17,D,,Y,,,G,N,N,A,1,0,1,0,21200.0,2,37.773750305175774,-122.43245697021484,3
2020,2020-05-24,1631,5,1,16,7,Y,A,N,A,H,A,L,04,,05,D,,Y,,,G,N,N,D,1,0,1,0,21650.0,2,37.765640258789055,-122.4729232788086,4
2020,2020-05-23,1225,5,1,12,6,Y,A,N,A,H,A,A,07,,07,B,,,,,C,N,N,A,1,0,0,0,21658.0,2,37.792388916015625,-122.39862060546876,4
2020,2020-05-22,1533,5,1,15,5,Y,A,N,A,H,A,A,07,,10,G,Y,,,,B,N,N,A,1,1,0,0,21950.0,2,37.7528190612793,-122.40912628173828,2
2020,2020-05-22,1240,5,1,12,5,Y,A,N,A,H,A,A,07,,00,G,Y,,,,B,N,N,D,1,1,0,0,21960.0,2,37.75276184082031,-122.41004180908205,4
2020,2020-05-22,1225,5,1,12,5,N,A,N,A,H,A,A,01,W,03,D,,Y,,,G,N,F,D,1,0,1,0,22350.0,2,37.71540451049805,-122.44078063964844,4
2020,2020-05-21,1140,5,1,11,4,Y,A,N,A,H,C,A,01,,10,G,Y,,,,B,N,N,A,1,1,0,0,21950.0,2,37.78536987304688,-122.44641876220705,4
2020,2020-05-23,1040,5,1,10,6,Y,A,N,A,G,A,L,04,,03,F,,Y,,,A,N,N,D,1,0,1,0,22350.0,1,37.73649978637695,-122.44365692138672,3
2020,2020-05-22,2025,5,1,20,5,N,A,N,A,H,C,A,01,S,03,C,,,,,-,Y,F,D,2,0,0,0,22350.0,3,37.79265594482422,-122.42446136474608,3
2020,2020-05-22,1930,5,1,19,5,Y,A,N,A,H,A,A,01,,09,A,,,,,C,Y,N,A,2,0,0,0,21801.0,2,37.77605819702149,-122.40249633789062,4
2020,2020-05-03,1526,5,1,15,7,N,A,N,A,H,A,A,01,W,03,-,Y,,,,B,N,F,D,1,1,0,0,22350.0,2,37.721134185791016,-122.3916473388672,3
2020,2020-05-03,1439,5,1,14,7,Y,A,N,A,H,A,-,,,10,A,Y,,,,B,N,N,A,1,1,0,0,21950.0,2,37.7836799621582,-122.4892807006836,4
2020,2020-05-06,1640,5,1,16,3,Y,A,N,A,H,A,A,01,,10,G,Y,,,,B,N,N,D,1,1,0,0,21950.0,2,37.7292594909668,-122.40754699707033,4
2020,2020-05-06,347,5,1,3,3,Y,A,N,A,H,C,A,01,,12,-,,,,,C,Y,F,A,3,0,0,0,21453.0,2,37.772510528564446,-122.406982421875,4
2019,2019-08-27,805,8,2,8,2,N,A,Y,A,H,A,A,08,E,03,C,,,,,C,N,N,D,1,0,0,0,22350.0,2,37.79372787475586,-122.38260650634766,4
2020,2020-05-05,2010,5,1,20,2,Y,A,N,A,H,C,A,01,,07,B,,,,,E,Y,N,A,2,0,0,0,21658.0,2,37.76914978027344,-122.45352935791016,4
2020,2020-05-06,835,5,1,8,3,Y,A,N,A,H,A,C,06,,00,D,,,Y,,C,N,N,A,1,0,0,1,21463.0,2,37.78982925415039,-122.41886138916016,4
2020,2020-05-05,855,5,1,8,2,Y,A,N,A,H,A,C,06,,09,B,,,Y,,C,Y,N,A,1,0,0,1,21802.0,2,37.79520034790039,-122.41316986083984,3
2020,2020-05-04,1916,5,1,19,1,Y,A,N,A,H,C,A,01,,12,D,,,,,C,Y,N,A,1,0,0,0,21453.0,2,37.73117065429688,-122.42619323730467,4
2020,2020-05-01,1500,5,1,15,5,Y,A,N,A,H,A,A,01,,09,D,,,Y,,C,N,N,A,1,0,0,1,21804.0,2,37.767608642578125,-122.42893981933594,2
2019,2019-08-27,1339,8,2,13,2,N,A,N,A,H,A,L,04,S,22,F,,Y,,,A,N,N,D,1,0,1,0,,1,37.82461166381836,-122.47907257080078,3
2019,2019-08-22,1915,8,2,19,4,N,A,Y,A,H,A,A,01,N,03,C,,,,,C,Y,N,D,2,0,0,0,22350.0,3,37.732025146484375,-122.4281005859375,4
2020,2020-04-16,1354,4,1,13,4,Y,B,N,A,H,A,A,08,,04,C,,,,,C,N,F,D,1,0,0,0,21703.0,2,,,4
2019,2019-08-27,1815,8,2,18,2,N,A,Y,A,H,A,A,01,S,07,B,,,,,C,Y,N,D,1,0,0,0,21658.0,2,37.76950073242188,-122.41104125976562,4
2019,2019-08-23,2245,8,2,22,5,N,A,Y,A,H,A,A,01,W,03,C,,,,,C,Y,N,D,2,0,0,0,22350.0,4,37.776752471923835,-122.40406036376952,4
2019,2019-08-11,2315,8,2,23,7,N,A,Y,A,H,C,A,01,E,01,C,,,,,C,Y,M,D,1,0,0,0,23152.0,2,37.78838348388672,-122.38823699951172,4
2020,2020-04-20,1024,4,1,10,1,N,B,Y,-,H,A,A,01,N,05,A,,,,,I,Y,N,D,1,0,0,0,21651.0,1,37.7659912109375,-122.47744750976562,4
2019,2019-08-23,645,8,2,6,5,N,A,Y,A,H,B,A,01,W,07,B,,,Y,,C,N,F,D,1,0,0,1,21658.0,3,37.79763412475586,-122.3785400390625,3
2019,2019-08-30,1255,8,2,12,5,N,A,Y,A,H,A,-,- ,S,18,E,,,,,I,Y,N,D,3,0,0,0,,1,37.73173141479492,-122.40440368652344,4
2019,2019-08-31,2225,8,2,22,6,N,A,Y,A,H,C,A,01,E,07,B,,,,,C,Y,N,D,1,0,0,0,21658.0,2,37.809513092041016,-122.36585235595705,3
2020,2020-08-22,750,8,2,7,6,Y,A,Y,A,H,A,A,01,,12,D,,,Y,,C,Y,N,A,1,0,0,1,21453.0,2,37.77638626098633,-122.41944122314452,2
2020,2020-08-24,1546,8,2,15,1,Y,A,N,A,H,A,A,07,,08,D,,,,,C,Y,F,D,1,0,0,0,22107.0,2,37.74974822998047,-122.39627075195312,4
2020,2020-08-26,652,8,2,6,3,Y,A,Y,A,H,A,A,01,,08,D,,,,,C,Y,N,A,2,0,0,0,22101.0,2,37.776958465576165,-122.47198486328124,4
2020,2020-08-10,2043,8,2,20,1,Y,A,Y,A,H,C,A,01,,03,C,,,,,C,N,N,A,1,0,0,0,22350.0,2,37.737651824951165,-122.47539520263672,4
2020,2020-08-11,302,8,2,3,2,N,A,Y,A,H,C,A,07,S,03,A,,,,,I,Y,F,D,1,0,0,0,22350.0,1,37.71717834472656,-122.47274780273438,3
2019,2019-09-02,1345,9,3,13,1,N,A,Y,A,H,A,-,- ,N,18,C,,,,,C,Y,N,D,3,0,0,0,,4,37.75844192504882,-122.40541076660156,3
2019,2019-09-01,1400,9,3,14,7,N,A,Y,A,H,A,C,02,E,08,E,,,Y,,I,N,N,D,1,0,0,1,22107.0,1,37.78376007080078,-122.39289855957033,3
2019,2019-09-03,1920,9,3,19,2,N,A,Y,A,H,A,C,02,W,03,B,,,Y,,C,N,N,D,1,0,0,1,22350.0,2,37.80805587768555,-122.36719512939452,4
2019,2019-09-03,1755,9,3,17,2,N,A,Y,A,H,A,C,02,N,08,F,,,Y,,A,Y,N,D,1,0,0,1,22107.0,1,37.75251007080078,-122.40301513671876,2
2019,2019-09-05,1647,9,3,16,4,N,A,Y,A,H,A,A,01,E,03,C,,,,,C,N,N,D,1,0,0,0,22350.0,2,37.78401184082031,-122.39431762695312,4
2019,2019-09-06,1720,9,3,17,5,N,A,Y,A,H,A,A,01,N,08,E,,,,,I,Y,N,A,1,0,0,0,22107.0,2,37.734107971191406,-122.40975189208984,4
2019,2019-09-06,1600,9,3,16,5,N,A,Y,A,H,A,A,01,N,03,C,,,,,C,Y,N,D,1,0,0,0,22350.0,5,37.80010223388672,-122.46954345703124,4
2019,2019-09-07,2158,9,3,21,6,N,B,Y,A,H,D,A,01,S,08,E,,,,,I,Y,N,D,2,0,0,0,22107.0,1,,,4
2019,2019-09-07,330,9,3,3,6,N,A,Y,A,H,C,A,01,W,08,F,,,,,I,Y,N,D,1,0,0,0,22107.0,1,37.77067565917969,-122.40557098388672,3
2019,2019-07-30,1300,7,2,13,2,N,A,Y,A,H,A,-,- ,W,00,B,,,Y,,C,Y,N,D,1,0,0,1,,2,37.81004333496094,-122.36536407470705,3
2019,2019-09-11,1615,9,3,16,3,N,A,Y,A,H,A,D,22,W,03,C,,,,,C,Y,N,D,2,0,0,0,22350.0,2,37.797828674316406,-122.37832641601562,4
2019,2019-09-03,1440,9,3,14,2,N,A,Y,A,H,A,A,01,W,07,C,,,Y,,C,Y,F,D,1,0,0,1,21658.0,2,37.8131217956543,-122.36194610595705,3
2019,2019-09-10,2055,9,3,20,2,N,A,Y,A,H,B,A,01,E,03,E,,,,,I,Y,N,D,1,0,0,0,22350.0,1,37.77898025512695,-122.40077972412108,3
2019,2019-09-02,605,9,3,6,1,N,A,Y,A,H,D,D,22,W,03,C,,,,,C,Y,F,D,2,0,0,0,22350.0,5,37.71057891845703,-122.46104431152344,4
2019,2019-09-13,835,9,3,8,5,N,A,Y,A,H,A,A,01,S,03,C,,,,,C,Y,N,D,2,0,0,0,22350.0,2,37.72906875610352,-122.4416961669922,4
2019,2019-09-07,1625,9,3,16,6,N,A,Y,A,H,A,A,01,N,08,E,,,,,I,Y,N,D,3,0,0,0,22107.0,1,37.72615814208984,-122.4023208618164,3
2019,2019-09-14,1035,9,3,10,6,N,A,Y,A,H,A,A,01,N,03,C,,,,,C,Y,N,D,5,0,0,0,22350.0,2,37.75614929199219,-122.40331268310548,3
2019,2019-09-13,1640,9,3,16,5,N,A,Y,A,H,A,C,02,N,08,B,,,Y,,C,Y,N,D,1,0,0,1,22107.0,2,37.748321533203125,-122.40357208251952,3
2019,2019-09-13,1100,9,3,11,5,N,A,Y,A,H,A,C,02,E,03,B,,,Y,,C,Y,N,D,1,0,0,1,22350.0,2,37.81273651123047,-122.36269378662108,2
2020,2020-03-26,1357,3,1,13,4,Y,A,N,A,H,A,A,01,,09,D,,,Y,,C,N,N,A,2,0,0,1,21801.0,2,37.72370147705078,-122.45513916015624,4
2019,2019-09-11,1348,9,3,13,3,N,A,Y,A,H,A,A,01,E,07,C,,,,,C,Y,N,D,1,0,0,0,21658.0,2,37.780460357666016,-122.39900970458984,4
2019,2019-09-13,1310,9,3,13,5,N,A,Y,A,H,A,A,07,N,03,C,,,,,C,Y,N,D,1,0,0,0,22350.0,2,37.755027770996094,-122.40297698974608,4
2019,2019-09-14,200,9,3,2,6,N,A,Y,A,H,D,A,01,N,03,E,,,,,I,Y,N,A,4,0,0,0,22350.0,1,37.76985168457031,-122.4054718017578,3
2020,2020-04-11,2011,4,1,20,6,Y,A,N,A,H,C,J,48,,12,D,,,,,C,Y,N,A,1,0,0,0,21453.0,3,37.79104995727539,-122.39913940429688,4
2019,2019-09-16,1330,9,3,13,1,N,A,Y,A,H,A,A,08,N,03,C,,,,,C,Y,N,D,2,0,0,0,22350.0,2,37.7247428894043,-122.40150451660156,4
2019,2019-09-13,1615,9,3,16,5,N,A,Y,A,H,A,C,02,E,21,C,,,Y,,C,Y,N,D,1,0,0,1,22106.0,2,37.81380462646485,-122.36162567138672,3
2019,2019-09-15,1345,9,3,13,7,N,A,Y,A,H,A,A,01,E,03,C,,,,,C,N,N,D,1,0,0,0,22350.0,2,37.79086685180664,-122.38539123535156,4
2019,2019-09-14,1030,9,3,10,6,N,A,Y,A,H,A,C,02,S,03,F,,,Y,,A,N,N,D,1,0,0,1,22350.0,1,37.74649429321289,-122.4047393798828,4
2019,2019-09-20,2325,9,3,23,5,N,A,Y,A,H,D,A,01,S,01,E,,,,,I,Y,N,D,1,0,0,0,23152.0,1,37.76950073242188,-122.40553283691406,3
2019,2019-09-14,1730,9,3,17,6,N,A,Y,A,H,A,A,01,S,03,C,,,,,C,Y,N,D,1,0,0,0,22350.0,3,37.74356842041016,-122.4058837890625,4
2019,2019-09-16,1340,9,3,13,1,N,A,Y,A,H,A,A,07,S,03,C,,,,,C,N,N,D,1,0,0,0,22350.0,2,37.770702362060554,-122.40558624267578,4
2019,2019-09-16,1520,9,3,15,1,N,A,Y,A,H,A,N,60,S,11,G,Y,,,,B,N,N,D,1,1,0,0,21954.0,2,37.73345565795898,-122.41220092773438,2
2020,2020-04-22,1733,4,1,17,3,N,A,N,A,H,A,A,01,E,03,C,,,,,C,N,N,A,2,0,0,0,22350.0,3,37.77424240112305,-122.42863464355467,4
2019,2019-09-16,50,9,3,0,1,N,B,Y,B,H,C,A,07,E,08,E,,,,,I,N,N,D,2,0,0,0,22107.0,1,37.768531799316406,-122.40509796142578,4
2020,2020-04-16,1645,4,1,16,4,Y,A,N,-,H,A,A,01,,12,A,,,,,C,Y,F,A,1,0,0,0,22450.0,2,37.71063995361328,-122.45133209228516,4
2020,2020-04-16,1000,4,1,10,4,Y,A,N,A,H,A,C,03,,05,D,,,Y,,C,N,N,A,1,0,0,1,21650.0,2,37.723609924316406,-122.40078735351562,4
2020,2020-04-15,1215,4,1,12,3,N,A,N,A,H,A,A,01,N,00,D,,,Y,,C,,N,A,1,0,0,1,22658.0,2,37.763648986816406,-122.47720336914062,4
2019,2019-09-17,705,9,3,7,2,N,A,Y,A,H,A,A,07,N,03,C,,,,,C,Y,N,D,1,0,0,0,22350.0,4,37.769397735595696,-122.41154479980467,4
2020,2020-04-21,2108,4,1,21,2,N,A,N,A,H,C,A,01,S,08,B,,,,,C,Y,N,A,2,0,0,0,22107.0,2,37.7279052734375,-122.40218353271484,4
2020,2020-04-12,1115,4,1,11,7,Y,B,N,A,H,A,-,- ,,00,D,,,,,C,Y,F,A,3,0,0,0,,3,37.751739501953125,-122.40619659423828,2
2020,2020-04-27,1645,4,1,16,1,Y,A,N,A,H,A,L,04,,05,D,,Y,,,G,N,N,A,1,0,1,0,21202.0,2,37.72370147705078,-122.43753814697266,4
2020,2020-04-27,1543,4,1,15,1,Y,A,N,A,H,A,A,01,,12,D,,,,,C,Y,F,D,1,0,0,0,22450.0,6,37.73353958129882,-122.38849639892578,4
2020,2020-04-26,1840,4,1,18,7,N,A,N,A,H,A,A,01,S,03,B,,,,,C,N,N,A,1,0,0,0,22350.0,3,37.74237060546875,-122.40575408935548,4
2020,2020-04-26,1746,4,1,17,7,Y,A,N,A,H,A,-,- ,,- ,A,Y,,,,B,N,F,A,1,1,0,0,,2,,,2
2020,2020-04-26,1632,4,1,16,7,N,A,N,A,H,A,A,01,W,08,H,,,Y,,C,N,N,D,1,0,0,1,22107.0,2,37.766151428222656,-122.46129608154295,4
2020,2020-04-29,2,4,1,0,3,Y,A,N,A,H,C,A,01,,12,D,,,,,C,Y,F,A,1,0,0,0,21453.0,2,37.72240829467773,-122.395751953125,3