ACCIDENT_YEAR,COLLISION_DATE,COLLISION_TIME,MONTH,SEASON,24HOURS,DAY_OF_WEEK,INTERSECTION,WEATHER_1,STATE_HWY_IND,ROAD_SURFACE,ROAD_COND_1,LIGHTING,STWD_VEHTYPE_AT_FAULT,CHP_VEHTYPE_AT_FAULT,DIRECTION,PCF_VIOL_CATEGORY,TYPE_OF_COLLISION,PEDESTRIAN_ACCIDENT,BICYCLE_ACCIDENT,MOTORCYCLE_ACCIDENT,TRUCK_ACCIDENT,MVIW,TOW_AWAY,HIT_AND_RUN,CONTROL_DEVICE,NUMBER_INJURED,COUNT_PED_INJURED,COUNT_BICYCLIST_INJURED,COUNT_MC_INJURED,PCF_VIOLATION,PARTY_COUNT,POINT_Y,POINT_X,COLLISION_SEVERITY
2020,2020-07-12,1016,7,2,10,7,N,A,N,A,H,A,A,01,E,03,G,Y,,,,B,N,N,A,1,1,0,0,22350.0,2,37.76805114746094,-122.42839813232422,4
2020,2020-07-08,2313,7,2,23,3,Y,A,N,A,H,C,-,- ,,00,D,,,,,C,Y,N,A,1,0,0,0,,2,37.77840042114258,-122.40989685058594,3
2020,2020-07-03,1400,7,2,14,5,Y,A,N,A,H,A,A,01,,03,C,,,,,C,N,F,A,1,0,0,0,22350.0,2,37.76504898071289,-122.41967010498048,4
2020,2020-07-09,1235,7,2,12,4,N,A,N,A,H,A,A,07,N,00,-,,,,,-,N,N,D,1,0,0,0,22235.0,2,37.78098678588867,-122.42212677001952,4
2020,2020-07-09,1502,7,2,15,4,N,A,N,A,H,A,-,- ,E,00,B,,Y,,,J,N,N,D,1,0,1,0,,2,37.783329010009766,-122.4172821044922,4
2020,2020-07-08,1730,7,2,17,3,Y,A,N,A,H,A,A,01,,07,B,,Y,,,G,N,F,A,1,0,1,0,21658.0,2,37.7622184753418,-122.43949127197266,4
2020,2020-07-08,1840,7,2,18,3,N,A,N,A,H,A,A,01,,08,D,,Y,,,G,N,N,A,1,0,1,0,22107.0,2,37.80643081665039,-122.4360580444336,4
2020,2020-07-08,855,7,2,8,3,Y,A,N,A,A,A,-,- ,,18,E,,,,,I,Y,N,A,1,0,0,0,,1,37.779571533203125,-122.3980712890625,4
2020,2020-07-14,1048,7,2,10,2,Y,A,N,-,H,A,L,04,,09,B,,Y,,,-,N,N,D,1,0,1,0,21804.0,2,,,2
2020,2020-12-19,1329,12,4,13,6,N,A,Y,A,H,A,A,01,N,03,E,,,,,I,Y,M,D,1,0,0,0,22350.0,1,37.75313949584961,-122.39251708984376,4
2020,2020-07-14,1410,7,2,14,2,Y,A,N,A,H,A,A,01,,03,C,,,,,C,N,N,A,1,0,0,0,22350.0,3,37.76408004760742,-122.3930206298828,4
2020,2020-12-23,1540,12,4,15,3,N,A,Y,A,H,A,A,01,S,03,C,,,,,C,N,N,A,1,0,0,0,22350.0,2,37.72085189819336,-122.44780731201172,4
2020,2020-07-07,1552,7,2,15,2,Y,A,N,A,H,A,L,04,,09,D,,Y,,,G,N,N,A,1,0,1,0,21804.0,2,37.772979736328125,-122.4459228515625,4
2020,2020-07-07,1530,7,2,15,2,N,A,N,A,H,A,A,01,S,05,A,,,,,C,Y,N,D,1,0,0,0,21460.0,2,37.81517791748047,-122.3711166381836,3
2020,2020-07-06,1709,7,2,17,1,Y,A,N,A,H,A,C,02,,03,D,,,Y,,C,N,N,D,1,0,0,1,22350.0,2,37.759146,-122.480049,4
2020,2020-07-06,1752,7,2,17,1,Y,A,N,A,H,A,-,- ,,- ,H,,Y,,,A,N,N,D,1,0,1,0,,1,37.79957962036133,-122.44597625732422,3
2020,2020-07-06,1619,7,2,16,1,Y,A,N,A,H,A,L,04,,12,D,,Y,,,G,N,N,A,1,0,1,0,22450.0,2,37.72679901123047,-122.38326263427734,4
2020,2020-07-06,1652,7,2,16,1,N,A,N,A,H,A,A,01,S,03,C,,,,,C,N,N,A,2,0,0,0,22350.0,2,37.77940368652344,-122.44041442871094,4
2020,2020-07-06,1205,7,2,12,1,Y,A,N,A,H,A,A,01,,12,D,,,,,C,Y,N,A,1,0,0,0,21453.0,2,37.77252960205078,-122.41004943847656,4
2020,2020-12-20,1330,12,4,13,7,N,A,Y,A,H,A,C,02,S,08,F,,,Y,,A,Y,N,D,1,0,0,1,22107.0,1,37.7210693359375,-122.44847106933594,4
2020,2020-10-28,1930,10,3,19,3,N,A,Y,A,H,C,A,08,N,03,C,,,,,C,Y,F,D,3,0,0,0,22350.0,3,37.72397232055664,-122.44754028320312,3
2020,2020-11-13,1830,11,3,18,5,N,C,Y,B,H,C,-,99,N,03,G,Y,,,,B,Y,M,D,1,1,0,0,22350.0,2,37.7409553527832,-122.40763092041016,4
2020,2020-12-23,1455,12,4,14,3,N,A,Y,A,H,A,A,01,S,07,B,,,,Y,C,Y,N,D,1,0,0,0,21658.0,2,37.729618072509766,-122.40345001220705,4
2020,2020-12-25,2105,12,4,21,5,N,C,Y,B,H,C,A,01,W,03,E,,,,,I,Y,N,D,1,0,0,0,22350.0,1,37.78430938720703,-122.39331817626952,3
2020,2020-12-25,1326,12,4,13,5,N,C,N,B,H,A,L,04,N,22,H,,Y,,,G,N,N,D,2,0,2,0,,2,37.80930709838867,-122.47750091552734,3
2020,2020-07-21,2135,7,2,21,2,Y,A,N,A,H,C,L,04,,12,D,,Y,,,G,N,N,A,1,0,1,0,22450.0,2,37.75119018554688,-122.40899658203124,3
2020,2020-07-17,1330,7,2,13,5,N,A,N,-,H,A,I,11,W,- ,C,,,,,E,Y,F,D,1,0,0,0,,6,37.74530792236328,-122.39256286621094,4
2020,2020-07-22,1444,7,2,14,3,Y,A,N,A,H,A,D,22,,09,D,,Y,,,G,N,N,A,1,0,1,0,21801.0,2,37.765979766845696,-122.43100738525392,3
2020,2020-07-01,1515,7,2,15,3,N,A,N,A,H,A,N,60,W,11,G,Y,,,,B,N,N,A,1,1,0,0,21954.0,2,37.78560256958008,-122.40601348876952,3
2020,2020-12-29,1945,12,4,19,2,N,A,Y,A,H,C,A,01,W,03,C,,,,,C,Y,N,D,1,0,0,0,22350.0,2,37.77083587646485,-122.40565490722656,4
2020,2020-07-31,1352,7,2,13,5,N,A,N,-,H,A,A,01,N,07,C,,,,,C,N,N,A,1,0,0,0,21658.0,2,37.713165283203125,-122.40071868896484,4
2020,2020-07-22,1235,7,2,12,3,N,A,N,A,H,A,-,- ,S,03,-,,,,,C,N,N,A,2,0,0,0,22350.0,2,37.7579231262207,-122.46377563476562,4
2020,2020-07-07,2500,7,2,25,2,Y,A,N,A,H,C,A,01,,05,A,,,,,C,N,N,A,1,0,0,0,21460.0,2,37.74238967895508,-122.42195892333984,4
2020,2020-12-31,1415,12,4,14,4,N,A,Y,A,H,A,A,07,E,03,C,,,,,C,Y,N,A,2,0,0,0,22350.0,4,37.77899169921875,-122.40084075927734,4
2020,2020-12-30,1200,12,4,12,3,N,A,Y,A,H,A,A,01,W,22,C,,,,Y,C,Y,M,D,1,0,0,0,,3,37.80818176269531,-122.3670654296875,4
2020,2020-12-30,1420,12,4,14,3,N,A,Y,A,H,A,-,99,S,03,C,,,,,C,N,F,D,2,0,0,0,22350.0,2,37.76145553588867,-122.40603637695312,4
2020,2020-07-14,1937,7,2,19,2,N,A,N,A,H,A,C,02,N,05,D,,,Y,,E,N,N,A,1,0,0,1,21650.0,2,37.75358581542969,-122.40537261962892,2
2020,2020-07-15,10,7,2,0,3,N,A,N,A,H,C,A,07,W,03,C,,,,,C,Y,N,A,1,0,0,0,22350.0,4,37.78400039672852,-122.45465850830078,4
2020,2020-07-15,1447,7,2,14,3,Y,A,N,A,H,A,A,01,,03,C,,,,,-,Y,F,D,1,0,0,0,22350.0,5,37.760650634765625,-122.41269683837892,2
2020,2020-07-16,814,7,2,8,4,Y,A,N,A,H,A,A,01,,12,D,,,,,C,Y,N,A,2,0,0,0,21453.0,2,,,4
2020,2020-07-16,1545,7,2,15,4,N,A,N,A,H,A,A,01,N,- ,C,,,,,C,N,N,A,1,0,0,0,,2,37.762542724609375,-122.46405792236328,4
2020,2020-07-16,1800,7,2,18,4,Y,B,N,A,H,A,L,04,,09,B,,Y,,,G,N,N,A,1,0,1,0,21804.0,2,37.771968841552734,-122.45407104492188,3
2020,2020-07-13,1259,7,2,12,1,N,B,N,-,H,A,A,01,N,03,D,,,,,C,Y,N,D,2,0,0,0,22350.0,5,37.73875045776367,-122.5054931640625,3
2020,2020-07-14,755,7,2,7,2,Y,A,N,A,A,A,L,04,,09,D,,Y,,,G,N,N,A,1,0,1,0,21802.0,2,37.741580963134766,-122.40096282958984,4
2020,2020-07-14,858,7,2,8,2,N,A,N,A,H,A,A,01,S,09,B,,,,,C,,N,D,2,0,0,0,21804.0,2,,,4
2020,2020-07-13,1015,7,2,10,1,Y,A,N,A,H,A,C,06,,03,C,,,Y,,-,Y,F,A,1,0,0,1,22350.0,2,37.79917907714844,-122.39775848388672,4
2020,2020-07-11,1312,7,2,13,6,Y,A,N,A,H,A,A,01,,08,A,,,,,C,,N,A,3,0,0,0,22107.0,2,37.74116134643555,-122.39859008789062,3
2020,2020-07-11,2343,7,2,23,6,Y,A,N,A,H,C,A,01,,03,C,,,,,C,Y,N,A,2,0,0,0,22350.0,2,37.732959747314446,-122.40464782714844,4
2020,2020-07-12,949,7,2,9,7,Y,A,N,A,H,A,A,01,,12,D,,,,,C,Y,N,A,1,0,0,0,21453.0,2,37.74272918701172,-122.38800811767578,3
2020,2020-07-13,635,7,2,6,1,Y,B,N,A,H,A,A,01,,12,D,,,,,C,Y,N,D,1,0,0,0,22450.0,2,37.74409103393555,-122.39874267578124,4
2020,2020-07-10,1855,7,2,18,5,Y,A,N,A,H,A,C,03,,11,D,,,Y,,C,N,N,A,1,0,0,1,21950.0,2,37.735939025878906,-122.42449188232422,4
2020,2020-07-11,2228,7,2,22,6,N,A,N,A,H,C,A,01,,12,C,,,,,C,N,F,A,2,0,0,0,22450.0,2,37.728641510009766,-122.4259796142578,4
2020,2020-07-13,338,7,2,3,1,Y,A,N,A,H,C,-,,,01,C,,,,,C,Y,N,A,2,0,0,0,23152.0,2,37.78942108154297,-122.4069366455078,4
2020,2020-07-13,1313,7,2,13,1,Y,A,N,A,H,A,L,04,,03,D,,Y,,,G,N,N,D,1,0,1,0,22350.0,2,37.76108169555664,-122.44098663330078,2
2020,2020-07-13,1552,7,2,15,1,Y,A,N,-,H,A,A,01,,09,D,,,,,D,Y,N,D,2,0,0,0,21800.0,3,37.77648162841797,-122.40194702148438,4
2020,2020-07-03,1146,7,2,11,5,Y,A,N,A,H,A,A,01,,09,H,,,,,C,Y,N,A,1,0,0,0,21801.0,2,37.71051025390625,-122.45491790771484,4
2020,2020-07-04,2301,7,2,23,6,Y,A,N,A,H,C,L,04,,12,D,,Y,,,G,N,F,A,1,0,1,0,22450.0,2,37.719688415527344,-122.42880249023438,4
2020,2020-07-09,106,7,2,1,4,N,A,N,A,H,C,A,01,W,03,C,,,,,E,N,F,D,1,0,0,0,22350.0,2,37.71401596069336,-122.46063232421876,3
2020,2020-07-09,1712,7,2,17,4,N,A,N,A,-,A,A,01,N,08,A,,,,,I,,N,D,1,0,0,0,22107.0,1,37.74187850952149,-122.429931640625,3
2020,2020-07-09,2143,7,2,21,4,Y,A,N,A,H,C,A,01,,09,D,,,,,C,Y,N,A,4,0,0,0,21801.0,2,37.74393081665039,-122.42275238037108,4
2020,2020-07-10,51,7,2,0,5,Y,A,N,A,H,C,A,01,,01,A,,,,,C,N,F,D,1,0,0,0,23152.0,2,37.762519836425774,-122.39749908447266,4
2020,2020-07-10,820,7,2,8,5,Y,A,N,A,H,A,L,04,,12,D,,Y,,,G,N,N,A,1,0,1,0,21453.0,2,37.79677963256836,-122.40068817138672,4
2020,2020-07-10,1804,7,2,18,5,Y,A,N,A,H,A,A,01,,08,B,,Y,,,G,N,F,D,1,0,1,0,22100.0,2,37.77798080444336,-122.4094009399414,4
2020,2020-07-10,2211,7,2,22,5,Y,A,N,A,H,C,-,,,09,D,,Y,,,G,N,N,A,1,0,1,0,21801.0,2,37.76604080200195,-122.47737884521484,3
2020,2020-07-10,2227,7,2,22,5,Y,A,N,A,D,C,N,60,,22,E,Y,,,,I,N,N,D,1,1,0,0,,1,37.78192138671875,-122.45216369628906,2
2020,2020-07-10,2241,7,2,22,5,N,A,N,A,H,C,N,60,E,11,H,Y,,Y,,I,N,N,D,2,0,0,2,21954.0,4,37.74881362915039,-122.40664672851562,2
2020,2020-07-11,1643,7,2,16,6,Y,A,N,A,H,A,A,01,,12,D,,,,,C,Y,N,A,1,0,0,0,21453.0,2,37.777591705322266,-122.45523071289062,4
2020,2020-07-11,1820,7,2,18,6,Y,A,N,A,H,A,A,01,,08,A,,Y,,,G,N,F,D,1,0,1,0,22107.0,2,37.763938903808594,-122.42637634277344,3
2020,2020-07-26,1346,7,2,13,7,Y,A,N,A,H,A,L,04,,03,G,Y,Y,,,B,N,N,D,1,1,0,0,22350.0,2,37.75468063354492,-122.5086669921875,2
2020,2020-07-26,1701,7,2,17,7,Y,A,N,A,H,A,A,01,,21,B,,,,,C,N,F,A,1,0,0,0,22106.0,2,37.76089096069336,-122.43499755859376,4
2020,2020-07-26,1915,7,2,19,7,N,A,N,A,H,A,A,01,E,07,B,,,,,E,Y,N,D,1,0,0,0,21658.0,3,37.77316665649414,-122.47093200683594,4
2020,2020-07-26,2305,7,2,23,7,Y,A,N,A,H,C,A,01,,12,A,,,,,C,N,F,A,1,0,0,0,21453.0,2,37.77605819702149,-122.40249633789062,4
2020,2020-07-28,1510,7,2,15,2,Y,A,N,A,H,A,A,01,,12,D,,,,,C,Y,N,A,2,0,0,0,21453.0,2,37.79573059082031,-122.42350006103516,4
2020,2020-07-27,1750,7,2,17,1,Y,A,N,A,H,A,L,04,,12,D,,Y,,,G,N,N,A,1,0,1,0,21453.0,2,37.78300094604492,-122.41240692138672,4
2020,2020-07-28,1710,7,2,17,2,Y,B,N,A,-,A,A,01,,09,D,,,Y,,D,Y,N,D,1,0,0,1,21804.0,2,37.77560806274414,-122.41548919677734,4
2020,2020-07-28,1742,7,2,17,2,Y,A,N,A,H,A,A,01,,12,D,,Y,,,G,N,F,A,1,0,1,0,21453.0,2,37.80635833740234,-122.41544342041016,4
2020,2020-07-29,1330,7,2,13,3,Y,A,N,A,G,A,-,- ,,00,G,Y,,,,B,N,N,D,1,1,0,0,,2,37.76517868041992,-122.41748809814452,3
2020,2020-07-29,1757,7,2,17,3,Y,A,N,A,H,-,A,01,,09,E,,,,,I,Y,N,A,1,0,0,0,21802.0,2,37.73247909545898,-122.37962341308594,3
2020,2020-07-11,1830,7,2,18,6,Y,A,N,A,H,A,A,08,,12,D,,,,,C,Y,N,-,1,0,0,0,22450.0,2,37.764408111572266,-122.50084686279295,3
2020,2020-07-12,2140,7,2,21,7,Y,A,N,A,H,C,A,01,,08,B,,,Y,,C,Y,N,A,1,0,0,1,22101.0,2,37.75225830078125,-122.41848754882812,4
2020,2020-07-12,2311,7,2,23,7,Y,A,N,A,H,C,-,,,08,E,,,,,I,Y,N,-,2,0,0,0,22107.0,1,,,4
2020,2020-07-01,2204,7,2,22,3,Y,A,N,A,H,C,A,01,,03,B,,,,,E,Y,N,A,4,0,0,0,22350.0,5,,,4
2020,2020-07-05,125,7,2,1,7,Y,A,N,A,H,C,A,01,,09,D,,,,,C,Y,N,A,1,0,0,0,21453.0,2,37.74739074707031,-122.40361785888672,4
2020,2020-07-05,419,7,2,4,7,Y,A,N,A,H,C,-,- ,,00,D,,Y,,,G,N,F,A,1,0,1,0,,2,37.7737693786621,-122.41161346435548,3
2020,2020-07-05,603,7,2,6,7,N,A,N,A,H,B,A,01,,05,A,,,,,C,Y,N,D,2,0,0,0,21752.0,3,,,2
2020,2020-07-05,1701,7,2,17,7,N,A,N,A,C,A,-,- ,W,18,C,,Y,,,J,N,N,D,1,0,1,0,,2,37.72288131713867,-122.39777374267578,3
2020,2020-07-01,808,7,2,8,3,Y,A,N,A,H,A,A,01,,09,D,,,Y,,C,N,N,A,1,0,0,1,21802.0,2,37.78467178344727,-122.4677734375,3
2020,2020-07-01,1419,7,2,14,3,N,A,N,A,H,A,A,01,W,03,C,,,,,C,N,N,A,2,0,0,0,22350.0,2,37.7763671875,-122.3990478515625,4
2020,2020-07-02,730,7,2,7,4,Y,A,N,A,H,A,A,01,,10,G,Y,,,,B,N,N,A,1,1,0,0,21950.0,2,37.73741149902344,-122.46833038330078,3
2020,2020-07-02,827,7,2,8,4,Y,A,N,A,H,A,N,60,,11,G,Y,,,,B,N,N,A,1,1,0,0,21954.0,2,37.78744888305664,-122.4149932861328,3
2020,2020-07-02,1110,7,2,11,4,Y,A,N,-,H,A,-,- ,,00,D,,,,,C,N,N,A,1,0,0,0,,2,37.72795867919922,-122.40193939208984,4
2020,2020-07-02,1126,7,2,11,4,N,A,N,A,H,A,L,04,E,05,D,,Y,,,G,N,N,A,1,0,1,0,21650.0,2,37.77713394165039,-122.41043090820312,4
2020,2020-07-02,1657,7,2,16,4,N,A,N,A,H,A,C,03,W,06,D,,Y,Y,,-,N,N,D,2,0,1,1,21750.0,2,37.77954864501953,-122.42444610595705,3
2020,2020-07-02,2010,7,2,20,4,N,A,N,A,H,A,A,01,S,21,C,,,,,C,N,N,D,1,0,0,0,22106.0,2,37.765937805175774,-122.46534729003906,4
2020,2020-07-03,1248,7,2,12,5,Y,A,N,A,H,A,A,01,,04,F,,,,,-,N,N,A,1,0,0,0,21703.0,1,37.762638092041016,-122.43515777587892,3
2020,2020-07-03,1611,7,2,16,5,Y,A,N,A,H,A,A,01,,03,C,,,Y,,C,Y,F,D,1,0,0,1,22350.0,2,37.74974822998047,-122.39627075195312,4
2020,2020-07-03,1730,7,2,17,5,Y,A,N,A,H,A,A,01,,12,D,,,,,C,N,N,A,1,0,0,0,22450.0,2,37.75368118286133,-122.4343032836914,4
2020,2020-07-05,16,7,2,0,7,Y,A,N,A,-,C,A,01,,10,G,Y,,,,B,N,M,D,1,1,0,0,21950.0,2,37.732288360595696,-122.3896026611328,4
2020,2020-06-27,1330,6,2,13,6,N,A,Y,A,H,A,A,01,N,08,D,,,,,C,Y,F,D,1,0,0,0,22107.0,2,37.710182189941406,-122.39554595947266,2
2020,2020-07-31,1149,7,2,11,5,N,A,N,A,H,A,A,01,N,08,B,,,,,E,Y,N,A,1,0,0,0,22107.0,2,37.7726936340332,-122.41026306152344,3
2020,2020-07-31,1556,7,2,15,5,Y,A,N,A,H,A,A,01,,03,C,,,,,C,N,F,A,1,0,0,0,22350.0,2,37.72208023071289,-122.45011901855467,4
2020,2020-07-30,1210,7,2,12,4,Y,A,N,A,H,A,A,01,,03,C,,,,,C,N,F,A,1,0,0,0,22350.0,2,37.769630432128906,-122.42639923095705,4
2020,2020-07-23,140,7,2,1,4,Y,A,N,A,H,C,A,01,,01,C,,,,,C,N,N,A,2,0,0,0,23152.0,2,37.71150970458984,-122.46704864501952,4
2020,2020-07-22,1225,7,2,12,3,Y,A,N,A,H,A,A,01,,08,C,,Y,,,G,N,F,A,1,0,1,0,22107.0,2,37.77383804321289,-122.43929290771484,4
2020,2020-07-22,639,7,2,6,3,Y,B,N,A,H,A,L,04,,08,B,,Y,,,-,N,N,A,1,0,1,0,22107.0,2,37.75683975219727,-122.40670013427734,3
2020,2020-07-21,1928,7,2,19,2,N,B,N,A,H,B,A,01,N,17,B,,Y,,,G,N,N,A,1,0,1,0,22517.0,2,37.76401138305664,-122.42180633544922,4
2020,2020-07-04,2346,7,2,23,6,Y,A,N,A,H,C,A,07,,00,D,,,,,C,Y,F,A,3,0,0,0,22345.0,3,37.75511169433594,-122.4242935180664,3
2020,2020-07-04,2327,7,2,23,6,Y,A,N,A,H,C,A,01,,17,D,,,Y,,C,Y,F,A,1,0,0,1,21657.0,2,37.7846794128418,-122.3978271484375,3
2020,2020-07-04,1844,7,2,18,6,Y,A,N,A,H,B,A,01,,12,D,,,,,C,Y,F,A,3,0,0,0,22450.0,3,37.73292922973633,-122.38903045654295,3
2020,2020-07-04,1750,7,2,17,6,Y,A,N,A,H,A,C,03,,03,H,,,Y,,-,N,N,-,1,0,0,1,22350.0,1,37.76010894775391,-122.4703369140625,3
2020,2020-07-04,1259,7,2,12,6,N,A,N,A,H,A,A,01,W,08,B,,Y,,,G,N,N,D,1,0,1,0,22107.0,2,37.77903366088867,-122.51316833496094,3
2020,2020-07-04,1025,7,2,10,6,Y,A,N,A,H,A,-,,,17,B,,,,,E,N,N,A,1,0,0,0,22517.0,2,37.779571533203125,-122.3980712890625,4
2020,2020-07-03,1923,7,2,19,5,N,A,N,A,H,A,L,04,S,09,A,,Y,,,G,N,N,D,1,0,1,0,21804.0,2,37.76493453979492,-122.4631576538086,4
2020,2020-07-29,2332,7,2,23,3,Y,A,N,A,H,C,A,01,,12,D,,,,,C,Y,F,D,1,0,0,0,22450.0,5,37.71931076049805,-122.43238830566406,2
2020,2020-07-29,1200,7,2,12,3,Y,A,N,A,H,A,A,08,,08,D,,,Y,,C,Y,N,D,1,0,0,1,22107.0,2,37.75695037841797,-122.42032623291016,2
2020,2020-07-31,2116,7,2,21,5,Y,A,N,A,H,C,-,,,05,A,,Y,,,G,N,N,A,2,0,1,0,21651.0,2,37.77254867553711,-122.42262268066406,2
2020,2020-07-27,610,7,2,6,1,Y,A,N,A,H,A,-,,,08,D,,,,,C,N,F,A,1,0,0,0,22101.0,2,37.78923034667969,-122.3951416015625,4
2020,2020-07-19,1915,7,2,19,7,Y,B,N,A,H,A,C,02,,01,F,,,Y,,I,Y,N,A,1,0,0,1,23152.0,1,37.71717834472656,-122.47271728515624,4
2020,2020-07-19,1824,7,2,18,7,Y,A,N,A,H,A,L,04,,12,D,,Y,,,G,N,N,D,1,0,1,0,22450.0,2,37.78437042236328,-122.47425842285156,4
2020,2020-07-19,841,7,2,8,7,N,B,N,B,H,A,A,01,N,03,D,,,,,E,Y,F,D,2,0,0,0,22350.0,4,37.724708557128906,-122.40122985839844,3
2020,2020-07-18,2116,7,2,21,6,Y,A,N,A,H,C,A,01,,05,A,,,,,C,Y,F,D,1,0,0,0,21651.0,2,37.730781555175774,-122.42925262451172,3
2020,2020-07-18,1728,7,2,17,6,Y,A,N,A,-,A,A,07,,09,B,,Y,,,G,N,N,A,1,0,1,0,21801.0,2,37.78133010864258,-122.45887756347656,4
2020,2020-07-18,1134,7,2,11,6,N,A,N,A,G,A,L,04,S,03,E,,Y,,,I,N,N,D,2,0,2,0,22350.0,2,37.812156677246094,-122.37132263183594,4
2020,2020-07-18,1000,7,2,10,6,Y,A,N,A,H,A,A,01,,12,H,,,Y,,A,Y,M,D,1,0,0,1,22450.0,2,37.7166404724121,-122.39984893798828,3
2020,2020-07-18,759,7,2,7,6,Y,A,N,A,H,A,L,04,,03,F,,Y,,,I,N,N,A,1,0,1,0,22350.0,1,37.7783317565918,-122.42664337158205,3
2020,2020-07-17,2058,7,2,20,5,Y,A,N,A,G,C,L,04,,03,G,Y,Y,,,B,N,F,D,1,1,0,0,22350.0,2,37.75902938842773,-122.42591857910156,2
2020,2020-07-17,2251,7,2,22,5,Y,A,N,A,H,C,L,04,,03,C,,Y,,,E,N,N,-,1,0,1,0,22350.0,2,37.75912857055664,-122.49292755126952,3
2020,2020-07-17,2053,7,2,20,5,Y,A,N,A,H,C,-,- ,,00,H,,,Y,,C,N,F,A,1,0,0,1,,2,37.76539993286133,-122.47833251953124,2
2020,2020-07-17,1859,7,2,18,5,Y,A,N,A,H,A,A,01,,12,D,,,,,C,Y,N,A,1,0,0,0,21453.0,2,37.78144073486328,-122.41715240478516,4
2020,2020-07-17,904,7,2,9,5,Y,A,N,A,H,A,L,04,,03,D,,Y,,,G,N,N,A,1,0,1,0,22350.0,2,37.754581451416016,-122.4064712524414,4
2020,2020-07-17,708,7,2,7,5,N,A,N,A,H,A,A,01,W,03,F,,,,,I,Y,N,A,1,0,0,0,22350.0,1,37.712989807128906,-122.47324371337892,4
2020,2020-07-15,1930,7,2,19,3,N,A,N,A,H,C,-,,,21,C,,,,,C,N,F,D,1,0,0,0,22106.0,3,,,4
2020,2020-07-15,1816,7,2,18,3,Y,A,N,A,H,A,-,- ,,09,D,,,,,C,Y,N,A,2,0,0,0,21802.0,2,37.739288330078125,-122.40026092529295,3
2020,2020-12-29,2317,12,4,23,2,N,A,Y,A,D,D,A,01,S,03,C,,,,,C,Y,M,D,2,0,0,0,22350.0,4,37.75084686279297,-122.40333557128906,3
2020,2020-07-15,1636,7,2,16,3,-,A,N,A,H,A,D,22,,17,B,,Y,,,G,N,N,D,1,0,1,0,22517.0,2,37.77663803100586,-122.43984222412108,4
2020,2020-07-01,1013,7,2,10,3,Y,A,N,A,H,A,A,01,,12,D,,,,,C,N,N,A,1,0,0,0,21453.0,2,37.79104995727539,-122.39913940429688,4
2020,2020-07-28,1108,7,2,11,2,Y,A,N,A,H,A,I,20,,07,B,,Y,,,G,N,N,A,1,0,1,0,21658.0,2,,,3
2020,2020-07-28,1402,7,2,14,2,Y,A,N,A,H,A,F,55,,10,G,Y,,,Y,B,N,N,A,1,1,0,0,21950.0,2,,,4
2020,2020-07-11,2206,7,2,22,6,Y,A,N,A,H,C,A,01,,01,C,,,,,E,Y,N,D,1,0,0,0,23152.0,3,37.71035003662109,-122.44837188720705,4
2020,2020-06-26,2149,6,2,21,5,Y,A,N,A,H,C,A,01,,09,D,,,,,C,Y,N,A,2,0,0,0,21800.0,3,37.74802017211913,-122.42247772216795,4
2020,2020-08-08,1510,8,2,15,6,N,A,Y,A,H,C,-,- ,N,18,E,Y,,,,J,N,F,D,0,0,0,0,,5,37.73136901855469,-122.43475341796876,1
2020,2020-11-16,1344,11,3,13,1,N,A,Y,A,H,A,C,02,W,08,E,,,Y,,I,Y,N,D,0,0,0,0,22107.0,1,37.806297302246094,-122.36908721923828,1
2020,2020-05-26,905,5,1,9,2,Y,A,N,A,H,A,A,01,,17,F,,Y,,,G,N,N,A,1,0,1,0,21461.0,2,37.77254867553711,-122.42262268066406,3
2020,2020-05-07,2200,5,1,22,4,N,A,N,A,H,C,A,01,N,03,C,,,,,C,N,F,A,1,0,0,0,22350.0,2,37.77390670776367,-122.4241180419922,4
2020,2020-08-04,1105,8,2,11,2,N,B,N,B,H,A,-,,E,03,C,,,,,C,Y,N,A,1,0,0,0,22350.0,2,37.71139144897461,-122.45889282226562,4
2020,2020-07-24,1447,7,2,14,5,N,A,Y,A,H,A,C,02,S,04,C,,,Y,,C,Y,N,D,1,0,0,1,21703.0,2,37.76318740844727,-122.47723388671876,2
2019,2019-04-28,1845,4,1,18,7,N,A,Y,A,H,A,A,08,E,03,C,,,,,C,N,N,D,1,0,0,0,22350.0,2,37.78831481933594,-122.38819122314452,4