ACCIDENT_YEAR,COLLISION_DATE,COLLISION_TIME,MONTH,SEASON,24HOURS,DAY_OF_WEEK,INTERSECTION,WEATHER_1,STATE_HWY_IND,ROAD_SURFACE,ROAD_COND_1,LIGHTING,STWD_VEHTYPE_AT_FAULT,CHP_VEHTYPE_AT_FAULT,DIRECTION,PCF_VIOL_CATEGORY,TYPE_OF_COLLISION,PEDESTRIAN_ACCIDENT,BICYCLE_ACCIDENT,MOTORCYCLE_ACCIDENT,TRUCK_ACCIDENT,MVIW,TOW_AWAY,HIT_AND_RUN,CONTROL_DEVICE,NUMBER_INJURED,COUNT_PED_INJURED,COUNT_BICYCLIST_INJURED,COUNT_MC_INJURED,PCF_VIOLATION,PARTY_COUNT,POINT_Y,POINT_X,COLLISION_SEVERITY
2020,2020-10-09,1739,10,3,17,5,N,A,N,A,H,A,C,02,N,09,D,,,Y,,C,N,N,A,1,0,0,1,21453.0,2,37.7916145324707,-122.41242218017578,4
2020,2020-10-09,1622,10,3,16,5,N,A,N,A,H,A,-,- ,W,18,A,,,,,E,Y,N,D,2,0,0,0,,4,37.72866821289063,-122.3815689086914,2
2020,2020-10-09,1415,10,3,14,5,N,A,N,A,H,A,A,01,N,05,A,,,,,C,Y,F,A,1,0,0,0,21650.0,2,37.748268127441406,-122.41592407226562,3
2020,2020-10-09,1229,10,3,12,5,Y,A,N,A,H,A,-,99,,12,B,,,,,E,Y,F,A,1,0,0,0,21453.0,3,37.76192855834961,-122.40721893310548,4
2020,2020-10-09,504,10,3,5,5,Y,A,N,A,H,C,A,07,,07,E,,,,,I,Y,N,A,1,0,0,0,21658.0,1,37.767608642578125,-122.42893981933594,4
2020,2020-10-22,1603,10,3,16,4,N,A,N,A,H,A,A,01,W,03,C,,,,,C,N,F,A,2,0,0,0,22350.0,2,37.740970611572266,-122.4015884399414,4
2020,2020-10-22,1336,10,3,13,4,N,A,N,A,H,A,A,01,S,03,C,,,,,C,N,N,A,1,0,0,0,22350.0,3,37.791622161865234,-122.40419769287108,4
2020,2020-10-22,1312,10,3,13,4,N,A,N,A,H,A,A,01,W,03,E,,,,,I,Y,N,A,2,0,0,0,22350.0,1,37.764408111572266,-122.43010711669922,4
2020,2020-10-15,805,10,3,8,4,Y,A,N,A,H,B,N,60,,11,G,Y,,,,B,N,N,D,1,1,0,0,21950.0,2,37.73017120361328,-122.39897918701172,3
2020,2020-10-20,2326,10,3,23,2,N,A,N,A,H,C,A,01,E,- ,A,,,,,E,Y,N,D,1,0,0,0,,3,37.728515625,-122.3728256225586,3
2020,2020-10-20,2025,10,3,20,2,Y,A,N,A,H,C,N,60,,11,G,Y,,,,B,N,N,A,1,1,0,0,21954.0,2,37.777191162109375,-122.46507263183594,3
2020,2020-10-20,1835,10,3,18,2,Y,A,N,A,H,B,L,04,,12,D,,Y,,,G,N,F,A,1,0,1,0,21453.0,2,37.79288864135742,-122.40277099609376,3
2020,2020-10-20,1458,10,3,14,2,Y,A,N,A,H,A,A,01,,12,D,,,Y,,C,Y,N,A,2,0,0,2,21453.0,3,37.789398193359375,-122.4222412109375,4
2020,2020-10-20,1425,10,3,14,2,Y,A,N,A,H,A,A,01,,09,D,,,Y,,C,Y,N,A,2,0,0,1,21804.0,2,37.74689865112305,-122.42697143554688,3
2020,2020-10-19,2120,10,3,21,1,Y,A,N,A,H,C,C,03,,17,B,,,Y,,C,N,N,A,1,0,0,1,21235.0,2,37.780269622802734,-122.41860198974608,3
2020,2020-10-19,1337,10,3,13,1,N,A,N,A,H,A,-,,E,17,H,,Y,,,G,Y,N,A,1,0,1,0,22517.0,2,37.773197174072266,-122.43691253662108,4
2020,2020-10-20,909,10,3,9,2,Y,A,N,A,H,A,A,01,,21,G,Y,,,,B,N,F,D,1,1,0,0,22106.0,2,37.78099822998047,-122.43560791015624,4
2020,2020-10-17,2150,10,3,21,6,Y,A,N,A,H,C,-,,,03,G,Y,,,,-,N,F,A,1,1,0,0,22350.0,2,37.78256988525391,-122.41568756103516,3
2020,2020-10-22,2015,10,3,20,4,N,A,N,-,H,C,A,01,E,06,B,,,,,A,Y,F,D,1,0,0,0,21750.0,2,37.714309692382805,-122.40827941894533,4
2020,2020-10-22,2035,10,3,20,4,Y,A,N,-,H,C,A,01,,12,A,,,,,C,Y,F,A,2,0,0,0,21453.0,2,,,4
2020,2020-10-22,2003,10,3,20,4,Y,A,N,-,H,C,A,01,,12,D,,,,,E,Y,F,D,2,0,0,0,22450.0,7,37.72998046875,-122.3888702392578,3
2020,2020-10-22,1308,10,3,13,4,Y,A,N,A,H,A,L,04,,08,D,,Y,,,C,N,N,A,1,0,1,0,22107.0,2,37.78520965576172,-122.39405822753906,2
2020,2020-10-06,1143,10,3,11,2,Y,A,N,-,H,A,M,94,,- ,D,,,Y,,C,N,N,A,1,0,0,0,,2,37.77252960205078,-122.41004943847656,2
2020,2020-10-06,900,10,3,9,2,N,A,N,A,H,A,A,01,E,- ,A,,,,,C,Y,N,A,1,0,0,0,,2,37.730781555175774,-122.45789337158205,4
2020,2020-10-05,815,10,3,8,1,Y,E,N,A,H,A,-,- ,,12,D,,,,,C,Y,F,A,1,0,0,0,21453.0,2,37.73482894897461,-122.39076995849608,4
2020,2020-10-04,1435,10,3,14,7,Y,A,N,A,H,A,N,60,,11,H,Y,,Y,,B,N,N,A,1,1,0,0,21453.0,2,37.784038543701165,-122.41934967041016,4
2020,2020-10-03,1200,10,3,12,6,Y,A,N,A,H,A,-,- ,,00,G,Y,,,,B,N,N,A,1,1,0,0,,2,37.77798080444336,-122.4094009399414,3
2020,2020-10-07,2057,10,3,20,3,Y,A,N,-,H,C,N,60,,11,G,Y,,,,B,N,N,A,1,1,0,0,21955.0,2,37.77745819091797,-122.41316223144533,4
2020,2020-10-07,1953,10,3,19,3,Y,A,N,-,H,A,-,- ,,00,D,,,,,C,Y,N,A,2,0,0,0,22145.0,2,37.74903106689453,-122.431640625,3
2020,2020-10-07,1908,10,3,19,3,Y,A,N,-,H,C,L,04,,00,D,,Y,,,G,N,N,A,1,0,1,0,21002.0,2,37.76464080810546,-122.42643737792967,4
2020,2020-08-20,954,8,2,9,4,Y,A,N,-,H,A,A,01,,12,D,,,,,C,Y,N,A,1,0,0,0,21453.0,2,37.78432083129882,-122.43457794189452,4
2020,2020-10-21,1702,10,3,17,3,N,A,N,A,H,A,J,49,E,08,C,,,,,C,N,N,A,1,0,0,0,22107.0,2,37.77449035644531,-122.4342041015625,4
2020,2020-10-06,1806,10,3,18,2,Y,A,N,A,H,A,N,60,,11,G,Y,,,,B,N,N,A,1,1,0,0,21950.0,2,37.753700256347656,-122.42080688476562,4
2020,2020-10-06,1005,10,3,10,2,Y,A,N,A,H,A,A,01,,12,D,,,,Y,C,Y,N,A,3,0,0,0,21453.0,3,37.787330627441406,-122.43856811523438,4
2020,2020-10-24,1950,10,3,19,6,N,A,N,A,H,C,C,03,W,03,C,,,Y,,C,N,N,D,1,0,0,1,22350.0,2,37.77473449707031,-122.42481231689452,2
2020,2020-10-11,2131,10,3,21,7,Y,A,N,A,H,C,-,- ,,07,B,,,,Y,C,N,N,A,1,0,0,0,21658.0,2,37.73799896240234,-122.4069595336914,4
2020,2020-10-12,1416,10,3,14,1,N,A,N,A,H,A,D,22,E,- ,C,,,,,C,N,N,D,1,0,0,0,,2,37.75757598876953,-122.43658447265624,3
2020,2020-10-31,1410,10,3,14,6,Y,A,N,A,D,A,D,22,,08,D,Y,,,,C,Y,N,A,2,1,0,0,22101.0,4,37.7781982421875,-122.39195251464844,4
2020,2020-10-30,1855,10,3,18,5,N,A,N,A,H,C,I,20,E,04,C,,Y,,,G,N,F,A,1,0,1,0,21703.0,2,37.775238037109375,-122.41917419433594,4
2020,2020-10-31,930,10,3,9,6,N,A,N,A,H,A,D,22,E,10,G,Y,,,,B,N,N,A,1,1,0,0,21950.0,2,37.76351165771485,-122.47816467285156,4
2020,2020-10-23,1208,10,3,12,5,N,A,N,A,H,A,L,04,E,09,D,,Y,,,G,N,N,D,1,0,1,0,21804.0,2,,,3
2020,2020-10-23,624,10,3,6,5,Y,A,N,A,H,C,D,22,,04,C,,,,,C,N,N,A,1,0,0,0,21703.0,2,37.78071975708008,-122.47234344482422,4
2020,2020-10-29,1409,10,3,14,4,N,A,N,A,H,A,L,04,W,05,A,,Y,,Y,-,N,N,D,2,0,2,0,21650.0,3,37.76825714111328,-122.42052459716795,3
2020,2020-10-25,2045,10,3,20,7,N,A,N,A,H,C,A,01,N,21,H,,,Y,,C,N,N,A,1,0,0,1,22106.0,2,37.763710021972656,-122.47721099853516,4
2020,2020-10-25,1520,10,3,15,7,Y,A,N,A,-,A,A,01,,10,G,Y,,,,B,N,N,A,1,1,0,0,21950.0,2,37.77872085571289,-122.4721908569336,4
2020,2020-10-25,1154,10,3,11,7,N,A,N,A,H,A,L,04,S,09,D,,Y,,,G,N,N,A,1,0,1,0,21804.0,2,37.772708892822266,-122.42549896240234,4
2020,2020-10-25,832,10,3,8,7,Y,A,N,A,H,A,L,04,,03,D,,Y,,,-,N,N,A,1,0,1,0,22350.0,2,37.72721862792969,-122.41542816162108,4
2020,2020-10-24,1830,10,3,18,6,Y,A,N,A,H,C,A,01,,03,C,,,,,C,N,F,D,2,0,0,0,22350.0,2,37.79104995727539,-122.39913940429688,4
2020,2020-10-19,1430,10,3,14,1,N,A,N,A,H,A,A,01,S,01,E,Y,,,,I,Y,F,D,1,1,0,0,23153.0,2,37.76178359985352,-122.41936492919922,3
2020,2020-10-18,1319,10,3,13,7,N,A,N,A,H,A,C,03,E,06,B,,,Y,,C,N,N,D,1,0,0,1,21750.0,2,37.77859878540039,-122.47480010986328,4
2020,2020-10-18,1128,10,3,11,7,N,A,N,A,H,A,A,01,S,21,B,Y,,,,E,N,N,D,1,1,0,0,22106.0,3,37.78570175170898,-122.4112548828125,4
2020,2020-10-18,344,10,3,3,7,Y,A,N,A,H,C,A,01,,12,D,,,,,C,Y,N,A,2,0,0,0,21453.0,2,37.7635612487793,-122.47720336914062,3
2020,2020-10-08,1946,10,3,19,4,Y,A,N,A,H,C,-,- ,,00,G,Y,,,,B,N,N,D,1,1,0,0,,2,37.77033996582031,-122.43685913085938,2
2020,2020-10-08,1134,10,3,11,4,N,A,N,A,H,A,C,02,W,03,F,,,Y,,I,,N,D,1,0,0,1,22350.0,1,37.78476333618164,-122.50180053710938,4
2020,2020-10-08,1104,10,3,11,4,Y,A,N,A,H,A,A,01,,12,D,,,,,C,N,N,D,2,0,0,0,22450.0,2,37.74961853027344,-122.40885925292967,4
2020,2020-10-08,48,10,3,0,4,Y,A,N,A,H,C,N,60,,11,G,Y,,,,B,,N,A,1,1,0,0,21955.0,2,37.78329849243164,-122.41751861572266,4
2020,2020-10-05,1507,10,3,15,1,Y,A,N,A,-,A,L,04,,06,C,,Y,,,G,N,N,-,1,0,1,0,21755.0,2,37.78329849243164,-122.41751861572266,3
2020,2020-10-06,943,10,3,9,2,N,A,N,A,H,A,A,01,S,03,C,,,,,C,N,F,D,1,0,0,0,22350.0,2,37.73435592651367,-122.41170501708984,4
2020,2020-10-12,1509,10,3,15,1,N,A,N,A,H,A,C,02,E,06,G,Y,,Y,,B,N,F,D,1,1,0,0,21755.0,2,37.71318817138672,-122.45888519287108,2
2020,2020-10-11,1854,10,3,18,7,Y,A,N,A,H,C,A,07,,21,G,Y,,,,B,N,N,A,1,1,0,0,22106.0,2,37.7618408203125,-122.41937255859376,3
2020,2020-10-11,1718,10,3,17,7,Y,A,N,A,H,A,D,22,,09,D,,,,,C,N,N,D,1,0,0,0,21801.0,2,37.80607986450195,-122.43988037109376,4
2020,2020-10-11,1653,10,3,16,7,Y,A,N,A,H,A,L,04,,12,D,,Y,,,G,N,N,A,1,0,1,0,22450.0,2,37.7489013671875,-122.433837890625,4
2020,2020-10-11,1606,10,3,16,7,Y,A,N,A,H,A,A,01,,12,D,,,,,C,N,N,D,1,0,0,0,22450.0,2,37.72710800170898,-122.42086029052734,4
2020,2020-10-13,1459,10,3,14,2,N,A,N,A,-,A,A,01,S,03,A,,,,,C,Y,F,-,1,0,0,0,22350.0,2,37.73627853393555,-122.3808822631836,4
2020,2020-10-11,1433,10,3,14,7,Y,A,N,A,H,A,A,01,,03,A,,,,,I,,N,A,1,0,0,0,22350.0,1,37.771728515625,-122.41692352294922,3
2020,2020-10-13,755,10,3,7,2,N,A,N,A,H,A,D,22,N,08,A,,Y,,,G,N,N,D,1,0,1,0,22103.0,2,37.765403747558594,-122.44770050048828,4
2020,2020-10-31,2015,10,3,20,6,Y,A,N,A,H,C,A,01,,03,C,,,,,E,Y,F,A,1,0,0,0,22350.0,4,37.75439834594727,-122.40927886962892,4
2020,2020-10-31,1538,10,3,15,6,N,A,N,A,H,A,A,01,S,03,G,Y,,,,B,N,F,D,1,1,0,0,22350.0,3,37.78134536743164,-122.41544342041016,3
2020,2020-10-31,956,10,3,9,6,-,A,N,A,H,A,A,01,,11,G,Y,,,,B,N,N,D,1,1,0,0,21950.0,2,,,3
2020,2020-10-30,1844,10,3,18,5,N,A,N,A,H,C,A,01,S,08,D,,,Y,,C,N,N,D,1,0,0,1,22107.0,2,37.72480010986328,-122.46123504638672,4
2020,2020-10-30,1739,10,3,17,5,Y,A,N,A,H,A,D,22,,08,-,,,,,C,N,N,A,1,0,0,0,22107.0,2,37.74314880371094,-122.42150115966795,4
2020,2020-10-30,848,10,3,8,5,Y,A,N,A,H,A,A,01,,09,D,,,,,C,Y,N,A,2,0,0,0,21801.0,2,37.723140716552734,-122.43596649169922,4
2020,2020-10-28,905,10,3,9,3,N,A,N,A,H,A,A,01,E,- ,D,,,,,C,Y,N,A,1,0,0,0,,2,37.72887420654297,-122.49212646484376,3
2020,2020-10-31,2125,10,3,21,6,Y,A,N,A,H,C,A,01,,12,D,,,,,C,Y,F,A,2,0,0,0,21453.0,2,37.78752899169922,-122.42183685302734,4
2020,2020-10-31,1750,10,3,17,6,Y,A,N,A,H,A,C,02,,06,B,,,Y,,C,N,N,A,1,0,0,1,21750.0,2,37.806400299072266,-122.43743896484376,3
2020,2020-10-31,1717,10,3,17,6,Y,A,N,A,H,A,A,01,,10,G,Y,,,,B,N,N,-,1,1,0,0,21950.0,2,37.77241897583008,-122.43557739257812,4
2020,2020-10-30,2153,10,3,21,5,Y,A,N,A,H,C,A,01,,03,C,,Y,,,G,N,F,A,1,0,1,0,22350.0,2,37.7315788269043,-122.4365234375,3
2020,2020-10-11,1300,10,3,13,7,Y,A,N,A,H,A,A,07,,12,D,,Y,Y,,G,N,F,A,1,0,1,0,21453.0,3,37.752838134765625,-122.38787841796876,3
2020,2020-10-11,1100,10,3,11,7,Y,A,N,A,H,A,A,01,,09,D,,,,,C,Y,F,D,1,0,0,0,21801.0,3,37.7463493347168,-122.45548248291016,4
2020,2020-10-11,1006,10,3,10,7,Y,A,N,A,H,A,A,07,,09,D,,,Y,,C,N,N,A,2,0,0,1,21802.0,2,37.77732849121094,-122.50276184082033,2
2020,2020-10-16,1933,10,3,19,5,Y,A,N,A,H,C,L,04,,17,D,,Y,,,G,N,N,A,1,0,1,0,21208.0,2,37.79439926147461,-122.39302825927734,3
2020,2020-10-16,1847,10,3,18,5,Y,A,N,A,H,B,L,04,,03,H,,Y,,,G,N,N,A,1,0,1,0,22350.0,2,37.77579116821289,-122.44647216796876,3
2020,2020-10-16,1705,10,3,17,5,Y,A,N,A,H,A,A,01,,09,D,,,,,C,Y,N,A,2,0,0,0,21802.0,2,37.7652702331543,-122.4419174194336,4
2020,2020-10-16,1658,10,3,16,5,Y,A,N,A,H,A,C,03,,12,D,,,Y,,C,N,N,A,1,0,0,1,21453.0,2,37.75683975219727,-122.40670013427734,2
2020,2020-10-16,1445,10,3,14,5,N,A,N,A,H,A,A,01,E,04,C,,,,,C,Y,N,A,4,0,0,0,21703.0,6,37.74831008911133,-122.4111328125,2
2020,2020-10-16,1345,10,3,13,5,Y,A,N,A,H,A,A,01,,09,D,,,,,C,Y,N,A,1,0,0,0,21802.0,2,37.75288009643555,-122.50756072998048,4
2020,2020-10-15,1728,10,3,17,4,Y,A,N,A,H,A,N,60,,11,G,Y,,,,B,N,N,A,1,1,0,0,21954.0,2,37.765640258789055,-122.4729232788086,3
2020,2020-10-14,1100,10,3,11,3,Y,A,N,A,H,A,L,04,,06,B,,Y,,,G,N,N,D,1,0,1,0,21750.0,2,37.7469596862793,-122.41058349609376,4
2020,2020-10-24,1459,10,3,14,6,N,A,N,A,H,A,L,04,N,03,H,,Y,,,-,N,N,D,1,0,1,0,22350.0,1,37.73480224609375,-122.44022369384766,3
2020,2020-10-24,1353,10,3,13,6,Y,A,N,A,H,A,L,04,,08,D,,Y,,,G,N,N,A,1,0,1,0,22107.0,2,,,4
2020,2020-10-24,1050,10,3,10,6,Y,A,N,A,H,A,A,01,,12,D,,,,,C,Y,N,A,1,0,0,0,21453.0,2,37.72370147705078,-122.43753814697266,4
2020,2020-10-23,2256,10,3,22,5,Y,A,N,A,H,C,C,02,,12,D,,,Y,,C,N,N,A,1,0,0,1,21453.0,2,37.771350860595696,-122.45395660400392,3
2020,2020-10-23,1906,10,3,19,5,Y,A,N,A,H,C,N,60,,11,G,Y,,,,B,N,N,A,1,1,0,0,21954.0,2,37.77281951904297,-122.4128189086914,2
2020,2020-10-23,1036,10,3,10,5,Y,A,N,A,H,A,-,- ,,00,D,,,,,C,Y,N,A,2,0,0,0,,2,37.716609954833984,-122.45610809326172,4
2020,2020-10-23,940,10,3,9,5,Y,A,N,A,H,A,A,07,,09,D,,,,,C,N,N,A,1,0,0,0,21801.0,2,37.711238861083984,-122.45581817626952,4
2020,2020-10-23,915,10,3,9,5,Y,A,N,A,H,A,-,- ,,06,B,,,,,C,N,N,D,1,0,0,0,21750.0,2,37.74515914916992,-122.41338348388672,4
2020,2020-10-22,2023,10,3,20,4,Y,A,N,A,H,C,A,01,,10,G,Y,,,,B,N,N,D,1,1,0,0,21950.0,2,37.7818603515625,-122.4880828857422,3
2020,2020-10-22,1800,10,3,18,4,Y,A,N,A,H,A,A,08,,09,D,,,,,C,Y,N,A,3,0,0,0,21801.0,2,37.74694061279297,-122.44483947753906,4
2020,2020-10-29,1620,10,3,16,4,N,A,N,A,H,A,A,01,N,09,D,,Y,,,G,N,N,A,1,0,1,0,21804.0,2,37.74636459350586,-122.4555435180664,3
2020,2020-10-29,1322,10,3,13,4,Y,A,N,A,H,A,A,01,,03,C,,,Y,,C,N,N,B,1,0,0,1,22350.0,2,37.7830810546875,-122.39363098144533,4
2020,2020-10-29,950,10,3,9,4,Y,A,N,A,H,A,A,07,,09,D,,,,,C,Y,N,A,1,0,0,0,21801.0,3,37.779258728027344,-122.44206237792967,4
2020,2020-10-22,1330,10,3,13,4,N,A,N,A,H,A,A,01,S,17,B,,,Y,,C,N,N,D,1,0,0,1,22109.0,2,37.770606994628906,-122.42469024658205,3
2020,2020-10-11,1728,10,3,17,7,Y,A,N,A,H,A,A,01,,09,F,,,,,C,Y,N,A,3,0,0,0,21802.0,3,37.78382873535156,-122.48607635498048,3
2020,2020-07-31,1729,7,2,17,5,Y,A,N,A,H,A,-,,,17,-,,,,,C,N,N,A,1,0,0,0,21235.0,2,37.77312088012695,-122.4155731201172,4
2020,2020-10-06,1700,10,3,17,2,Y,A,N,A,H,A,-,,,12,D,,,,,C,N,M,A,1,0,0,0,21453.0,2,37.78049087524414,-122.43212890625,4
2020,2020-10-13,1138,10,3,11,2,Y,A,N,A,H,A,A,01,,10,-,Y,,,,B,N,N,A,1,1,0,0,21950.0,2,37.71657943725586,-122.43116760253906,4
2020,2020-10-01,1340,10,3,13,4,Y,A,N,A,H,B,N,60,,11,-,Y,,,,B,,M,D,1,1,0,0,21955.0,2,37.78828811645508,-122.4084014892578,4
2020,2020-10-01,1457,10,3,14,4,N,A,N,A,H,A,N,60,E,11,G,Y,,,,B,,N,A,1,1,0,0,21453.0,2,37.779441833496094,-122.41382598876952,3
2020,2020-10-01,1945,10,3,19,4,Y,A,N,A,H,C,N,60,,11,G,Y,,,,B,N,N,D,1,1,0,0,21954.0,2,37.76536178588867,-122.47942352294922,4
2020,2020-10-02,214,10,3,2,5,Y,A,N,A,G,D,A,01,,03,F,,,,,A,Y,N,D,2,0,0,0,22350.0,1,,,3
2020,2020-10-02,1308,10,3,13,5,N,A,N,A,H,A,A,01,S,17,B,,Y,,,G,N,N,D,2,0,1,0,22517.0,2,37.78270721435546,-122.43426513671876,3
2020,2020-10-05,1903,10,3,19,1,Y,A,N,A,H,B,A,01,,12,D,,,,,C,Y,F,A,1,0,0,0,22450.0,3,37.72808837890625,-122.39055633544922,4
2020,2020-10-04,1243,10,3,12,7,N,B,N,A,H,A,N,60,W,11,G,Y,,,,B,N,N,D,1,1,0,0,21950.0,2,37.772319793701165,-122.48973083496094,4
2020,2020-10-04,823,10,3,8,7,Y,B,N,D,H,A,C,02,,03,-,,,Y,,J,Y,N,A,1,0,0,1,22350.0,1,37.71717834472656,-122.47271728515624,3
2020,2020-10-03,2147,10,3,21,6,Y,A,N,A,H,C,A,01,,09,D,,,,,C,N,N,A,1,0,0,0,21802.0,2,37.712310791015625,-122.45606994628906,4
2020,2020-10-03,2145,10,3,21,6,Y,A,N,A,H,C,N,60,,11,D,Y,,,,B,N,N,A,1,1,0,0,21453.0,2,37.78287124633789,-122.4208984375,2
2020,2020-10-03,2155,10,3,21,6,N,A,N,A,H,C,A,01,E,10,G,Y,,,,B,N,N,A,1,1,0,0,21950.0,2,37.79083633422852,-122.44747161865234,3
2020,2020-10-03,1606,10,3,16,6,Y,A,N,A,H,A,L,04,,12,D,,Y,,,G,N,N,A,1,0,1,0,22450.0,2,37.798538208007805,-122.4391632080078,3
2020,2020-10-03,1400,10,3,14,6,Y,A,N,A,H,A,A,01,,10,G,Y,,,,B,N,N,A,1,1,0,0,21950.0,2,37.78630065917969,-122.4316177368164,4
2020,2020-10-02,2301,10,3,23,5,N,A,N,A,H,C,N,60,N,11,D,Y,,,,B,N,F,A,1,1,0,0,21453.0,2,37.748802185058594,-122.42256927490234,2
2020,2020-10-06,1227,10,3,12,2,Y,A,N,A,H,A,A,01,,12,D,,,,,C,N,F,A,1,0,0,0,22450.0,2,37.77685928344727,-122.40464019775392,3
2020,2020-10-06,1238,10,3,12,2,-,A,N,A,G,A,L,04,,03,A,,Y,,,J,N,N,D,1,0,1,0,22350.0,1,37.78923034667969,-122.40860748291016,3
2020,2020-10-06,1104,10,3,11,2,Y,A,Y,A,H,A,A,07,,03,B,,,,,D,Y,N,A,4,0,0,0,22350.0,4,37.71732711791992,-122.47260284423828,3
2020,2020-10-11,1335,10,3,13,7,Y,A,N,A,H,A,A,01,,12,B,,,,,C,Y,N,A,2,0,0,0,21453.0,2,37.788471221923835,-122.42202758789062,4
2020,2020-10-11,1335,10,3,13,7,Y,A,N,A,H,A,C,02,,09,D,,,Y,,C,Y,N,A,1,0,0,1,21802.0,2,37.742141723632805,-122.42581176757812,4
2020,2020-10-05,1244,10,3,12,1,N,A,N,A,H,A,A,01,W,08,B,,,Y,,C,N,F,A,1,0,0,1,22107.0,2,37.78899765014648,-122.42550659179688,4
2020,2020-10-17,2213,10,3,22,6,Y,A,N,A,H,C,-,99,,10,G,Y,,,,B,N,F,A,1,1,0,0,21950.0,2,37.78020095825195,-122.42701721191406,3
2020,2020-10-17,2041,10,3,20,6,Y,A,N,A,H,C,A,01,,12,D,,,,,C,Y,N,A,1,0,0,0,21453.0,2,37.78335952758789,-122.43948364257812,4
2020,2020-10-18,1910,10,3,19,7,Y,A,N,A,H,E,-,- ,,00,G,,Y,,,G,N,N,D,1,0,1,0,,2,,,3
2020,2020-10-17,1245,10,3,12,6,Y,A,N,A,H,A,A,01,,12,D,,,,,C,Y,N,A,1,0,0,0,21453.0,2,37.761768341064446,-122.38877105712892,3
2020,2020-10-15,1350,10,3,13,4,N,A,N,A,H,A,A,01,S,10,G,Y,,,,B,N,F,A,1,1,0,0,21950.0,2,37.80035400390625,-122.44710540771484,4
2020,2020-10-15,535,10,3,5,4,Y,A,N,A,D,C,A,01,,12,D,,,,,C,Y,N,A,3,0,0,0,21453.0,2,37.78192901611328,-122.4207000732422,3
2020,2020-10-14,1643,10,3,16,3,Y,A,N,A,H,A,A,01,,03,C,,,,,C,N,N,A,3,0,0,0,22350.0,2,37.78504180908203,-122.4280014038086,4
2020,2020-10-20,1454,10,3,14,2,N,A,N,A,H,A,A,08,E,03,G,Y,,,,B,Y,N,D,2,2,0,0,22350.0,3,37.753711700439446,-122.48841857910156,4
2020,2020-10-20,1050,10,3,10,2,N,A,N,A,H,A,D,22,N,21,C,,,,,E,N,N,D,1,0,0,0,22106.0,2,37.77987289428711,-122.40728759765624,4
2020,2020-10-20,1132,10,3,11,2,N,A,N,A,H,A,A,01,E,10,G,Y,,,,B,N,N,A,1,1,0,0,21950.0,2,37.77281188964844,-122.4787826538086,3
2020,2020-10-20,545,10,3,5,2,Y,A,N,A,H,C,-,99,,10,G,Y,,,,B,N,F,D,1,1,0,0,21954.0,2,,,2
2020,2020-10-22,708,10,3,7,4,Y,A,N,A,H,A,A,01,,04,-,,,,,-,N,N,A,1,0,0,0,21703.0,2,37.78675079345703,-122.41314697265624,4
2020,2020-10-21,1821,10,3,18,3,Y,A,N,A,-,A,A,01,,12,D,,,,,C,Y,F,A,2,0,0,0,22450.0,3,37.729530334472656,-122.3864288330078,4
2020,2020-10-21,1644,10,3,16,3,Y,A,N,A,H,A,-,99,,12,G,Y,,,,B,N,F,A,1,1,0,0,22450.0,2,37.79825973510742,-122.41886138916016,3
2020,2020-10-21,1453,10,3,14,3,N,A,N,A,H,A,A,01,N,03,E,,,,,I,Y,N,A,1,0,0,0,22350.0,1,37.71271133422852,-122.44486236572266,4
2020,2020-10-02,1416,10,3,14,5,N,A,N,A,H,A,A,01,S,07,A,,,,,-,Y,N,D,1,0,0,0,21658.0,1,37.752540588378906,-122.38784790039062,4
2020,2020-10-02,2006,10,3,20,5,Y,A,N,A,H,C,L,04,,12,D,,Y,,,G,N,N,A,1,0,1,0,21453.0,2,37.77975082397461,-122.40714263916016,4
2020,2020-10-02,1916,10,3,19,5,Y,A,N,A,-,C,A,01,,03,C,,,,,C,N,N,A,1,0,0,0,22350.0,3,37.78097915649414,-122.40869140625,4
2020,2020-10-03,107,10,3,1,6,N,A,N,A,H,C,-,99,W,21,G,Y,,,,B,N,F,D,1,1,0,0,22106.0,2,37.783885955810554,-122.408203125,4